999
DXF data, created by potrace 1.16, written by Peter Selinger 2001-2019
  0
SECTION
  2
HEADER
  9
$ACADVER
  1
AC1006
  9
$EXTMIN
 10
0.000000
 20
0.000000
 30
0.000000
  9
$EXTMAX
 10
353.000000
 20
448.000000
 30
0.000000
  0
ENDSEC
  0
SECTION
  2
ENTITIES
  0
POLYLINE
  8
0
 66
1
 70
1
  0
VERTEX
  8
0
 10
0.000000
 20
224.000000
 42
0.000000
  0
VERTEX
  8
0
 10
0.000000
 20
0.000000
 42
0.000000
  0
VERTEX
  8
0
 10
176.500000
 20
0.000000
 42
0.000000
  0
VERTEX
  8
0
 10
353.000000
 20
0.000000
 42
0.000000
  0
VERTEX
  8
0
 10
353.000000
 20
224.000000
 42
0.000000
  0
VERTEX
  8
0
 10
353.000000
 20
448.000000
 42
0.000000
  0
VERTEX
  8
0
 10
176.500000
 20
448.000000
 42
0.000000
  0
VERTEX
  8
0
 10
0.000000
 20
448.000000
 42
0.000000
  0
SEQEND
  0
POLYLINE
  8
0
 66
1
 70
1
  0
VERTEX
  8
0
 10
343.250000
 20
439.337719
 42
-0.057986
  0
VERTEX
  8
0
 10
342.679992
 20
439.181385
 42
-0.037979
  0
VERTEX
  8
0
 10
342.000000
 20
439.129660
 42
-0.037979
  0
VERTEX
  8
0
 10
341.320008
 20
439.181385
 42
-0.057986
  0
VERTEX
  8
0
 10
340.750000
 20
439.337719
 42
-0.174857
  0
VERTEX
  8
0
 10
340.540618
 20
439.525001
 42
-0.447206
  0
VERTEX
  8
0
 10
340.601562
 20
439.693942
 42
-0.078554
  0
VERTEX
  8
0
 10
341.108560
 20
439.810911
 42
-0.017491
  0
VERTEX
  8
0
 10
342.000000
 20
439.842105
 42
-0.017491
  0
VERTEX
  8
0
 10
342.891440
 20
439.810911
 42
-0.078554
  0
VERTEX
  8
0
 10
343.398438
 20
439.693942
 42
-0.447206
  0
VERTEX
  8
0
 10
343.459382
 20
439.525001
 42
-0.174857
  0
SEQEND
  0
POLYLINE
  8
0
 66
1
 70
1
  0
VERTEX
  8
0
 10
9.881387
 20
438.335977
 42
0.086937
  0
VERTEX
  8
0
 10
9.184421
 20
438.012730
 42
0.042177
  0
VERTEX
  8
0
 10
8.425777
 20
437.384032
 42
0.040140
  0
VERTEX
  8
0
 10
7.725648
 20
436.576452
 42
0.046034
  0
VERTEX
  8
0
 10
7.199067
 20
435.701979
 42
-0.002896
  0
VERTEX
  8
0
 10
6.464350
 20
434.203263
 42
-0.256599
  0
VERTEX
  8
0
 10
6.266969
 20
434.066235
 42
-0.429873
  0
VERTEX
  8
0
 10
6.126234
 20
434.186590
 42
-0.004711
  0
VERTEX
  8
0
 10
6.067680
 20
435.583333
 42
-0.053055
  0
VERTEX
  8
0
 10
6.191383
 20
437.262515
 42
-0.154491
  0
VERTEX
  8
0
 10
6.728357
 20
438.278749
 42
-0.155641
  0
VERTEX
  8
0
 10
7.749245
 20
438.796462
 42
-0.054089
  0
VERTEX
  8
0
 10
9.416667
 20
438.883999
 42
-0.007499
  0
VERTEX
  8
0
 10
10.406867
 20
438.813954
 42
-0.197990
  0
VERTEX
  8
0
 10
10.638375
 20
438.694444
 42
-0.530757
  0
VERTEX
  8
0
 10
10.598321
 20
438.551152
 42
-0.015377
  0
SEQEND
  0
POLYLINE
  8
0
 66
1
 70
1
  0
VERTEX
  8
0
 10
31.250000
 20
438.262758
 42
-0.010990
  0
VERTEX
  8
0
 10
28.859905
 20
438.148271
 42
-0.006471
  0
VERTEX
  8
0
 10
26.000000
 20
438.111256
 42
-0.006471
  0
VERTEX
  8
0
 10
23.140095
 20
438.148271
 42
-0.010990
  0
VERTEX
  8
0
 10
20.750000
 20
438.262758
 42
-0.067956
  0
VERTEX
  8
0
 10
20.109382
 20
438.396322
 42
-0.813012
  0
VERTEX
  8
0
 10
20.126562
 20
438.522148
 42
-0.014551
  0
VERTEX
  8
0
 10
22.235377
 20
438.608117
 42
-0.002911
  0
VERTEX
  8
0
 10
26.000000
 20
438.630035
 42
-0.002911
  0
VERTEX
  8
0
 10
29.764623
 20
438.608117
 42
-0.014551
  0
VERTEX
  8
0
 10
31.873438
 20
438.522148
 42
-0.813012
  0
VERTEX
  8
0
 10
31.890618
 20
438.396322
 42
-0.067956
  0
SEQEND
  0
POLYLINE
  8
0
 66
1
 70
1
  0
VERTEX
  8
0
 10
92.269032
 20
437.344063
 42
-0.062780
  0
VERTEX
  8
0
 10
91.671085
 20
437.185595
 42
-0.030339
  0
VERTEX
  8
0
 10
90.880008
 20
437.127736
 42
-0.029507
  0
VERTEX
  8
0
 10
90.036634
 20
437.167106
 42
-0.037336
  0
VERTEX
  8
0
 10
89.269032
 20
437.307009
 42
-0.087174
  0
VERTEX
  8
0
 10
88.883358
 20
437.483340
 42
-0.597527
  0
VERTEX
  8
0
 10
88.900903
 20
437.643467
 42
-0.080377
  0
VERTEX
  8
0
 10
89.431793
 20
437.764444
 42
-0.012823
  0
VERTEX
  8
0
 10
90.500000
 20
437.805051
 42
-0.014395
  0
VERTEX
  8
0
 10
91.580113
 20
437.787295
 42
-0.052471
  0
VERTEX
  8
0
 10
92.257153
 20
437.684921
 42
-0.333666
  0
VERTEX
  8
0
 10
92.386009
 20
437.522870
 42
-0.313180
  0
SEQEND
  0
POLYLINE
  8
0
 66
1
 70
1
  0
VERTEX
  8
0
 10
98.729167
 20
437.395833
 42
-0.126455
  0
VERTEX
  8
0
 10
98.402231
 20
437.202593
 42
-0.060344
  0
VERTEX
  8
0
 10
97.916927
 20
437.123424
 42
-0.054150
  0
VERTEX
  8
0
 10
97.359369
 20
437.160852
 42
-0.051402
  0
VERTEX
  8
0
 10
96.812500
 20
437.316886
 42
-0.054073
  0
VERTEX
  8
0
 10
96.395823
 20
437.538436
 42
-0.470617
  0
VERTEX
  8
0
 10
96.378580
 20
437.720685
 42
-0.168741
  0
VERTEX
  8
0
 10
96.670344
 20
437.862007
 42
-0.018894
  0
VERTEX
  8
0
 10
97.416667
 20
437.921053
 42
-0.028489
  0
VERTEX
  8
0
 10
98.112848
 20
437.910055
 42
-0.077125
  0
VERTEX
  8
0
 10
98.592839
 20
437.799335
 42
-0.208169
  0
VERTEX
  8
0
 10
98.775380
 20
437.614691
 42
-0.296942
  0
SEQEND
  0
POLYLINE
  8
0
 66
1
 70
1
  0
VERTEX
  8
0
 10
112.000000
 20
437.223574
 42
-0.349806
  0
VERTEX
  8
0
 10
111.775764
 20
436.942278
 42
-0.031602
  0
VERTEX
  8
0
 10
110.825000
 20
436.787278
 42
-0.030261
  0
VERTEX
  8
0
 10
109.533536
 20
436.738284
 42
-0.018125
  0
VERTEX
  8
0
 10
108.000000
 20
436.828610
 42
-0.009175
  0
VERTEX
  8
0
 10
106.466467
 20
437.003303
 42
-0.014988
  0
VERTEX
  8
0
 10
105.175000
 20
437.214038
 42
-0.008689
  0
VERTEX
  8
0
 10
104.135635
 20
437.434592
 42
-0.349332
  0
VERTEX
  8
0
 10
104.000000
 20
437.605035
 42
-0.375272
  0
VERTEX
  8
0
 10
104.137529
 20
437.762469
 42
-0.009085
  0
VERTEX
  8
0
 10
105.175000
 20
437.883979
 42
-0.015344
  0
VERTEX
  8
0
 10
106.466336
 20
437.971584
 42
-0.009263
  0
VERTEX
  8
0
 10
108.000000
 20
438.000000
 42
-0.018271
  0
VERTEX
  8
0
 10
109.533275
 20
437.943954
 42
-0.029671
  0
VERTEX
  8
0
 10
110.825000
 20
437.771925
 42
-0.029992
  0
VERTEX
  8
0
 10
111.779308
 20
437.526532
 42
-0.325612
  0
SEQEND
  0
POLYLINE
  8
0
 66
1
 70
1
  0
VERTEX
  8
0
 10
119.250000
 20
437.337719
 42
-0.057986
  0
VERTEX
  8
0
 10
118.679992
 20
437.181385
 42
-0.037979
  0
VERTEX
  8
0
 10
118.000000
 20
437.129660
 42
-0.037979
  0
VERTEX
  8
0
 10
117.320008
 20
437.181385
 42
-0.057986
  0
VERTEX
  8
0
 10
116.750000
 20
437.337719
 42
-0.174857
  0
VERTEX
  8
0
 10
116.540618
 20
437.525001
 42
-0.447206
  0
VERTEX
  8
0
 10
116.601562
 20
437.693942
 42
-0.078554
  0
VERTEX
  8
0
 10
117.108560
 20
437.810911
 42
-0.017491
  0
VERTEX
  8
0
 10
118.000000
 20
437.842105
 42
-0.017491
  0
VERTEX
  8
0
 10
118.891440
 20
437.810911
 42
-0.078554
  0
VERTEX
  8
0
 10
119.398438
 20
437.693942
 42
-0.447206
  0
VERTEX
  8
0
 10
119.459382
 20
437.525001
 42
-0.174857
  0
SEQEND
  0
POLYLINE
  8
0
 66
1
 70
1
  0
VERTEX
  8
0
 10
192.750000
 20
437.310674
 42
-0.039571
  0
VERTEX
  8
0
 10
191.952734
 20
437.168469
 42
-0.024357
  0
VERTEX
  8
0
 10
191.000000
 20
437.122029
 42
-0.024357
  0
VERTEX
  8
0
 10
190.047266
 20
437.168469
 42
-0.039571
  0
VERTEX
  8
0
 10
189.250000
 20
437.310674
 42
-0.161593
  0
VERTEX
  8
0
 10
188.990860
 20
437.478988
 42
-0.542911
  0
VERTEX
  8
0
 10
189.042187
 20
437.633659
 42
-0.052887
  0
VERTEX
  8
0
 10
189.748017
 20
437.740287
 42
-0.011065
  0
VERTEX
  8
0
 10
191.000000
 20
437.767997
 42
-0.011065
  0
VERTEX
  8
0
 10
192.251983
 20
437.740287
 42
-0.052887
  0
VERTEX
  8
0
 10
192.957813
 20
437.633659
 42
-0.542911
  0
VERTEX
  8
0
 10
193.009140
 20
437.478988
 42
-0.161593
  0
SEQEND
  0
POLYLINE
  8
0
 66
1
 70
1
  0
VERTEX
  8
0
 10
175.819551
 20
431.250000
 42
-0.095511
  0
VERTEX
  8
0
 10
175.746963
 20
429.780751
 42
-0.264637
  0
VERTEX
  8
0
 10
175.061408
 20
429.055432
 42
-0.281495
  0
VERTEX
  8
0
 10
174.129836
 20
429.295911
 42
-0.101085
  0
VERTEX
  8
0
 10
173.361626
 20
430.500000
 42
0.077126
  0
VERTEX
  8
0
 10
173.033038
 20
431.073420
 42
0.064983
  0
VERTEX
  8
0
 10
172.528573
 20
431.559375
 42
0.066775
  0
VERTEX
  8
0
 10
171.932106
 20
431.888001
 42
0.092821
  0
VERTEX
  8
0
 10
171.333994
 20
432.000000
 42
-0.077364
  0
VERTEX
  8
0
 10
170.827529
 20
432.078836
 42
-0.154966
  0
VERTEX
  8
0
 10
170.500429
 20
432.310548
 42
-0.185898
  0
VERTEX
  8
0
 10
170.401635
 20
432.654917
 42
-0.116867
  0
VERTEX
  8
0
 10
170.535343
 20
433.057186
 42
-0.210392
  0
VERTEX
  8
0
 10
171.741727
 20
433.886931
 42
-0.130046
  0
VERTEX
  8
0
 10
173.486988
 20
433.763007
 42
-0.117300
  0
VERTEX
  8
0
 10
175.075800
 20
432.760113
 42
-0.159616
  0
SEQEND
  0
POLYLINE
  8
0
 66
1
 70
1
  0
VERTEX
  8
0
 10
7.487246
 20
428.179421
 42
0.145394
  0
VERTEX
  8
0
 10
7.729764
 20
427.385195
 42
0.128831
  0
VERTEX
  8
0
 10
8.376100
 20
426.807451
 42
0.075226
  0
VERTEX
  8
0
 10
9.539026
 20
426.418190
 42
0.022775
  0
VERTEX
  8
0
 10
11.390149
 20
426.181280
 42
-0.028591
  0
VERTEX
  8
0
 10
12.979160
 20
425.959112
 42
-0.028351
  0
VERTEX
  8
0
 10
14.537023
 20
425.556727
 42
-0.029561
  0
VERTEX
  8
0
 10
15.854056
 20
425.048076
 42
-0.089672
  0
VERTEX
  8
0
 10
16.640149
 20
424.502708
 42
-0.140465
  0
VERTEX
  8
0
 10
17.776761
 20
422.452930
 42
-0.084597
  0
VERTEX
  8
0
 10
17.940178
 20
419.657849
 42
-0.077038
  0
VERTEX
  8
0
 10
17.142270
 20
416.707949
 42
-0.082620
  0
VERTEX
  8
0
 10
15.500000
 20
414.216574
 42
0.044423
  0
VERTEX
  8
0
 10
14.216540
 20
412.559029
 42
0.071038
  0
VERTEX
  8
0
 10
13.474268
 20
410.933066
 42
0.054757
  0
VERTEX
  8
0
 10
13.106495
 20
408.877170
 42
0.016904
  0
VERTEX
  8
0
 10
13.000000
 20
405.728100
 42
-0.022040
  0
VERTEX
  8
0
 10
12.890647
 20
403.248507
 42
-0.017492
  0
VERTEX
  8
0
 10
12.561325
 20
400.587365
 42
-0.017825
  0
VERTEX
  8
0
 10
12.080716
 20
398.137958
 42
-0.041619
  0
VERTEX
  8
0
 10
11.506639
 20
396.361647
 42
0.020188
  0
VERTEX
  8
0
 10
10.974691
 20
394.928482
 42
0.026362
  0
VERTEX
  8
0
 10
10.612135
 20
393.578249
 42
0.025783
  0
VERTEX
  8
0
 10
10.433303
 20
392.456276
 42
0.166534
  0
VERTEX
  8
0
 10
10.558577
 20
391.905220
 42
-0.159561
  0
VERTEX
  8
0
 10
10.626094
 20
391.625840
 42
-0.313156
  0
VERTEX
  8
0
 10
10.487812
 20
391.457026
 42
-0.126230
  0
VERTEX
  8
0
 10
10.114445
 20
391.447166
 42
-0.035434
  0
VERTEX
  8
0
 10
9.551938
 20
391.618443
 42
0.472914
  0
VERTEX
  8
0
 10
8.659774
 20
391.111075
 42
0.027346
  0
VERTEX
  8
0
 10
8.245990
 20
387.545891
 42
0.013118
  0
VERTEX
  8
0
 10
8.010734
 20
380.755395
 42
0.001378
  0
VERTEX
  8
0
 10
7.921053
 20
364.856989
 42
-0.001207
  0
VERTEX
  8
0
 10
7.865807
 20
354.434431
 42
-0.002131
  0
VERTEX
  8
0
 10
7.762741
 20
345.829865
 42
-0.000550
  0
VERTEX
  8
0
 10
7.636019
 20
338.522897
 42
-0.836857
  0
VERTEX
  8
0
 10
7.492981
 20
338.500000
 42
-0.082373
  0
VERTEX
  8
0
 10
7.037322
 20
341.130493
 42
-0.000152
  0
VERTEX
  8
0
 10
6.734698
 20
385.357702
 42
-0.000070
  0
VERTEX
  8
0
 10
6.447381
 20
430.255912
 42
-0.670444
  0
VERTEX
  8
0
 10
6.891733
 20
430.441600
 42
-0.099238
  0
VERTEX
  8
0
 10
7.117019
 20
430.103354
 42
-0.033095
  0
VERTEX
  8
0
 10
7.307053
 20
429.536697
 42
-0.031429
  0
VERTEX
  8
0
 10
7.439402
 20
428.865093
 42
-0.031045
  0
SEQEND
  0
POLYLINE
  8
0
 66
1
 70
1
  0
VERTEX
  8
0
 10
344.744131
 20
407.295706
 42
-0.034402
  0
VERTEX
  8
0
 10
344.618950
 20
406.188420
 42
-0.891547
  0
VERTEX
  8
0
 10
344.502098
 20
406.196239
 42
-0.010022
  0
VERTEX
  8
0
 10
344.420962
 20
409.125063
 42
-0.001870
  0
VERTEX
  8
0
 10
344.399941
 20
414.500000
 42
-0.001930
  0
VERTEX
  8
0
 10
344.419805
 20
419.883691
 42
-0.009062
  0
VERTEX
  8
0
 10
344.499248
 20
422.977489
 42
-0.839550
  0
VERTEX
  8
0
 10
344.617597
 20
422.992986
 42
-0.064206
  0
VERTEX
  8
0
 10
344.741584
 20
422.295706
 42
-0.007659
  0
VERTEX
  8
0
 10
344.849264
 20
418.975569
 42
-0.004233
  0
VERTEX
  8
0
 10
344.884311
 20
414.917685
 42
-0.004220
  0
VERTEX
  8
0
 10
344.850288
 20
410.803620
 42
-0.006772
  0
SEQEND
  0
POLYLINE
  8
0
 66
1
 70
1
  0
VERTEX
  8
0
 10
182.885484
 20
405.931139
 42
-0.019949
  0
VERTEX
  8
0
 10
184.878014
 20
405.419914
 42
-0.022482
  0
VERTEX
  8
0
 10
186.744023
 20
404.768218
 42
-0.022466
  0
VERTEX
  8
0
 10
188.266152
 20
404.077704
 42
-0.102169
  0
VERTEX
  8
0
 10
189.022232
 20
403.473212
 42
-0.187697
  0
VERTEX
  8
0
 10
189.392171
 20
402.363012
 42
-0.162603
  0
VERTEX
  8
0
 10
188.943792
 20
401.213179
 42
-0.038111
  0
VERTEX
  8
0
 10
187.205973
 20
399.422371
 42
-0.002196
  0
VERTEX
  8
0
 10
181.447261
 20
394.373252
 42
0.017958
  0
VERTEX
  8
0
 10
180.176164
 20
393.185878
 42
0.022569
  0
VERTEX
  8
0
 10
179.091519
 20
391.994166
 42
0.021522
  0
VERTEX
  8
0
 10
178.288139
 20
390.937877
 42
0.137878
  0
VERTEX
  8
0
 10
178.070513
 20
390.309017
 42
-0.130716
  0
VERTEX
  8
0
 10
177.691383
 20
389.161475
 42
-0.170794
  0
VERTEX
  8
0
 10
176.820079
 20
388.494391
 42
-0.133293
  0
VERTEX
  8
0
 10
175.536735
 20
388.430074
 42
-0.069222
  0
VERTEX
  8
0
 10
174.020667
 20
388.988940
 42
0.021775
  0
VERTEX
  8
0
 10
172.975466
 20
389.491066
 42
0.147459
  0
VERTEX
  8
0
 10
172.411731
 20
389.554186
 42
0.277160
  0
VERTEX
  8
0
 10
172.103042
 20
389.282323
 42
0.077152
  0
VERTEX
  8
0
 10
172.000000
 20
388.618517
 42
0.078246
  0
VERTEX
  8
0
 10
172.093362
 20
388.025583
 42
0.063984
  0
VERTEX
  8
0
 10
172.367188
 20
387.444157
 42
0.065224
  0
VERTEX
  8
0
 10
172.772073
 20
386.961701
 42
0.089454
  0
VERTEX
  8
0
 10
173.250000
 20
386.659464
 42
-0.055753
  0
VERTEX
  8
0
 10
173.798801
 20
386.361891
 42
-0.271526
  0
VERTEX
  8
0
 10
173.941134
 20
386.053403
 42
-0.189216
  0
VERTEX
  8
0
 10
173.755844
 20
385.690430
 42
-0.028741
  0
VERTEX
  8
0
 10
173.104283
 20
385.177056
 42
0.091163
  0
VERTEX
  8
0
 10
172.617302
 20
384.683912
 42
0.075842
  0
VERTEX
  8
0
 10
172.299018
 20
384.018045
 42
0.075665
  0
VERTEX
  8
0
 10
172.193276
 20
383.286005
 42
0.089947
  0
VERTEX
  8
0
 10
172.322898
 20
382.600925
 42
-0.045006
  0
VERTEX
  8
0
 10
172.666892
 20
381.388489
 42
-0.553673
  0
VERTEX
  8
0
 10
172.377479
 20
381.121035
 42
-0.113454
  0
VERTEX
  8
0
 10
171.560032
 20
381.558390
 42
-0.007549
  0
VERTEX
  8
0
 10
169.567786
 20
383.349598
 42
-0.023274
  0
VERTEX
  8
0
 10
168.639678
 20
384.293713
 42
-0.037704
  0
VERTEX
  8
0
 10
167.954328
 20
385.186068
 42
-0.044309
  0
VERTEX
  8
0
 10
167.561436
 20
385.920885
 42
-0.306009
  0
VERTEX
  8
0
 10
167.635312
 20
386.301978
 42
0.352155
  0
VERTEX
  8
0
 10
167.729512
 20
387.169094
 42
0.065977
  0
VERTEX
  8
0
 10
166.623540
 20
388.480190
 42
0.058477
  0
VERTEX
  8
0
 10
165.024414
 20
389.625388
 42
0.126837
  0
VERTEX
  8
0
 10
163.571429
 20
390.000000
 42
-0.052743
  0
VERTEX
  8
0
 10
162.970208
 20
390.063597
 42
-0.072582
  0
VERTEX
  8
0
 10
162.461607
 20
390.252535
 42
-0.092470
  0
VERTEX
  8
0
 10
162.120013
 20
390.531611
 42
-0.177162
  0
VERTEX
  8
0
 10
162.000000
 20
390.859692
 42
-0.333455
  0
VERTEX
  8
0
 10
162.238073
 20
391.176978
 42
-0.035951
  0
VERTEX
  8
0
 10
163.192574
 20
391.381906
 42
-0.032829
  0
VERTEX
  8
0
 10
164.503508
 20
391.479066
 42
-0.019866
  0
VERTEX
  8
0
 10
166.059827
 20
391.430212
 42
0.038625
  0
VERTEX
  8
0
 10
169.094583
 20
391.448736
 42
0.447437
  0
VERTEX
  8
0
 10
169.730302
 20
392.291894
 42
0.248966
  0
VERTEX
  8
0
 10
168.788538
 20
393.448398
 42
0.026591
  0
VERTEX
  8
0
 10
165.419850
 20
394.663597
 42
-0.007127
  0
VERTEX
  8
0
 10
162.700610
 20
395.526523
 42
-0.481517
  0
VERTEX
  8
0
 10
162.554265
 20
395.925269
 42
-0.273921
  0
VERTEX
  8
0
 10
163.079353
 20
396.205558
 42
-0.005358
  0
VERTEX
  8
0
 10
166.250000
 20
396.030596
 42
0.022410
  0
VERTEX
  8
0
 10
168.339674
 20
395.986645
 42
0.353095
  0
VERTEX
  8
0
 10
168.847091
 20
396.416334
 42
0.243368
  0
VERTEX
  8
0
 10
168.620839
 20
397.179638
 42
0.013790
  0
VERTEX
  8
0
 10
166.811439
 20
398.961045
 42
0.135400
  0
VERTEX
  8
0
 10
163.989364
 20
400.433335
 42
0.043985
  0
VERTEX
  8
0
 10
159.278359
 20
401.019477
 42
0.041750
  0
VERTEX
  8
0
 10
153.887573
 20
400.762788
 42
0.045803
  0
VERTEX
  8
0
 10
148.784947
 20
399.607947
 42
-0.024357
  0
VERTEX
  8
0
 10
144.472035
 20
398.435598
 42
-0.026827
  0
VERTEX
  8
0
 10
140.201985
 20
397.733064
 42
-0.022118
  0
VERTEX
  8
0
 10
136.593616
 20
397.497481
 42
-0.265537
  0
VERTEX
  8
0
 10
135.414101
 20
398.138987
 42
-0.141109
  0
VERTEX
  8
0
 10
135.281312
 20
398.612871
 42
-0.064792
  0
VERTEX
  8
0
 10
135.369418
 20
399.254024
 42
-0.056621
  0
VERTEX
  8
0
 10
135.647785
 20
399.952818
 42
-0.050171
  0
VERTEX
  8
0
 10
136.085276
 20
400.602751
 42
-0.094632
  0
VERTEX
  8
0
 10
136.912677
 20
401.284759
 42
-0.088478
  0
VERTEX
  8
0
 10
137.952792
 20
401.634264
 42
-0.060278
  0
VERTEX
  8
0
 10
139.372272
 20
401.672974
 42
-0.020479
  0
VERTEX
  8
0
 10
141.421365
 20
401.396533
 42
0.017404
  0
VERTEX
  8
0
 10
145.141489
 20
400.871346
 42
0.061426
  0
VERTEX
  8
0
 10
147.550885
 20
400.912923
 42
0.062884
  0
VERTEX
  8
0
 10
149.848705
 20
401.537880
 42
0.018837
  0
VERTEX
  8
0
 10
153.154836
 20
403.049456
 42
-0.039046
  0
VERTEX
  8
0
 10
155.684537
 20
404.084713
 42
-0.025718
  0
VERTEX
  8
0
 10
158.725423
 20
404.890304
 42
-0.021158
  0
VERTEX
  8
0
 10
162.427792
 20
405.507697
 42
-0.011628
  0
VERTEX
  8
0
 10
167.000000
 20
405.964936
 42
0.000977
  0
VERTEX
  8
0
 10
170.691266
 20
406.254825
 42
0.001462
  0
VERTEX
  8
0
 10
173.915229
 20
406.523845
 42
0.000599
  0
VERTEX
  8
0
 10
176.677175
 20
406.765778
 42
0.031892
  0
VERTEX
  8
0
 10
177.200779
 20
406.846163
 42
-0.089222
  0
VERTEX
  8
0
 10
177.677944
 20
406.864362
 42
-0.004936
  0
VERTEX
  8
0
 10
179.159732
 20
406.640833
 42
-0.007506
  0
VERTEX
  8
0
 10
180.925271
 20
406.329389
 42
-0.005411
  0
SEQEND
  0
POLYLINE
  8
0
 66
1
 70
1
  0
VERTEX
  8
0
 10
215.854167
 20
386.438272
 42
-0.159059
  0
VERTEX
  8
0
 10
215.965444
 20
386.248839
 42
-0.053963
  0
VERTEX
  8
0
 10
216.000260
 20
385.927181
 42
-0.047151
  0
VERTEX
  8
0
 10
215.963573
 20
385.539000
 42
-0.039058
  0
VERTEX
  8
0
 10
215.854167
 20
385.138303
 42
-0.323955
  0
VERTEX
  8
0
 10
215.530091
 20
384.916779
 42
-0.083168
  0
VERTEX
  8
0
 10
214.869661
 20
385.045795
 42
-0.053414
  0
VERTEX
  8
0
 10
213.984172
 20
385.490705
 42
-0.029070
  0
VERTEX
  8
0
 10
213.000000
 20
386.208958
 42
0.000000
  0
VERTEX
  8
0
 10
210.500000
 20
388.266311
 42
0.000000
  0
VERTEX
  8
0
 10
213.000000
 20
387.508928
 42
-0.006971
  0
VERTEX
  8
0
 10
213.983337
 20
387.195989
 42
-0.009207
  0
VERTEX
  8
0
 10
214.869661
 20
386.882002
 42
-0.007012
  0
VERTEX
  8
0
 10
215.598967
 20
386.596696
 42
-0.084521
  0
SEQEND
  0
POLYLINE
  8
0
 66
1
 70
1
  0
VERTEX
  8
0
 10
165.923275
 20
383.411106
 42
-0.020876
  0
VERTEX
  8
0
 10
167.099070
 20
382.334796
 42
-0.026399
  0
VERTEX
  8
0
 10
168.087279
 20
381.241625
 42
-0.026158
  0
VERTEX
  8
0
 10
168.798420
 20
380.266118
 42
-0.152107
  0
VERTEX
  8
0
 10
168.969591
 20
379.661106
 42
-0.177519
  0
VERTEX
  8
0
 10
168.862385
 20
379.390784
 42
-0.351803
  0
VERTEX
  8
0
 10
168.648701
 20
379.355137
 42
-0.106046
  0
VERTEX
  8
0
 10
168.315730
 20
379.648689
 42
-0.027387
  0
VERTEX
  8
0
 10
167.919901
 20
380.250000
 42
0.051919
  0
VERTEX
  8
0
 10
167.430646
 20
380.919396
 42
0.049439
  0
VERTEX
  8
0
 10
166.806548
 20
381.485937
 42
0.053303
  0
VERTEX
  8
0
 10
166.148259
 20
381.873227
 42
0.106724
  0
VERTEX
  8
0
 10
165.561094
 20
382.000000
 42
-0.095223
  0
VERTEX
  8
0
 10
164.889066
 20
382.129157
 42
-0.027203
  0
VERTEX
  8
0
 10
163.921573
 20
382.577727
 42
-0.026330
  0
VERTEX
  8
0
 10
162.862964
 20
383.213987
 42
-0.025196
  0
VERTEX
  8
0
 10
161.860784
 20
383.966731
 42
-0.011100
  0
VERTEX
  8
0
 10
160.650452
 20
385.021418
 42
-0.125835
  0
VERTEX
  8
0
 10
160.304409
 20
385.547921
 42
-0.422729
  0
VERTEX
  8
0
 10
160.457654
 20
385.850511
 42
-0.070676
  0
VERTEX
  8
0
 10
161.173275
 20
385.966731
 42
-0.101241
  0
VERTEX
  8
0
 10
162.019782
 20
385.811018
 42
-0.027481
  0
VERTEX
  8
0
 10
163.258813
 20
385.229740
 42
-0.026630
  0
VERTEX
  8
0
 10
164.622513
 20
384.399545
 42
-0.024857
  0
SEQEND
  0
POLYLINE
  8
0
 66
1
 70
1
  0
VERTEX
  8
0
 10
215.500000
 20
382.931848
 42
-0.083922
  0
VERTEX
  8
0
 10
218.324248
 20
381.206387
 42
-0.015160
  0
VERTEX
  8
0
 10
222.858343
 20
377.014523
 42
-0.012250
  0
VERTEX
  8
0
 10
226.967274
 20
372.775207
 42
-0.653768
  0
VERTEX
  8
0
 10
226.627801
 20
372.000000
 42
-0.077321
  0
VERTEX
  8
0
 10
225.983875
 20
372.100176
 42
-0.054581
  0
VERTEX
  8
0
 10
225.313445
 20
372.397742
 42
-0.054267
  0
VERTEX
  8
0
 10
224.718840
 20
372.836034
 42
-0.073553
  0
VERTEX
  8
0
 10
224.299690
 20
373.354015
 42
0.092668
  0
VERTEX
  8
0
 10
223.356454
 20
374.433170
 42
0.028341
  0
VERTEX
  8
0
 10
221.574185
 20
375.681564
 42
0.027563
  0
VERTEX
  8
0
 10
219.683469
 20
376.712629
 42
0.111493
  0
VERTEX
  8
0
 10
218.410754
 20
377.000000
 42
0.470640
  0
VERTEX
  8
0
 10
218.279805
 20
376.841670
 42
0.077646
  0
VERTEX
  8
0
 10
218.433419
 20
376.412500
 42
0.040547
  0
VERTEX
  8
0
 10
218.855259
 20
375.768290
 42
0.018692
  0
VERTEX
  8
0
 10
219.500000
 20
375.000000
 42
-0.013102
  0
VERTEX
  8
0
 10
220.418253
 20
373.930298
 42
-0.130014
  0
VERTEX
  8
0
 10
220.659884
 20
373.395811
 42
-0.372161
  0
VERTEX
  8
0
 10
220.480803
 20
373.101451
 42
-0.078079
  0
VERTEX
  8
0
 10
219.835096
 20
373.000000
 42
-0.157062
  0
VERTEX
  8
0
 10
217.900389
 20
373.623107
 42
-0.032265
  0
VERTEX
  8
0
 10
215.092831
 20
375.929279
 42
-0.031523
  0
VERTEX
  8
0
 10
212.760171
 20
378.405269
 42
-0.455537
  0
VERTEX
  8
0
 10
212.932631
 20
379.458364
 42
0.109389
  0
VERTEX
  8
0
 10
213.823059
 20
380.324355
 42
0.295472
  0
VERTEX
  8
0
 10
213.828789
 20
381.166671
 42
0.159440
  0
VERTEX
  8
0
 10
212.905686
 20
381.923566
 42
0.038610
  0
VERTEX
  8
0
 10
210.991274
 20
382.501917
 42
-0.033097
  0
VERTEX
  8
0
 10
209.880220
 20
382.824262
 42
-0.060624
  0
VERTEX
  8
0
 10
209.040520
 20
383.250422
 42
-0.096610
  0
VERTEX
  8
0
 10
208.584029
 20
383.705058
 42
-0.295253
  0
VERTEX
  8
0
 10
208.575431
 20
384.122049
 42
-0.230356
  0
VERTEX
  8
0
 10
209.286034
 20
384.571938
 42
-0.070570
  0
VERTEX
  8
0
 10
210.591694
 20
384.533656
 42
-0.040727
  0
VERTEX
  8
0
 10
212.566768
 20
384.025912
 42
-0.011985
  0
SEQEND
  0
POLYLINE
  8
0
 66
1
 70
1
  0
VERTEX
  8
0
 10
180.549667
 20
379.413054
 42
0.009784
  0
VERTEX
  8
0
 10
180.179241
 20
377.200444
 42
0.158418
  0
VERTEX
  8
0
 10
180.303833
 20
376.465441
 42
0.322246
  0
VERTEX
  8
0
 10
180.794371
 20
376.219233
 42
0.037275
  0
VERTEX
  8
0
 10
182.063605
 20
376.520187
 42
-0.020784
  0
VERTEX
  8
0
 10
183.026968
 20
376.782424
 42
-0.123744
  0
VERTEX
  8
0
 10
183.543953
 20
376.771034
 42
-0.360633
  0
VERTEX
  8
0
 10
183.707605
 20
376.537034
 42
-0.118460
  0
VERTEX
  8
0
 10
183.566212
 20
376.107134
 42
-0.109704
  0
VERTEX
  8
0
 10
183.147658
 20
375.677303
 42
-0.047907
  0
VERTEX
  8
0
 10
182.439362
 20
375.304574
 42
-0.044292
  0
VERTEX
  8
0
 10
181.579850
 20
375.038558
 42
-0.044918
  0
VERTEX
  8
0
 10
180.690983
 20
374.929715
 42
0.003282
  0
VERTEX
  8
0
 10
179.224154
 20
374.873019
 42
0.343362
  0
VERTEX
  8
0
 10
179.080266
 20
374.750168
 42
0.352087
  0
VERTEX
  8
0
 10
179.165583
 20
374.584050
 42
0.003353
  0
VERTEX
  8
0
 10
180.500000
 20
374.000000
 42
-0.008830
  0
VERTEX
  8
0
 10
181.517174
 20
373.541461
 42
-0.190764
  0
VERTEX
  8
0
 10
181.737520
 20
373.306176
 42
-0.487809
  0
VERTEX
  8
0
 10
181.638279
 20
373.137602
 42
-0.022010
  0
VERTEX
  8
0
 10
180.866631
 20
373.070285
 42
0.192871
  0
VERTEX
  8
0
 10
179.749443
 20
372.565920
 42
0.083114
  0
VERTEX
  8
0
 10
178.810732
 20
371.193277
 42
0.085603
  0
VERTEX
  8
0
 10
178.389019
 20
369.628082
 42
0.223040
  0
VERTEX
  8
0
 10
178.775429
 20
368.557905
 42
0.124846
  0
VERTEX
  8
0
 10
179.138708
 20
368.341627
 42
0.025427
  0
VERTEX
  8
0
 10
179.872202
 20
368.163884
 42
0.025336
  0
VERTEX
  8
0
 10
180.768885
 20
368.040963
 42
0.021397
  0
VERTEX
  8
0
 10
181.725684
 20
368.000000
 42
-0.036402
  0
VERTEX
  8
0
 10
182.664171
 20
367.931584
 42
-0.101873
  0
VERTEX
  8
0
 10
183.280947
 20
367.707429
 42
-0.201673
  0
VERTEX
  8
0
 10
183.529919
 20
367.359534
 42
-0.196658
  0
VERTEX
  8
0
 10
183.458879
 20
366.933465
 42
0.294166
  0
VERTEX
  8
0
 10
183.481240
 20
365.732604
 42
0.097354
  0
VERTEX
  8
0
 10
184.786360
 20
364.426200
 42
0.072562
  0
VERTEX
  8
0
 10
186.924189
 20
363.401609
 42
0.072765
  0
VERTEX
  8
0
 10
189.263569
 20
363.031803
 42
-0.037007
  0
VERTEX
  8
0
 10
190.469138
 20
362.928490
 42
-0.025631
  0
VERTEX
  8
0
 10
191.807817
 20
362.642155
 42
-0.025939
  0
VERTEX
  8
0
 10
193.072480
 20
362.231692
 42
-0.047313
  0
VERTEX
  8
0
 10
194.044081
 20
361.750000
 42
0.026464
  0
VERTEX
  8
0
 10
195.102592
 20
361.169119
 42
0.110791
  0
VERTEX
  8
0
 10
195.805669
 20
361.005756
 42
0.170304
  0
VERTEX
  8
0
 10
196.343828
 20
361.189940
 42
0.086866
  0
VERTEX
  8
0
 10
196.826426
 20
361.728798
 42
-0.119005
  0
VERTEX
  8
0
 10
197.284244
 20
362.178830
 42
-0.212068
  0
VERTEX
  8
0
 10
197.799074
 20
362.241945
 42
-0.115423
  0
VERTEX
  8
0
 10
198.431644
 20
361.874881
 42
-0.026777
  0
VERTEX
  8
0
 10
199.286126
 20
360.978798
 42
0.033721
  0
VERTEX
  8
0
 10
200.027434
 20
360.222689
 42
0.035327
  0
VERTEX
  8
0
 10
200.852787
 20
359.585770
 42
0.037753
  0
VERTEX
  8
0
 10
201.639708
 20
359.144412
 42
0.112428
  0
VERTEX
  8
0
 10
202.240213
 20
359.015313
 42
0.054458
  0
VERTEX
  8
0
 10
202.727279
 20
359.074519
 42
0.411293
  0
VERTEX
  8
0
 10
202.838808
 20
359.252167
 42
0.179369
  0
VERTEX
  8
0
 10
202.661556
 20
359.525833
 42
0.019293
  0
VERTEX
  8
0
 10
202.028960
 20
359.960940
 42
-0.048494
  0
VERTEX
  8
0
 10
201.511625
 20
360.363135
 42
-0.079475
  0
VERTEX
  8
0
 10
201.174546
 20
360.802481
 42
-0.114556
  0
VERTEX
  8
0
 10
201.063690
 20
361.206643
 42
-0.209220
  0
VERTEX
  8
0
 10
201.186030
 20
361.519363
 42
-0.317551
  0
VERTEX
  8
0
 10
202.590089
 20
361.761014
 42
-0.031165
  0
VERTEX
  8
0
 10
205.764492
 20
359.998572
 42
-0.033547
  0
VERTEX
  8
0
 10
209.337323
 20
357.359441
 42
-0.031187
  0
VERTEX
  8
0
 10
212.618785
 20
354.205209
 42
0.028048
  0
VERTEX
  8
0
 10
215.298313
 20
351.597035
 42
0.116359
  0
VERTEX
  8
0
 10
217.282565
 20
350.553530
 42
0.306515
  0
VERTEX
  8
0
 10
218.482781
 20
350.981302
 42
0.159732
  0
VERTEX
  8
0
 10
219.000000
 20
352.559017
 42
-0.212751
  0
VERTEX
  8
0
 10
219.468999
 20
353.611351
 42
-0.224690
  0
VERTEX
  8
0
 10
220.549391
 20
353.934053
 42
-0.128135
  0
VERTEX
  8
0
 10
222.026320
 20
353.297982
 42
-0.074698
  0
VERTEX
  8
0
 10
223.363379
 20
351.891591
 42
0.079603
  0
VERTEX
  8
0
 10
224.617633
 20
350.597802
 42
0.257824
  0
VERTEX
  8
0
 10
225.761711
 20
350.439628
 42
0.284105
  0
VERTEX
  8
0
 10
226.422058
 20
351.308454
 42
0.088242
  0
VERTEX
  8
0
 10
226.285602
 20
353.015858
 42
-0.028573
  0
VERTEX
  8
0
 10
226.078903
 20
354.042663
 42
-0.228724
  0
VERTEX
  8
0
 10
226.221277
 20
354.489906
 42
-0.264139
  0
VERTEX
  8
0
 10
226.639921
 20
354.617763
 42
-0.036600
  0
VERTEX
  8
0
 10
227.543527
 20
354.344924
 42
0.021510
  0
VERTEX
  8
0
 10
228.363948
 20
354.069951
 42
0.195202
  0
VERTEX
  8
0
 10
228.732059
 20
354.108811
 42
0.373081
  0
VERTEX
  8
0
 10
228.826568
 20
354.355477
 42
0.051367
  0
VERTEX
  8
0
 10
228.566906
 20
354.891744
 42
0.078699
  0
VERTEX
  8
0
 10
228.102963
 20
355.430801
 42
0.028420
  0
VERTEX
  8
0
 10
227.293618
 20
356.041291
 42
0.027352
  0
VERTEX
  8
0
 10
226.315812
 20
356.620437
 42
0.029189
  0
VERTEX
  8
0
 10
225.301205
 20
357.075582
 42
-0.045910
  0
VERTEX
  8
0
 10
224.328936
 20
357.551343
 42
-0.077426
  0
VERTEX
  8
0
 10
223.636917
 20
358.135850
 42
-0.104931
  0
VERTEX
  8
0
 10
223.289936
 20
358.762358
 42
-0.167309
  0
VERTEX
  8
0
 10
223.311066
 20
359.368242
 42
0.161413
  0
VERTEX
  8
0
 10
223.343315
 20
360.063638
 42
0.045042
  0
VERTEX
  8
0
 10
222.950451
 20
361.095619
 42
0.040480
  0
VERTEX
  8
0
 10
222.266502
 20
362.250484
 42
0.033028
  0
VERTEX
  8
0
 10
221.361123
 20
363.366347
 42
-0.028112
  0
VERTEX
  8
0
 10
220.460664
 20
364.454127
 42
-0.039384
  0
VERTEX
  8
0
 10
219.794621
 20
365.524733
 42
-0.044515
  0
VERTEX
  8
0
 10
219.419729
 20
366.439815
 42
-0.216654
  0
VERTEX
  8
0
 10
219.488884
 20
366.982014
 42
-0.433521
  0
VERTEX
  8
0
 10
220.398657
 20
367.165572
 42
-0.023219
  0
VERTEX
  8
0
 10
222.980190
 20
365.139306
 42
-0.025001
  0
VERTEX
  8
0
 10
225.424390
 20
362.807396
 42
-0.192038
  0
VERTEX
  8
0
 10
226.000000
 20
361.363978
 42
0.134973
  0
VERTEX
  8
0
 10
226.128026
 20
360.898351
 42
0.029202
  0
VERTEX
  8
0
 10
226.600353
 20
360.200546
 42
0.028459
  0
VERTEX
  8
0
 10
227.261389
 20
359.431983
 42
0.023872
  0
VERTEX
  8
0
 10
228.043753
 20
358.694566
 42
0.025881
  0
VERTEX
  8
0
 10
229.163095
 20
357.832373
 42
0.117406
  0
VERTEX
  8
0
 10
229.925191
 20
357.536035
 42
0.170515
  0
VERTEX
  8
0
 10
230.582217
 20
357.669678
 42
0.071348
  0
VERTEX
  8
0
 10
231.293753
 20
358.246134
 42
0.053241
  0
VERTEX
  8
0
 10
232.375188
 20
359.695414
 42
0.153248
  0
VERTEX
  8
0
 10
232.658531
 20
360.902579
 42
0.201498
  0
VERTEX
  8
0
 10
232.178710
 20
361.844239
 42
0.098955
  0
VERTEX
  8
0
 10
230.979687
 20
362.506447
 42
-0.047452
  0
VERTEX
  8
0
 10
230.222343
 20
362.828582
 42
-0.055513
  0
VERTEX
  8
0
 10
229.581533
 20
363.274466
 42
-0.064290
  0
VERTEX
  8
0
 10
229.143704
 20
363.770083
 42
-0.149899
  0
VERTEX
  8
0
 10
229.000000
 20
364.238647
 42
0.099289
  0
VERTEX
  8
0
 10
228.890300
 20
364.785632
 42
0.029491
  0
VERTEX
  8
0
 10
228.513847
 20
365.555449
 42
0.028317
  0
VERTEX
  8
0
 10
227.978418
 20
366.390050
 42
0.027142
  0
VERTEX
  8
0
 10
227.345012
 20
367.171259
 42
-0.111772
  0
VERTEX
  8
0
 10
226.576112
 20
368.536424
 42
-0.567371
  0
VERTEX
  8
0
 10
227.043421
 20
369.046325
 42
-0.108305
  0
VERTEX
  8
0
 10
228.859974
 20
368.237325
 42
-0.044261
  0
VERTEX
  8
0
 10
230.896620
 20
366.439438
 42
0.016981
  0
VERTEX
  8
0
 10
231.955565
 20
365.396635
 42
0.013845
  0
VERTEX
  8
0
 10
233.155899
 20
364.352175
 42
0.014073
  0
VERTEX
  8
0
 10
234.315493
 20
363.451761
 42
0.035189
  0
VERTEX
  8
0
 10
235.222314
 20
362.881021
 42
0.010540
  0
VERTEX
  8
0
 10
236.398424
 20
362.283126
 42
0.394185
  0
VERTEX
  8
0
 10
236.660566
 20
362.364713
 42
0.251124
  0
VERTEX
  8
0
 10
236.669454
 20
362.706125
 42
0.006338
  0
VERTEX
  8
0
 10
235.932296
 20
364.126507
 42
-0.021230
  0
VERTEX
  8
0
 10
235.372634
 20
365.288226
 42
-0.099833
  0
VERTEX
  8
0
 10
235.220790
 20
366.009533
 42
-0.193571
  0
VERTEX
  8
0
 10
235.406118
 20
366.481830
 42
-0.123802
  0
VERTEX
  8
0
 10
235.909604
 20
366.803201
 42
0.146311
  0
VERTEX
  8
0
 10
236.287081
 20
367.068328
 42
0.257177
  0
VERTEX
  8
0
 10
236.347822
 20
367.434284
 42
0.120524
  0
VERTEX
  8
0
 10
236.033081
 20
367.915881
 42
0.030178
  0
VERTEX
  8
0
 10
235.304575
 20
368.519240
 42
-0.072929
  0
VERTEX
  8
0
 10
234.077477
 20
369.725830
 42
-0.449655
  0
VERTEX
  8
0
 10
234.230417
 20
370.492465
 42
-0.234625
  0
VERTEX
  8
0
 10
235.391968
 20
370.571387
 42
-0.054539
  0
VERTEX
  8
0
 10
237.157839
 20
369.601999
 42
0.054212
  0
VERTEX
  8
0
 10
239.246871
 20
368.453436
 42
0.096029
  0
VERTEX
  8
0
 10
241.165647
 20
368.058672
 42
0.163325
  0
VERTEX
  8
0
 10
242.466997
 20
368.478910
 42
0.238011
  0
VERTEX
  8
0
 10
243.000000
 20
369.535184
 42
-0.379390
  0
VERTEX
  8
0
 10
243.631204
 20
370.247314
 42
-0.150560
  0
VERTEX
  8
0
 10
245.026267
 20
369.995567
 42
-0.050533
  0
VERTEX
  8
0
 10
247.464600
 20
368.403652
 42
-0.013836
  0
VERTEX
  8
0
 10
250.959675
 20
365.417466
 42
0.012274
  0
VERTEX
  8
0
 10
252.481970
 20
364.108570
 42
0.016482
  0
VERTEX
  8
0
 10
253.927127
 20
363.003881
 42
0.013609
  0
VERTEX
  8
0
 10
255.167078
 20
362.169204
 42
0.142264
  0
VERTEX
  8
0
 10
255.749727
 20
362.000000
 42
-0.217186
  0
VERTEX
  8
0
 10
257.490661
 20
361.206352
 42
-0.011718
  0
VERTEX
  8
0
 10
261.447127
 20
356.431134
 42
-0.016770
  0
VERTEX
  8
0
 10
265.074587
 20
351.507168
 42
-0.091781
  0
VERTEX
  8
0
 10
266.411541
 20
348.500000
 42
-0.021215
  0
VERTEX
  8
0
 10
267.457042
 20
343.146720
 42
-0.016897
  0
VERTEX
  8
0
 10
268.142095
 20
337.301096
 42
-0.012680
  0
VERTEX
  8
0
 10
268.446282
 20
332.017508
 42
-0.131639
  0
VERTEX
  8
0
 10
267.955076
 20
329.916059
 42
0.062416
  0
VERTEX
  8
0
 10
267.586810
 20
328.957287
 42
0.020061
  0
VERTEX
  8
0
 10
267.280554
 20
327.461391
 42
0.019660
  0
VERTEX
  8
0
 10
267.070235
 20
325.753227
 42
0.020801
  0
VERTEX
  8
0
 10
267.000000
 20
324.065741
 42
-0.013201
  0
VERTEX
  8
0
 10
266.958839
 20
322.507015
 42
-0.021711
  0
VERTEX
  8
0
 10
266.832143
 20
321.194312
 42
-0.017369
  0
VERTEX
  8
0
 10
266.653914
 20
320.182542
 42
-0.354214
  0
VERTEX
  8
0
 10
266.428571
 20
320.000000
 42
-0.195162
  0
VERTEX
  8
0
 10
265.205919
 20
320.496128
 42
-0.082419
  0
VERTEX
  8
0
 10
264.135232
 20
321.948155
 42
-0.071070
  0
VERTEX
  8
0
 10
263.458561
 20
323.930147
 42
-0.075898
  0
VERTEX
  8
0
 10
263.385675
 20
325.976965
 42
0.039759
  0
VERTEX
  8
0
 10
263.446432
 20
327.643811
 42
0.100010
  0
VERTEX
  8
0
 10
263.156052
 20
328.818194
 42
0.101453
  0
VERTEX
  8
0
 10
262.435742
 20
329.777664
 42
0.041671
  0
VERTEX
  8
0
 10
261.125631
 20
330.755777
 42
-0.000209
  0
VERTEX
  8
0
 10
260.096126
 20
331.398986
 42
-0.000292
  0
VERTEX
  8
0
 10
259.175739
 20
331.975303
 42
-0.000175
  0
VERTEX
  8
0
 10
258.400715
 20
332.461606
 42
-0.003821
  0
VERTEX
  8
0
 10
258.174756
 20
332.605917
 42
-0.187486
  0
VERTEX
  8
0
 10
258.015241
 20
332.827419
 42
-0.002158
  0
VERTEX
  8
0
 10
257.559701
 20
334.617897
 42
-0.006228
  0
VERTEX
  8
0
 10
257.063997
 20
336.712652
 42
-0.003980
  0
VERTEX
  8
0
 10
256.537678
 20
339.158577
 42
-0.009726
  0
VERTEX
  8
0
 10
255.959109
 20
342.258147
 42
-0.035113
  0
VERTEX
  8
0
 10
255.768899
 20
344.256688
 42
-0.059096
  0
VERTEX
  8
0
 10
255.889968
 20
345.549690
 42
-0.199001
  0
VERTEX
  8
0
 10
256.362922
 20
346.234687
 42
0.021501
  0
VERTEX
  8
0
 10
256.852471
 20
346.581700
 42
0.218185
  0
VERTEX
  8
0
 10
256.965091
 20
346.797220
 42
0.376735
  0
VERTEX
  8
0
 10
256.851825
 20
346.940572
 42
0.041919
  0
VERTEX
  8
0
 10
256.401874
 20
346.984687
 42
-0.206265
  0
VERTEX
  8
0
 10
255.870011
 20
347.222693
 42
-0.029359
  0
VERTEX
  8
0
 10
255.096472
 20
348.170502
 42
-0.029395
  0
VERTEX
  8
0
 10
254.270968
 20
349.466872
 42
-0.021158
  0
VERTEX
  8
0
 10
253.500000
 20
351.000000
 42
0.014880
  0
VERTEX
  8
0
 10
252.753255
 20
352.532586
 42
0.021991
  0
VERTEX
  8
0
 10
252.000991
 20
353.825000
 42
0.018380
  0
VERTEX
  8
0
 10
251.318492
 20
354.805980
 42
0.235775
  0
VERTEX
  8
0
 10
250.929913
 20
355.000000
 42
-0.043574
  0
VERTEX
  8
0
 10
250.545192
 20
355.033592
 42
-0.014985
  0
VERTEX
  8
0
 10
249.997474
 20
355.146990
 42
-0.014762
  0
VERTEX
  8
0
 10
249.397888
 20
355.308834
 42
-0.016563
  0
VERTEX
  8
0
 10
248.831787
 20
355.500392
 42
0.300139
  0
VERTEX
  8
0
 10
247.687424
 20
355.239971
 42
0.061163
  0
VERTEX
  8
0
 10
246.380010
 20
353.490184
 42
0.055165
  0
VERTEX
  8
0
 10
245.348196
 20
351.111661
 42
0.074911
  0
VERTEX
  8
0
 10
245.000000
 20
348.800635
 42
-0.095528
  0
VERTEX
  8
0
 10
244.753517
 20
347.522300
 42
-0.300573
  0
VERTEX
  8
0
 10
244.069649
 20
347.048517
 42
-0.257241
  0
VERTEX
  8
0
 10
243.261406
 20
347.470997
 42
-0.082680
  0
VERTEX
  8
0
 10
242.689326
 20
348.750000
 42
0.007147
  0
VERTEX
  8
0
 10
242.431457
 20
349.682089
 42
0.495750
  0
VERTEX
  8
0
 10
242.299957
 20
349.732505
 42
0.240410
  0
VERTEX
  8
0
 10
242.189927
 20
349.550831
 42
0.004411
  0
VERTEX
  8
0
 10
242.116001
 20
348.395035
 42
0.104807
  0
VERTEX
  8
0
 10
242.269573
 20
347.404397
 42
0.046095
  0
VERTEX
  8
0
 10
242.855250
 20
346.206591
 42
0.042084
  0
VERTEX
  8
0
 10
243.750304
 20
344.981624
 42
0.039468
  0
VERTEX
  8
0
 10
244.855821
 20
343.895035
 42
-0.075013
  0
VERTEX
  8
0
 10
247.023149
 20
341.439738
 42
-0.050510
  0
VERTEX
  8
0
 10
248.727921
 20
338.104372
 42
-0.047272
  0
VERTEX
  8
0
 10
249.828702
 20
334.234012
 42
-0.045729
  0
VERTEX
  8
0
 10
250.199393
 20
330.181982
 42
0.038254
  0
VERTEX
  8
0
 10
250.447026
 20
326.942991
 42
0.101621
  0
VERTEX
  8
0
 10
251.250418
 20
324.777929
 42
0.125218
  0
VERTEX
  8
0
 10
252.719173
 20
323.371316
 42
0.074750
  0
VERTEX
  8
0
 10
254.991683
 20
322.501827
 42
-0.078570
  0
VERTEX
  8
0
 10
256.958941
 20
321.731951
 42
-0.197791
  0
VERTEX
  8
0
 10
257.873300
 20
320.530203
 42
-0.190748
  0
VERTEX
  8
0
 10
257.693145
 20
318.998708
 42
-0.072963
  0
VERTEX
  8
0
 10
256.389071
 20
317.246214
 42
0.080872
  0
VERTEX
  8
0
 10
255.653427
 20
316.224450
 42
0.074759
  0
VERTEX
  8
0
 10
255.254787
 20
314.994270
 42
0.053454
  0
VERTEX
  8
0
 10
255.161338
 20
313.365948
 42
0.019619
  0
VERTEX
  8
0
 10
255.365763
 20
311.067642
 42
0.000000
  0
VERTEX
  8
0
 10
255.953384
 20
306.500000
 42
0.000000
  0
VERTEX
  8
0
 10
253.593618
 20
311.299740
 42
0.003546
  0
VERTEX
  8
0
 10
251.336726
 20
315.809188
 42
0.176042
  0
VERTEX
  8
0
 10
250.619311
 20
316.479083
 42
0.571297
  0
VERTEX
  8
0
 10
250.212447
 20
316.179023
 42
0.008368
  0
VERTEX
  8
0
 10
250.647584
 20
312.554499
 42
-0.005285
  0
VERTEX
  8
0
 10
251.038850
 20
309.456868
 42
-0.122234
  0
VERTEX
  8
0
 10
250.925901
 20
308.580574
 42
-0.398991
  0
VERTEX
  8
0
 10
250.448103
 20
308.355592
 42
-0.043077
  0
VERTEX
  8
0
 10
249.217630
 20
308.883528
 42
0.022926
  0
VERTEX
  8
0
 10
247.167080
 20
309.862835
 42
0.293126
  0
VERTEX
  8
0
 10
246.365805
 20
309.724822
 42
0.232230
  0
VERTEX
  8
0
 10
246.036623
 20
308.885045
 42
0.015606
  0
VERTEX
  8
0
 10
246.338331
 20
306.250000
 42
0.006707
  0
VERTEX
  8
0
 10
247.165014
 20
301.082220
 42
0.033677
  0
VERTEX
  8
0
 10
247.859036
 20
298.238398
 42
0.082806
  0
VERTEX
  8
0
 10
248.561613
 20
296.861864
 42
0.385959
  0
VERTEX
  8
0
 10
249.362002
 20
296.702162
 42
-0.064832
  0
VERTEX
  8
0
 10
249.725501
 20
296.860264
 42
-0.545281
  0
VERTEX
  8
0
 10
249.836108
 20
296.763715
 42
-0.119790
  0
VERTEX
  8
0
 10
249.704294
 20
296.437226
 42
-0.014607
  0
VERTEX
  8
0
 10
249.232747
 20
295.818707
 42
0.055979
  0
VERTEX
  8
0
 10
248.784761
 20
295.117857
 42
0.050115
  0
VERTEX
  8
0
 10
248.483239
 20
294.308857
 42
0.053172
  0
VERTEX
  8
0
 10
248.363440
 20
293.518179
 42
0.097674
  0
VERTEX
  8
0
 10
248.460778
 20
292.876748
 42
-0.053672
  0
VERTEX
  8
0
 10
249.093454
 20
290.269880
 42
-0.024340
  0
VERTEX
  8
0
 10
249.382106
 20
286.765398
 42
-0.023692
  0
VERTEX
  8
0
 10
249.334676
 20
283.344302
 42
-0.075665
  0
VERTEX
  8
0
 10
248.854959
 20
281.118514
 42
0.051021
  0
VERTEX
  8
0
 10
248.504024
 20
279.806544
 42
0.101918
  0
VERTEX
  8
0
 10
248.550766
 20
278.738106
 42
0.091568
  0
VERTEX
  8
0
 10
249.025490
 20
277.701579
 42
0.035535
  0
VERTEX
  8
0
 10
250.025694
 20
276.472650
 42
-0.055884
  0
VERTEX
  8
0
 10
251.150863
 20
274.969407
 42
-0.101223
  0
VERTEX
  8
0
 10
251.645510
 20
273.521161
 42
-0.056938
  0
VERTEX
  8
0
 10
251.673334
 20
271.477632
 42
-0.008432
  0
VERTEX
  8
0
 10
251.190943
 20
267.373497
 42
0.010867
  0
VERTEX
  8
0
 10
250.595934
 20
262.089341
 42
0.085875
  0
VERTEX
  8
0
 10
250.794393
 20
259.642542
 42
0.214713
  0
VERTEX
  8
0
 10
251.752215
 20
258.446554
 42
0.118684
  0
VERTEX
  8
0
 10
253.606989
 20
258.000000
 42
-0.055985
  0
VERTEX
  8
0
 10
254.885516
 20
257.856393
 42
-0.186186
  0
VERTEX
  8
0
 10
255.574981
 20
257.392896
 42
-0.130758
  0
VERTEX
  8
0
 10
255.914554
 20
256.464752
 42
-0.022677
  0
VERTEX
  8
0
 10
256.000000
 20
254.581787
 42
0.025986
  0
VERTEX
  8
0
 10
256.151141
 20
251.675628
 42
0.067648
  0
VERTEX
  8
0
 10
256.645891
 20
249.645210
 42
0.112014
  0
VERTEX
  8
0
 10
257.464932
 20
248.440793
 42
0.189858
  0
VERTEX
  8
0
 10
258.583936
 20
248.000000
 42
-0.131419
  0
VERTEX
  8
0
 10
259.223195
 20
247.829025
 42
-0.042712
  0
VERTEX
  8
0
 10
260.032650
 20
247.265625
 42
-0.039162
  0
VERTEX
  8
0
 10
260.864041
 20
246.456690
 42
-0.035205
  0
VERTEX
  8
0
 10
261.591957
 20
245.500000
 42
0.033465
  0
VERTEX
  8
0
 10
263.127192
 20
243.467638
 42
0.331304
  0
VERTEX
  8
0
 10
264.110314
 20
243.250784
 42
0.211626
  0
VERTEX
  8
0
 10
264.942258
 20
244.178639
 42
0.016796
  0
VERTEX
  8
0
 10
265.877544
 20
247.427962
 42
0.031633
  0
VERTEX
  8
0
 10
266.469683
 20
250.619831
 42
0.077190
  0
VERTEX
  8
0
 10
266.388870
 20
253.003513
 42
0.075393
  0
VERTEX
  8
0
 10
265.586122
 20
255.283977
 42
0.029130
  0
VERTEX
  8
0
 10
263.837275
 20
258.154370
 42
-0.025074
  0
VERTEX
  8
0
 10
263.134072
 20
259.287766
 42
-0.024289
  0
VERTEX
  8
0
 10
262.539699
 20
260.497736
 42
-0.025042
  0
VERTEX
  8
0
 10
262.123009
 20
261.611645
 42
-0.077125
  0
VERTEX
  8
0
 10
262.000000
 20
262.404370
 42
0.115684
  0
VERTEX
  8
0
 10
261.851862
 20
263.036072
 42
0.109611
  0
VERTEX
  8
0
 10
261.436644
 20
263.550546
 42
0.096889
  0
VERTEX
  8
0
 10
260.794144
 20
263.885228
 42
0.071888
  0
VERTEX
  8
0
 10
260.000000
 20
264.000000
 42
-0.138149
  0
VERTEX
  8
0
 10
258.641839
 20
264.382557
 42
-0.270586
  0
VERTEX
  8
0
 10
258.127428
 20
265.339676
 42
-0.090400
  0
VERTEX
  8
0
 10
258.541833
 20
267.231332
 42
-0.011415
  0
VERTEX
  8
0
 10
260.250000
 20
271.068717
 42
-0.073409
  0
VERTEX
  8
0
 10
263.216133
 20
275.516135
 42
-0.083915
  0
VERTEX
  8
0
 10
267.224079
 20
278.682435
 42
-0.112115
  0
VERTEX
  8
0
 10
271.131603
 20
279.797107
 42
-0.237484
  0
VERTEX
  8
0
 10
273.942122
 20
278.569739
 42
-0.067231
  0
VERTEX
  8
0
 10
274.428997
 20
277.790506
 42
-0.210611
  0
VERTEX
  8
0
 10
274.434462
 20
277.186761
 42
-0.145233
  0
VERTEX
  8
0
 10
273.966639
 20
276.625160
 42
-0.028068
  0
VERTEX
  8
0
 10
272.814567
 20
275.947552
 42
0.044933
  0
VERTEX
  8
0
 10
270.385000
 20
274.406148
 42
0.025771
  0
VERTEX
  8
0
 10
267.743868
 20
272.151161
 42
0.020282
  0
VERTEX
  8
0
 10
265.494931
 20
269.841200
 42
0.189135
  0
VERTEX
  8
0
 10
265.017277
 20
268.562909
 42
0.130094
  0
VERTEX
  8
0
 10
265.173745
 20
268.008322
 42
0.024455
  0
VERTEX
  8
0
 10
265.758778
 20
267.120460
 42
0.024676
  0
VERTEX
  8
0
 10
266.565519
 20
266.124598
 42
0.020402
  0
VERTEX
  8
0
 10
267.517277
 20
265.145040
 42
-0.040125
  0
VERTEX
  8
0
 10
268.468460
 20
264.085573
 42
-0.036172
  0
VERTEX
  8
0
 10
269.275198
 20
262.851744
 42
-0.038059
  0
VERTEX
  8
0
 10
269.834315
 20
261.634812
 42
-0.087085
  0
VERTEX
  8
0
 10
270.015313
 20
260.645040
 42
0.053824
  0
VERTEX
  8
0
 10
270.242823
 20
258.669918
 42
0.088803
  0
VERTEX
  8
0
 10
270.894248
 20
257.126434
 42
0.203634
  0
VERTEX
  8
0
 10
271.700659
 20
256.583558
 42
0.311518
  0
VERTEX
  8
0
 10
272.444098
 20
256.909549
 42
-0.152769
  0
VERTEX
  8
0
 10
273.241284
 20
257.600357
 42
-0.346119
  0
VERTEX
  8
0
 10
273.965953
 20
257.410997
 42
-0.140392
  0
VERTEX
  8
0
 10
274.430499
 20
256.212643
 42
-0.045258
  0
VERTEX
  8
0
 10
274.431275
 20
254.288910
 42
-0.061787
  0
VERTEX
  8
0
 10
273.679324
 20
250.820033
 42
-0.017482
  0
VERTEX
  8
0
 10
271.667561
 20
245.661514
 42
-0.018277
  0
VERTEX
  8
0
 10
269.154398
 20
240.369389
 42
-0.031537
  0
VERTEX
  8
0
 10
266.636598
 20
236.197110
 42
0.030332
  0
VERTEX
  8
0
 10
265.553303
 20
234.411706
 42
0.021271
  0
VERTEX
  8
0
 10
264.546635
 20
232.285496
 42
0.021541
  0
VERTEX
  8
0
 10
263.754434
 20
230.158792
 42
0.041318
  0
VERTEX
  8
0
 10
263.338059
 20
228.387794
 42
-0.047362
  0
VERTEX
  8
0
 10
262.625412
 20
225.512761
 42
-0.106977
  0
VERTEX
  8
0
 10
261.457385
 20
223.610960
 42
-0.145486
  0
VERTEX
  8
0
 10
259.867850
 20
222.705202
 42
-0.121789
  0
VERTEX
  8
0
 10
257.919519
 20
222.731297
 42
-0.134735
  0
VERTEX
  8
0
 10
256.861800
 20
223.342023
 42
-0.144177
  0
VERTEX
  8
0
 10
256.297616
 20
224.392348
 42
-0.054756
  0
VERTEX
  8
0
 10
256.104717
 20
226.371843
 42
-0.006260
  0
VERTEX
  8
0
 10
256.215995
 20
230.861380
 42
0.006625
  0
VERTEX
  8
0
 10
256.319149
 20
235.149319
 42
0.048339
  0
VERTEX
  8
0
 10
256.143137
 20
237.195701
 42
0.125372
  0
VERTEX
  8
0
 10
255.647491
 20
238.271192
 42
0.176553
  0
VERTEX
  8
0
 10
254.750000
 20
238.809180
 42
0.074552
  0
VERTEX
  8
0
 10
254.032004
 20
238.839118
 42
0.127616
  0
VERTEX
  8
0
 10
253.474450
 20
238.628605
 42
0.140722
  0
VERTEX
  8
0
 10
253.124453
 20
238.192514
 42
0.099502
  0
VERTEX
  8
0
 10
253.000000
 20
237.573324
 42
0.045708
  0
VERTEX
  8
0
 10
253.055166
 20
236.971133
 42
0.065645
  0
VERTEX
  8
0
 10
253.220313
 20
236.462254
 42
0.085694
  0
VERTEX
  8
0
 10
253.463460
 20
236.118684
 42
0.198641
  0
VERTEX
  8
0
 10
253.750000
 20
236.000307
 42
-0.375162
  0
VERTEX
  8
0
 10
254.042549
 20
235.745056
 42
-0.011415
  0
VERTEX
  8
0
 10
254.238104
 20
234.017622
 42
-0.017295
  0
VERTEX
  8
0
 10
254.358757
 20
231.838456
 42
-0.010423
  0
VERTEX
  8
0
 10
254.358440
 20
229.250307
 42
0.014053
  0
VERTEX
  8
0
 10
254.377534
 20
226.574992
 42
0.018032
  0
VERTEX
  8
0
 10
254.552887
 20
224.119861
 42
0.016047
  0
VERTEX
  8
0
 10
254.835076
 20
222.109464
 42
0.128160
  0
VERTEX
  8
0
 10
255.219171
 20
221.264114
 42
-0.143825
  0
VERTEX
  8
0
 10
255.607560
 20
220.334403
 42
-0.010550
  0
VERTEX
  8
0
 10
255.855926
 20
217.548854
 42
-0.013869
  0
VERTEX
  8
0
 10
255.993028
 20
214.131019
 42
-0.009618
  0
VERTEX
  8
0
 10
255.966429
 20
210.264114
 42
0.002180
  0
VERTEX
  8
0
 10
255.776670
 20
201.542316
 42
0.042456
  0
VERTEX
  8
0
 10
255.958274
 20
198.854661
 42
0.226375
  0
VERTEX
  8
0
 10
256.637909
 20
197.856050
 42
0.198486
  0
VERTEX
  8
0
 10
257.897767
 20
197.683517
 42
-0.063320
  0
VERTEX
  8
0
 10
258.768777
 20
197.796775
 42
-0.036913
  0
VERTEX
  8
0
 10
259.821107
 20
197.721978
 42
-0.036321
  0
VERTEX
  8
0
 10
260.881285
 20
197.487837
 42
-0.050399
  0
VERTEX
  8
0
 10
261.780357
 20
197.117549
 42
-0.150656
  0
VERTEX
  8
0
 10
263.590753
 20
195.288731
 42
-0.016450
  0
VERTEX
  8
0
 10
266.187312
 20
189.891081
 42
-0.019803
  0
VERTEX
  8
0
 10
268.398879
 20
184.287109
 42
-0.083623
  0
VERTEX
  8
0
 10
269.005738
 20
180.739479
 42
-0.052920
  0
VERTEX
  8
0
 10
268.861373
 20
179.345268
 42
-0.005304
  0
VERTEX
  8
0
 10
268.131363
 20
176.073472
 42
-0.006616
  0
VERTEX
  8
0
 10
267.165830
 20
172.184665
 42
-0.005215
  0
VERTEX
  8
0
 10
266.021085
 20
168.000000
 42
0.000425
  0
VERTEX
  8
0
 10
261.868795
 20
153.373065
 42
0.000578
  0
VERTEX
  8
0
 10
258.148345
 20
140.166492
 42
0.000401
  0
VERTEX
  8
0
 10
255.058231
 20
129.114526
 42
0.006064
  0
VERTEX
  8
0
 10
254.034194
 20
125.260524
 42
-0.094155
  0
VERTEX
  8
0
 10
251.609549
 20
120.047307
 42
-0.031161
  0
VERTEX
  8
0
 10
246.244783
 20
113.485900
 42
-0.031659
  0
VERTEX
  8
0
 10
239.808798
 20
107.371224
 42
-0.057422
  0
VERTEX
  8
0
 10
233.750047
 20
103.386219
 42
0.012962
  0
VERTEX
  8
0
 10
231.473786
 20
102.163324
 42
0.009073
  0
VERTEX
  8
0
 10
228.971804
 20
100.673536
 42
0.009161
  0
VERTEX
  8
0
 10
226.625188
 20
99.157713
 42
0.018798
  0
VERTEX
  8
0
 10
224.856096
 20
97.869349
 42
-0.011977
  0
VERTEX
  8
0
 10
223.389640
 20
96.770468
 42
-0.015723
  0
VERTEX
  8
0
 10
221.997287
 20
95.842871
 42
-0.013219
  0
VERTEX
  8
0
 10
220.806314
 20
95.145374
 42
-0.126510
  0
VERTEX
  8
0
 10
220.240954
 20
95.000000
 42
0.110979
  0
VERTEX
  8
0
 10
219.712297
 20
94.881197
 42
0.019236
  0
VERTEX
  8
0
 10
218.798034
 20
94.404556
 42
0.020085
  0
VERTEX
  8
0
 10
217.750576
 20
93.749013
 42
0.016788
  0
VERTEX
  8
0
 10
216.692749
 20
92.972956
 42
0.000000
  0
VERTEX
  8
0
 10
214.115780
 20
90.945912
 42
0.000000
  0
VERTEX
  8
0
 10
196.530474
 20
98.472956
 42
0.002734
  0
VERTEX
  8
0
 10
185.166376
 20
103.263789
 42
0.021077
  0
VERTEX
  8
0
 10
179.744755
 20
105.251140
 42
0.054354
  0
VERTEX
  8
0
 10
176.879748
 20
105.833702
 42
0.441424
  0
VERTEX
  8
0
 10
176.000000
 20
105.031385
 42
-0.147341
  0
VERTEX
  8
0
 10
175.899824
 20
104.698819
 42
-0.148193
  0
VERTEX
  8
0
 10
175.632812
 20
104.477817
 42
-0.115282
  0
VERTEX
  8
0
 10
175.227988
 20
104.409326
 42
-0.070007
  0
VERTEX
  8
0
 10
174.750000
 20
104.507083
 42
0.061066
  0
VERTEX
  8
0
 10
173.880671
 20
104.701063
 42
0.003420
  0
VERTEX
  8
0
 10
171.118925
 20
104.952299
 42
0.005224
  0
VERTEX
  8
0
 10
167.819067
 20
105.195048
 42
0.003800
  0
VERTEX
  8
0
 10
164.144213
 20
105.398782
 42
0.000000
  0
VERTEX
  8
0
 10
154.788425
 20
105.846167
 42
0.000000
  0
VERTEX
  8
0
 10
150.394213
 20
101.795724
 42
0.016372
  0
VERTEX
  8
0
 10
148.711471
 20
100.139509
 42
0.021368
  0
VERTEX
  8
0
 10
147.290800
 20
98.512741
 42
0.019582
  0
VERTEX
  8
0
 10
146.240949
 20
97.090794
 42
0.150324
  0
VERTEX
  8
0
 10
146.000000
 20
96.307470
 42
-0.191693
  0
VERTEX
  8
0
 10
145.158537
 20
94.193298
 42
-0.012201
  0
VERTEX
  8
0
 10
140.369650
 20
89.371567
 42
-0.015309
  0
VERTEX
  8
0
 10
135.380538
 20
84.872472
 42
-0.114820
  0
VERTEX
  8
0
 10
132.568102
 20
83.427736
 42
-0.065184
  0
VERTEX
  8
0
 10
130.165008
 20
83.148400
 42
-0.087602
  0
VERTEX
  8
0
 10
128.016696
 20
83.559824
 42
-0.114715
  0
VERTEX
  8
0
 10
126.542249
 20
84.552196
 42
-0.189718
  0
VERTEX
  8
0
 10
126.000000
 20
85.929850
 42
-0.071567
  0
VERTEX
  8
0
 10
126.155314
 20
87.009390
 42
-0.008412
  0
VERTEX
  8
0
 10
126.881250
 20
89.334675
 42
-0.009938
  0
VERTEX
  8
0
 10
127.851237
 20
92.082877
 42
-0.007986
  0
VERTEX
  8
0
 10
129.000000
 20
95.000000
 42
0.022227
  0
VERTEX
  8
0
 10
131.053812
 20
100.685072
 42
0.061922
  0
VERTEX
  8
0
 10
131.806105
 20
104.853787
 42
0.058783
  0
VERTEX
  8
0
 10
131.533687
 20
109.201442
 42
0.018548
  0
VERTEX
  8
0
 10
130.129361
 20
115.568122
 42
-0.019479
  0
VERTEX
  8
0
 10
129.144498
 20
120.072976
 42
-0.035498
  0
VERTEX
  8
0
 10
128.748856
 20
123.815747
 42
-0.036791
  0
VERTEX
  8
0
 10
128.892767
 20
127.485450
 42
-0.022750
  0
VERTEX
  8
0
 10
129.573264
 20
131.750000
 42
-0.083963
  0
VERTEX
  8
0
 10
130.232664
 20
133.443743
 42
-0.395234
  0
VERTEX
  8
0
 10
131.147160
 20
133.705938
 42
-0.119453
  0
VERTEX
  8
0
 10
132.478032
 20
132.558904
 42
-0.011681
  0
VERTEX
  8
0
 10
134.884905
 20
129.028018
 42
0.064195
  0
VERTEX
  8
0
 10
138.212592
 20
125.102539
 42
0.021897
  0
VERTEX
  8
0
 10
143.957688
 20
120.306270
 42
0.021519
  0
VERTEX
  8
0
 10
150.777335
 20
115.551946
 42
0.024478
  0
VERTEX
  8
0
 10
157.700340
 20
111.617162
 42
0.062703
  0
VERTEX
  8
0
 10
161.167065
 20
110.380530
 42
0.057233
  0
VERTEX
  8
0
 10
164.942745
 20
109.990021
 42
0.065201
  0
VERTEX
  8
0
 10
168.075075
 20
110.436226
 42
0.245657
  0
VERTEX
  8
0
 10
169.475481
 20
111.750000
 42
-0.108330
  0
VERTEX
  8
0
 10
170.080967
 20
112.734584
 42
-0.009454
  0
VERTEX
  8
0
 10
172.170445
 20
114.821224
 42
-0.012065
  0
VERTEX
  8
0
 10
174.796524
 20
117.227185
 42
-0.009088
  0
VERTEX
  8
0
 10
177.792869
 20
119.747785
 42
0.001234
  0
VERTEX
  8
0
 10
180.963567
 20
122.331108
 42
0.001239
  0
VERTEX
  8
0
 10
184.117280
 20
124.926656
 42
0.001209
  0
VERTEX
  8
0
 10
186.856697
 20
127.203822
 42
0.004964
  0
VERTEX
  8
0
 10
188.500000
 20
128.604498
 42
-0.012415
  0
VERTEX
  8
0
 10
190.352143
 20
130.136130
 42
-0.001642
  0
VERTEX
  8
0
 10
194.364063
 20
133.268152
 42
-0.001903
  0
VERTEX
  8
0
 10
199.148421
 20
136.948899
 42
-0.001596
  0
VERTEX
  8
0
 10
204.250000
 20
140.817163
 42
0.006863
  0
VERTEX
  8
0
 10
209.484232
 20
144.873562
 42
0.013416
  0
VERTEX
  8
0
 10
213.520686
 20
148.272402
 42
0.009611
  0
VERTEX
  8
0
 10
216.533116
 20
151.055818
 42
0.204186
  0
VERTEX
  8
0
 10
217.000000
 20
152.151433
 42
-0.054604
  0
VERTEX
  8
0
 10
217.077772
 20
152.861456
 42
-0.049292
  0
VERTEX
  8
0
 10
217.308014
 20
153.563985
 42
-0.052407
  0
VERTEX
  8
0
 10
217.646856
 20
154.155888
 42
-0.098461
  0
VERTEX
  8
0
 10
218.048558
 20
154.530011
 42
0.094464
  0
VERTEX
  8
0
 10
218.452344
 20
154.900145
 42
0.163146
  0
VERTEX
  8
0
 10
218.592952
 20
155.328687
 42
0.125886
  0
VERTEX
  8
0
 10
218.459112
 20
155.838244
 42
0.046386
  0
VERTEX
  8
0
 10
218.036227
 20
156.456349
 42
-0.070599
  0
VERTEX
  8
0
 10
217.628942
 20
157.118030
 42
-0.143242
  0
VERTEX
  8
0
 10
217.552661
 20
157.719023
 42
-0.128748
  0
VERTEX
  8
0
 10
217.812567
 20
158.309911
 42
-0.051946
  0
VERTEX
  8
0
 10
218.433467
 20
158.944783
 42
0.074768
  0
VERTEX
  8
0
 10
219.070778
 20
159.658630
 42
0.111574
  0
VERTEX
  8
0
 10
219.362314
 20
160.439491
 42
0.089627
  0
VERTEX
  8
0
 10
219.320554
 20
161.394934
 42
0.035231
  0
VERTEX
  8
0
 10
218.938644
 20
162.661377
 42
-0.032693
  0
VERTEX
  8
0
 10
218.620797
 20
163.696369
 42
-0.035754
  0
VERTEX
  8
0
 10
218.452232
 20
164.733503
 42
-0.038397
  0
VERTEX
  8
0
 10
218.440672
 20
165.630405
 42
-0.123042
  0
VERTEX
  8
0
 10
218.620961
 20
166.195719
 42
0.111559
  0
VERTEX
  8
0
 10
218.774714
 20
166.642593
 42
0.100082
  0
VERTEX
  8
0
 10
218.730454
 20
167.131281
 42
0.094570
  0
VERTEX
  8
0
 10
218.494269
 20
167.586728
 42
0.087786
  0
VERTEX
  8
0
 10
218.101622
 20
167.937194
 42
-0.396761
  0
VERTEX
  8
0
 10
217.800292
 20
169.061769
 42
-0.057719
  0
VERTEX
  8
0
 10
219.285859
 20
171.192143
 42
-0.051491
  0
VERTEX
  8
0
 10
221.508124
 20
173.236263
 42
-0.113109
  0
VERTEX
  8
0
 10
223.609159
 20
174.163247
 42
0.055756
  0
VERTEX
  8
0
 10
224.332291
 20
174.388246
 42
0.065876
  0
VERTEX
  8
0
 10
224.944566
 20
174.759109
 42
0.077265
  0
VERTEX
  8
0
 10
225.358772
 20
175.212376
 42
0.147602
  0
VERTEX
  8
0
 10
225.500000
 20
175.680362
 42
-0.099200
  0
VERTEX
  8
0
 10
225.758578
 20
176.970850
 42
-0.228146
  0
VERTEX
  8
0
 10
226.480596
 20
177.612685
 42
-0.186805
  0
VERTEX
  8
0
 10
227.561696
 20
177.513713
 42
-0.068838
  0
VERTEX
  8
0
 10
228.849251
 20
176.636426
 42
0.111133
  0
VERTEX
  8
0
 10
230.677087
 20
175.603895
 42
0.189245
  0
VERTEX
  8
0
 10
232.402135
 20
175.744311
 42
0.125506
  0
VERTEX
  8
0
 10
234.080067
 20
177.171989
 42
0.039183
  0
VERTEX
  8
0
 10
235.786213
 20
180.032695
 42
-0.017498
  0
VERTEX
  8
0
 10
236.753151
 20
181.826292
 42
-0.074691
  0
VERTEX
  8
0
 10
237.514532
 20
182.770643
 42
-0.177001
  0
VERTEX
  8
0
 10
238.174819
 20
183.044204
 42
-0.209957
  0
VERTEX
  8
0
 10
238.798948
 20
182.801052
 42
0.079438
  0
VERTEX
  8
0
 10
239.311016
 20
182.430156
 42
0.343150
  0
VERTEX
  8
0
 10
239.655823
 20
182.497474
 42
0.155227
  0
VERTEX
  8
0
 10
239.867746
 20
182.986570
 42
0.021713
  0
VERTEX
  8
0
 10
239.931846
 20
184.100919
 42
-0.000461
  0
VERTEX
  8
0
 10
239.947851
 20
185.170596
 42
-0.000300
  0
VERTEX
  8
0
 10
239.968203
 20
186.405288
 42
-0.000302
  0
VERTEX
  8
0
 10
239.989503
 20
187.609412
 42
-0.000577
  0
VERTEX
  8
0
 10
240.008313
 20
188.576656
 42
-0.066082
  0
VERTEX
  8
0
 10
240.152922
 20
189.517108
 42
-0.136001
  0
VERTEX
  8
0
 10
240.542155
 20
190.145057
 42
-0.133573
  0
VERTEX
  8
0
 10
241.204671
 20
190.489965
 42
-0.062709
  0
VERTEX
  8
0
 10
242.174339
 20
190.576656
 42
0.102971
  0
VERTEX
  8
0
 10
244.037648
 20
190.894839
 42
0.331669
  0
VERTEX
  8
0
 10
244.661836
 20
191.899472
 42
0.207160
  0
VERTEX
  8
0
 10
243.924737
 20
193.271124
 42
0.060835
  0
VERTEX
  8
0
 10
241.838075
 20
194.543677
 42
-0.009015
  0
VERTEX
  8
0
 10
240.335846
 20
195.258510
 42
-0.005363
  0
VERTEX
  8
0
 10
238.571831
 20
196.161010
 42
-0.005367
  0
VERTEX
  8
0
 10
236.832178
 20
197.098679
 42
-0.009230
  0
VERTEX
  8
0
 10
235.406454
 20
197.921730
 42
0.013162
  0
VERTEX
  8
0
 10
233.371393
 20
199.075304
 42
0.150423
  0
VERTEX
  8
0
 10
232.476420
 20
199.248128
 42
0.184830
  0
VERTEX
  8
0
 10
231.725809
 20
198.863642
 42
0.021943
  0
VERTEX
  8
0
 10
230.516381
 20
197.392280
 42
-0.045436
  0
VERTEX
  8
0
 10
229.689126
 20
196.477008
 42
-0.042425
  0
VERTEX
  8
0
 10
228.692011
 20
195.702732
 42
-0.045260
  0
VERTEX
  8
0
 10
227.682319
 20
195.170644
 42
-0.098956
  0
VERTEX
  8
0
 10
226.828543
 20
195.000000
 42
0.073937
  0
VERTEX
  8
0
 10
226.061767
 20
194.885991
 42
0.064302
  0
VERTEX
  8
0
 10
225.320843
 20
194.551878
 42
0.066863
  0
VERTEX
  8
0
 10
224.716739
 20
194.057752
 42
0.096617
  0
VERTEX
  8
0
 10
224.351832
 20
193.474477
 42
-0.052949
  0
VERTEX
  8
0
 10
223.993539
 20
192.772964
 42
-0.205998
  0
VERTEX
  8
0
 10
223.596353
 20
192.509046
 42
-0.180510
  0
VERTEX
  8
0
 10
223.093879
 20
192.598927
 42
-0.039657
  0
VERTEX
  8
0
 10
222.364459
 20
193.112489
 42
0.070715
  0
VERTEX
  8
0
 10
221.583683
 20
193.592831
 42
0.141709
  0
VERTEX
  8
0
 10
220.871580
 20
193.685054
 42
0.111477
  0
VERTEX
  8
0
 10
220.104767
 20
193.383402
 42
0.034698
  0
VERTEX
  8
0
 10
219.125860
 20
192.613902
 42
-0.057206
  0
VERTEX
  8
0
 10
218.255253
 20
191.990690
 42
-0.058628
  0
VERTEX
  8
0
 10
217.273079
 20
191.587117
 42
-0.062333
  0
VERTEX
  8
0
 10
216.284421
 20
191.439478
 42
-0.085016
  0
VERTEX
  8
0
 10
215.394618
 20
191.570222
 42
0.004007
  0
VERTEX
  8
0
 10
214.317794
 20
191.912195
 42
0.298920
  0
VERTEX
  8
0
 10
214.149939
 20
191.863666
 42
0.433242
  0
VERTEX
  8
0
 10
214.165368
 20
191.722987
 42
0.005076
  0
VERTEX
  8
0
 10
215.000000
 20
191.109645
 42
-0.026931
  0
VERTEX
  8
0
 10
215.568656
 20
190.652197
 42
-0.142017
  0
VERTEX
  8
0
 10
215.778248
 20
190.315924
 42
-0.364221
  0
VERTEX
  8
0
 10
215.682329
 20
190.103059
 42
-0.109435
  0
VERTEX
  8
0
 10
215.309017
 20
190.015313
 42
-0.067911
  0
VERTEX
  8
0
 10
214.811912
 20
190.076645
 42
-0.053111
  0
VERTEX
  8
0
 10
214.303381
 20
190.270671
 42
-0.054304
  0
VERTEX
  8
0
 10
213.860169
 20
190.560491
 42
-0.082588
  0
VERTEX
  8
0
 10
213.558021
 20
190.906120
 42
0.147827
  0
VERTEX
  8
0
 10
213.205965
 20
191.217206
 42
0.065833
  0
VERTEX
  8
0
 10
212.608457
 20
191.401178
 42
0.056882
  0
VERTEX
  8
0
 10
211.874889
 20
191.440514
 42
0.048966
  0
VERTEX
  8
0
 10
211.111863
 20
191.319002
 42
-0.058638
  0
VERTEX
  8
0
 10
210.340578
 20
191.211384
 42
-0.062485
  0
VERTEX
  8
0
 10
209.582409
 20
191.289993
 42
-0.070112
  0
VERTEX
  8
0
 10
208.950743
 20
191.533626
 42
-0.127969
  0
VERTEX
  8
0
 10
208.553842
 20
191.912882
 42
0.132893
  0
VERTEX
  8
0
 10
207.629566
 20
192.779099
 42
0.158147
  0
VERTEX
  8
0
 10
206.457635
 20
192.986366
 42
0.238292
  0
VERTEX
  8
0
 10
205.698267
 20
192.459570
 42
0.219119
  0
VERTEX
  8
0
 10
205.636170
 20
191.505744
 42
0.057474
  0
VERTEX
  8
0
 10
205.915408
 20
190.970983
 42
0.088162
  0
VERTEX
  8
0
 10
206.279014
 20
190.597443
 42
0.118586
  0
VERTEX
  8
0
 10
206.665856
 20
190.439814
 42
0.177954
  0
VERTEX
  8
0
 10
207.019375
 20
190.511974
 42
-0.116759
  0
VERTEX
  8
0
 10
207.354329
 20
190.623387
 42
-0.128516
  0
VERTEX
  8
0
 10
207.690895
 20
190.566657
 42
-0.118219
  0
VERTEX
  8
0
 10
207.977125
 20
190.345445
 42
-0.089169
  0
VERTEX
  8
0
 10
208.168227
 20
189.995318
 42
0.229400
  0
VERTEX
  8
0
 10
208.566146
 20
189.587202
 42
0.027734
  0
VERTEX
  8
0
 10
209.801924
 20
189.216280
 42
0.028455
  0
VERTEX
  8
0
 10
211.410749
 20
188.924773
 42
0.019717
  0
VERTEX
  8
0
 10
213.253638
 20
188.771603
 42
-0.017466
  0
VERTEX
  8
0
 10
215.072933
 20
188.628634
 42
-0.028092
  0
VERTEX
  8
0
 10
216.605756
 20
188.366269
 42
-0.027199
  0
VERTEX
  8
0
 10
217.746625
 20
188.038113
 42
-0.319318
  0
VERTEX
  8
0
 10
218.000000
 20
187.681822
 42
-0.362068
  0
VERTEX
  8
0
 10
217.739493
 20
187.369234
 42
-0.029716
  0
VERTEX
  8
0
 10
216.604688
 20
187.230279
 42
-0.029065
  0
VERTEX
  8
0
 10
215.071207
 20
187.223664
 42
-0.017254
  0
VERTEX
  8
0
 10
213.250000
 20
187.384905
 42
0.002592
  0
VERTEX
  8
0
 10
211.303123
 20
187.614968
 42
0.002704
  0
VERTEX
  8
0
 10
209.381250
 20
187.821460
 42
0.002598
  0
VERTEX
  8
0
 10
207.718366
 20
187.982308
 42
0.011880
  0
VERTEX
  8
0
 10
206.750000
 20
188.047747
 42
-0.053114
  0
VERTEX
  8
0
 10
206.080524
 20
188.148822
 42
-0.070786
  0
VERTEX
  8
0
 10
205.514062
 20
188.386524
 42
-0.088468
  0
VERTEX
  8
0
 10
205.132795
 20
188.717647
 42
-0.171449
  0
VERTEX
  8
0
 10
205.000000
 20
189.093534
 42
0.147105
  0
VERTEX
  8
0
 10
204.874202
 20
189.511861
 42
0.060107
  0
VERTEX
  8
0
 10
204.485938
 20
189.968823
 42
0.052443
  0
VERTEX
  8
0
 10
203.919512
 20
190.391994
 42
0.045407
  0
VERTEX
  8
0
 10
203.250000
 20
190.712186
 42
-0.090062
  0
VERTEX
  8
0
 10
201.464994
 20
191.770034
 42
-0.031906
  0
VERTEX
  8
0
 10
199.342183
 20
193.863392
 42
-0.025873
  0
VERTEX
  8
0
 10
197.583169
 20
196.052633
 42
-0.381405
  0
VERTEX
  8
0
 10
197.677217
 20
196.956979
 42
-0.183842
  0
VERTEX
  8
0
 10
197.940150
 20
197.060416
 42
-0.152890
  0
VERTEX
  8
0
 10
198.229699
 20
196.973300
 42
-0.102608
  0
VERTEX
  8
0
 10
198.505683
 20
196.689031
 42
-0.055830
  0
VERTEX
  8
0
 10
198.720238
 20
196.250000
 42
0.058403
  0
VERTEX
  8
0
 10
198.956879
 20
195.772007
 42
0.060239
  0
VERTEX
  8
0
 10
199.295580
 20
195.367188
 42
0.066780
  0
VERTEX
  8
0
 10
199.680228
 20
195.092353
 42
0.122364
  0
VERTEX
  8
0
 10
200.051949
 20
195.000000
 42
0.410758
  0
VERTEX
  8
0
 10
200.596478
 20
195.538135
 42
0.178053
  0
VERTEX
  8
0
 10
200.221269
 20
196.596821
 42
0.069716
  0
VERTEX
  8
0
 10
198.669725
 20
198.009481
 42
0.056499
  0
VERTEX
  8
0
 10
196.678145
 20
199.062817
 42
-0.024966
  0
VERTEX
  8
0
 10
195.369716
 20
199.652688
 42
-0.021900
  0
VERTEX
  8
0
 10
194.066393
 20
200.394177
 42
-0.022491
  0
VERTEX
  8
0
 10
192.948587
 20
201.168830
 42
-0.059305
  0
VERTEX
  8
0
 10
192.250000
 20
201.845503
 42
0.021042
  0
VERTEX
  8
0
 10
191.669573
 20
202.500731
 42
0.148028
  0
VERTEX
  8
0
 10
191.301807
 20
202.706376
 42
0.378206
  0
VERTEX
  8
0
 10
191.079611
 20
202.582899
 42
0.085311
  0
VERTEX
  8
0
 10
191.000000
 20
202.119701
 42
0.090142
  0
VERTEX
  8
0
 10
191.107794
 20
201.526652
 42
0.035965
  0
VERTEX
  8
0
 10
191.454613
 20
200.773406
 42
0.034124
  0
VERTEX
  8
0
 10
191.955384
 20
199.994908
 42
0.036406
  0
VERTEX
  8
0
 10
192.547619
 20
199.309524
 42
-0.040672
  0
VERTEX
  8
0
 10
193.090148
 20
198.670742
 42
-0.061476
  0
VERTEX
  8
0
 10
193.439546
 20
198.031176
 42
-0.082440
  0
VERTEX
  8
0
 10
193.556918
 20
197.487692
 42
-0.222120
  0
VERTEX
  8
0
 10
193.410714
 20
197.130952
 42
-0.172078
  0
VERTEX
  8
0
 10
193.111385
 20
197.003027
 42
-0.156959
  0
VERTEX
  8
0
 10
192.785051
 20
197.085768
 42
-0.108599
  0
VERTEX
  8
0
 10
192.477597
 20
197.387524
 42
-0.059353
  0
VERTEX
  8
0
 10
192.242044
 20
197.863153
 42
0.029105
  0
VERTEX
  8
0
 10
191.946109
 20
198.564154
 42
0.285698
  0
VERTEX
  8
0
 10
191.685492
 20
198.726305
 42
0.232815
  0
VERTEX
  8
0
 10
191.382528
 20
198.577151
 42
0.020785
  0
VERTEX
  8
0
 10
190.878949
 20
197.863153
 42
-0.033523
  0
VERTEX
  8
0
 10
190.380180
 20
197.192870
 42
-0.212247
  0
VERTEX
  8
0
 10
190.005632
 20
197.013896
 42
-0.222876
  0
VERTEX
  8
0
 10
189.633954
 20
197.175929
 42
-0.036946
  0
VERTEX
  8
0
 10
189.150411
 20
197.815647
 42
0.098414
  0
VERTEX
  8
0
 10
187.946585
 20
199.058164
 42
0.025768
  0
VERTEX
  8
0
 10
185.574335
 20
200.524022
 42
0.019060
  0
VERTEX
  8
0
 10
183.119899
 20
201.751864
 42
0.312389
  0
VERTEX
  8
0
 10
182.262695
 20
201.596028
 42
-0.304407
  0
VERTEX
  8
0
 10
181.908769
 20
201.526342
 42
-0.009174
  0
VERTEX
  8
0
 10
180.464810
 20
202.162413
 42
-0.015274
  0
VERTEX
  8
0
 10
178.732326
 20
203.029037
 42
-0.009596
  0
VERTEX
  8
0
 10
176.759748
 20
204.141658
 42
0.011655
  0
VERTEX
  8
0
 10
174.216409
 20
205.562438
 42
0.050421
  0
VERTEX
  8
0
 10
172.615217
 20
206.211978
 42
0.106528
  0
VERTEX
  8
0
 10
171.574099
 20
206.287450
 42
0.222919
  0
VERTEX
  8
0
 10
170.909321
 20
205.853279
 42
-0.101215
  0
VERTEX
  8
0
 10
170.420461
 20
205.334087
 42
-0.200914
  0
VERTEX
  8
0
 10
169.878137
 20
205.214414
 42
-0.115041
  0
VERTEX
  8
0
 10
169.186012
 20
205.513947
 42
-0.024518
  0
VERTEX
  8
0
 10
168.164760
 20
206.350894
 42
0.021625
  0
VERTEX
  8
0
 10
167.155489
 20
207.187826
 42
0.116963
  0
VERTEX
  8
0
 10
166.508856
 20
207.473658
 42
0.237041
  0
VERTEX
  8
0
 10
166.045531
 20
207.339348
 42
0.111065
  0
VERTEX
  8
0
 10
165.682658
 20
206.811131
 42
-0.026929
  0
VERTEX
  8
0
 10
165.438037
 20
206.284096
 42
-0.431408
  0
VERTEX
  8
0
 10
165.267853
 20
206.237394
 42
-0.233187
  0
VERTEX
  8
0
 10
165.135765
 20
206.445357
 42
-0.015171
  0
VERTEX
  8
0
 10
165.078947
 20
207.178571
 42
0.071413
  0
VERTEX
  8
0
 10
164.933235
 20
207.937942
 42
0.035765
  0
VERTEX
  8
0
 10
164.548470
 20
208.838783
 42
0.034603
  0
VERTEX
  8
0
 10
164.008290
 20
209.731133
 42
0.042996
  0
VERTEX
  8
0
 10
163.383929
 20
210.473214
 42
-0.069817
  0
VERTEX
  8
0
 10
162.685873
 20
211.399142
 42
-0.076281
  0
VERTEX
  8
0
 10
162.295469
 20
212.454491
 42
-0.064993
  0
VERTEX
  8
0
 10
162.204234
 20
213.715115
 42
-0.034974
  0
VERTEX
  8
0
 10
162.402679
 20
215.263393
 42
0.009347
  0
VERTEX
  8
0
 10
162.698641
 20
216.901898
 42
0.113030
  0
VERTEX
  8
0
 10
162.657280
 20
217.536401
 42
0.481634
  0
VERTEX
  8
0
 10
162.382222
 20
217.647189
 42
0.067755
  0
VERTEX
  8
0
 10
161.818750
 20
217.218750
 42
-0.042198
  0
VERTEX
  8
0
 10
160.483352
 20
216.091555
 42
-0.416115
  0
VERTEX
  8
0
 10
159.828536
 20
216.205263
 42
-0.209808
  0
VERTEX
  8
0
 10
159.640697
 20
217.148344
 42
-0.020195
  0
VERTEX
  8
0
 10
160.249856
 20
219.462446
 42
-0.025141
  0
VERTEX
  8
0
 10
160.717967
 20
220.752630
 42
-0.044228
  0
VERTEX
  8
0
 10
161.248206
 20
221.754618
 42
-0.061000
  0
VERTEX
  8
0
 10
161.758173
 20
222.363809
 42
-0.338494
  0
VERTEX
  8
0
 10
162.156255
 20
222.403429
 42
0.103372
  0
VERTEX
  8
0
 10
162.477811
 20
222.286940
 42
0.179080
  0
VERTEX
  8
0
 10
162.752150
 20
222.346232
 42
0.165730
  0
VERTEX
  8
0
 10
162.936116
 20
222.576036
 42
0.086865
  0
VERTEX
  8
0
 10
163.000000
 20
222.940983
 42
0.099038
  0
VERTEX
  8
0
 10
162.919152
 20
223.345144
 42
0.097945
  0
VERTEX
  8
0
 10
162.688914
 20
223.688914
 42
0.097945
  0
VERTEX
  8
0
 10
162.345144
 20
223.919152
 42
0.099038
  0
VERTEX
  8
0
 10
161.940983
 20
224.000000
 42
-0.121237
  0
VERTEX
  8
0
 10
161.591382
 20
224.086034
 42
-0.187457
  0
VERTEX
  8
0
 10
161.389310
 20
224.317552
 42
-0.151622
  0
VERTEX
  8
0
 10
161.373190
 20
224.667559
 42
-0.074800
  0
VERTEX
  8
0
 10
161.550077
 20
225.081027
 42
-0.153269
  0
VERTEX
  8
0
 10
161.978995
 20
225.451976
 42
-0.063318
  0
VERTEX
  8
0
 10
162.724260
 20
225.668229
 42
-0.054518
  0
VERTEX
  8
0
 10
163.644932
 20
225.711550
 42
-0.046031
  0
VERTEX
  8
0
 10
164.609094
 20
225.561975
 42
0.036928
  0
VERTEX
  8
0
 10
165.542180
 20
225.399803
 42
0.068039
  0
VERTEX
  8
0
 10
166.310664
 20
225.428717
 42
0.105800
  0
VERTEX
  8
0
 10
166.815248
 20
225.632769
 42
0.248878
  0
VERTEX
  8
0
 10
167.000000
 20
225.980948
 42
-0.221224
  0
VERTEX
  8
0
 10
167.181449
 20
226.370980
 42
-0.077124
  0
VERTEX
  8
0
 10
167.724040
 20
226.700653
 42
-0.058646
  0
VERTEX
  8
0
 10
168.521008
 20
226.925415
 42
-0.039451
  0
VERTEX
  8
0
 10
169.464816
 20
227.000000
 42
0.130929
  0
VERTEX
  8
0
 10
171.464554
 20
227.532780
 42
0.115802
  0
VERTEX
  8
0
 10
173.043526
 20
229.007672
 42
0.137571
  0
VERTEX
  8
0
 10
173.638319
 20
230.830155
 42
0.209791
  0
VERTEX
  8
0
 10
173.043260
 20
232.357359
 42
0.135386
  0
VERTEX
  8
0
 10
172.248744
 20
232.808618
 42
0.019754
  0
VERTEX
  8
0
 10
170.415275
 20
233.195374
 42
0.021137
  0
VERTEX
  8
0
 10
168.158478
 20
233.481527
 42
0.016708
  0
VERTEX
  8
0
 10
165.700619
 20
233.605615
 42
0.009907
  0
VERTEX
  8
0
 10
161.440439
 20
233.593766
 42
0.040028
  0
VERTEX
  8
0
 10
158.857584
 20
233.327812
 42
0.102547
  0
VERTEX
  8
0
 10
157.608796
 20
232.818865
 42
0.403183
  0
VERTEX
  8
0
 10
157.449444
 20
232.081802
 42
-0.578745
  0
VERTEX
  8
0
 10
157.202508
 20
231.625147
 42
-0.017016
  0
VERTEX
  8
0
 10
154.501515
 20
231.647387
 42
-0.019848
  0
VERTEX
  8
0
 10
151.019742
 20
231.933368
 42
-0.014408
  0
VERTEX
  8
0
 10
147.174590
 20
232.516302
 42
-0.060849
  0
VERTEX
  8
0
 10
145.594494
 20
233.006500
 42
-0.032839
  0
VERTEX
  8
0
 10
143.792034
 20
233.963333
 42
-0.030826
  0
VERTEX
  8
0
 10
141.969587
 20
235.251525
 42
-0.030786
  0
VERTEX
  8
0
 10
140.318510
 20
236.754542
 42
-0.021006
  0
VERTEX
  8
0
 10
138.244061
 20
239.078424
 42
-0.091362
  0
VERTEX
  8
0
 10
137.355482
 20
240.687613
 42
-0.083133
  0
VERTEX
  8
0
 10
137.056829
 20
242.581326
 42
-0.015687
  0
VERTEX
  8
0
 10
137.200274
 20
246.092001
 42
-0.026114
  0
VERTEX
  8
0
 10
137.513056
 20
248.592849
 42
-0.017750
  0
VERTEX
  8
0
 10
138.117143
 20
251.397640
 42
-0.017919
  0
VERTEX
  8
0
 10
138.895812
 20
254.070625
 42
-0.033937
  0
VERTEX
  8
0
 10
139.742368
 20
256.146918
 42
0.028435
  0
VERTEX
  8
0
 10
141.840121
 20
261.134425
 42
0.014591
  0
VERTEX
  8
0
 10
143.923431
 20
267.591311
 42
0.013464
  0
VERTEX
  8
0
 10
145.559469
 20
273.841873
 42
0.057331
  0
VERTEX
  8
0
 10
146.000000
 20
277.671225
 42
-0.040143
  0
VERTEX
  8
0
 10
146.104119
 20
278.965980
 42
-0.056454
  0
VERTEX
  8
0
 10
146.416592
 20
280.080817
 42
-0.068412
  0
VERTEX
  8
0
 10
146.895944
 20
280.912856
 42
-0.137126
  0
VERTEX
  8
0
 10
147.500000
 20
281.361626
 42
0.102947
  0
VERTEX
  8
0
 10
148.548280
 20
282.035880
 42
0.187746
  0
VERTEX
  8
0
 10
148.959880
 20
282.950497
 42
0.257520
  0
VERTEX
  8
0
 10
148.598050
 20
283.695006
 42
0.154800
  0
VERTEX
  8
0
 10
147.636536
 20
284.000000
 42
-0.157367
  0
VERTEX
  8
0
 10
147.114575
 20
284.168451
 42
-0.108449
  0
VERTEX
  8
0
 10
146.696899
 20
284.634802
 42
-0.084719
  0
VERTEX
  8
0
 10
146.440681
 20
285.347081
 42
-0.056941
  0
VERTEX
  8
0
 10
146.386536
 20
286.212118
 42
-0.138978
  0
VERTEX
  8
0
 10
146.900103
 20
287.724123
 42
-0.081717
  0
VERTEX
  8
0
 10
148.234441
 20
289.109342
 42
-0.058302
  0
VERTEX
  8
0
 10
150.410347
 20
290.368397
 42
-0.027185
  0
VERTEX
  8
0
 10
153.471975
 20
291.498940
 42
0.018784
  0
VERTEX
  8
0
 10
154.515718
 20
291.864557
 42
0.224216
  0
VERTEX
  8
0
 10
154.801099
 20
292.167740
 42
0.308405
  0
VERTEX
  8
0
 10
154.700632
 20
292.511585
 42
0.031088
  0
VERTEX
  8
0
 10
153.971975
 20
293.038482
 42
0.068269
  0
VERTEX
  8
0
 10
153.182894
 20
293.398066
 42
0.023734
  0
VERTEX
  8
0
 10
151.967370
 20
293.700423
 42
0.023062
  0
VERTEX
  8
0
 10
150.580543
 20
293.910339
 42
0.024867
  0
VERTEX
  8
0
 10
149.214817
 20
293.984687
 42
-0.041694
  0
VERTEX
  8
0
 10
147.770785
 20
294.112094
 42
-0.027498
  0
VERTEX
  8
0
 10
146.145547
 20
294.486337
 42
-0.027674
  0
VERTEX
  8
0
 10
144.594056
 20
295.029301
 42
-0.047051
  0
VERTEX
  8
0
 10
143.379474
 20
295.670929
 42
0.018535
  0
VERTEX
  8
0
 10
141.978173
 20
296.516586
 42
0.105016
  0
VERTEX
  8
0
 10
141.148917
 20
296.770059
 42
0.189324
  0
VERTEX
  8
0
 10
140.538544
 20
296.590015
 42
0.089277
  0
VERTEX
  8
0
 10
139.980640
 20
295.968675
 42
0.048234
  0
VERTEX
  8
0
 10
139.692878
 20
295.383724
 42
0.050262
  0
VERTEX
  8
0
 10
139.527375
 20
294.762452
 42
0.055590
  0
VERTEX
  8
0
 10
139.499791
 20
294.198132
 42
0.123459
  0
VERTEX
  8
0
 10
139.629365
 20
293.790683
 42
-0.190287
  0
VERTEX
  8
0
 10
139.692956
 20
293.436185
 42
-0.115253
  0
VERTEX
  8
0
 10
139.513571
 20
293.043051
 42
-0.083554
  0
VERTEX
  8
0
 10
139.108674
 20
292.668485
 42
-0.053395
  0
VERTEX
  8
0
 10
138.536697
 20
292.375708
 42
-0.136823
  0
VERTEX
  8
0
 10
137.712940
 20
292.297671
 42
-0.071328
  0
VERTEX
  8
0
 10
136.726177
 20
292.624586
 42
-0.056133
  0
VERTEX
  8
0
 10
135.642692
 20
293.325937
 42
-0.034203
  0
VERTEX
  8
0
 10
134.531113
 20
294.371928
 42
0.028431
  0
VERTEX
  8
0
 10
133.216958
 20
295.637432
 42
0.086046
  0
VERTEX
  8
0
 10
132.154058
 20
296.271717
 42
0.111909
  0
VERTEX
  8
0
 10
131.107799
 20
296.422859
 42
0.068831
  0
VERTEX
  8
0
 10
129.886829
 20
296.153839
 42
0.029563
  0
VERTEX
  8
0
 10
128.965436
 20
295.749619
 42
0.125368
  0
VERTEX
  8
0
 10
128.517087
 20
295.354827
 42
0.273246
  0
VERTEX
  8
0
 10
128.491886
 20
294.973139
 42
0.138292
  0
VERTEX
  8
0
 10
128.829031
 20
294.605665
 42
-0.092193
  0
VERTEX
  8
0
 10
129.710525
 20
293.804910
 42
-0.191358
  0
VERTEX
  8
0
 10
129.955574
 20
292.924098
 42
-0.240677
  0
VERTEX
  8
0
 10
129.519744
 20
292.257670
 42
-0.130549
  0
VERTEX
  8
0
 10
128.549690
 20
292.000000
 42
0.074746
  0
VERTEX
  8
0
 10
127.935679
 20
291.907694
 42
0.052215
  0
VERTEX
  8
0
 10
127.290500
 20
291.632812
 42
0.051987
  0
VERTEX
  8
0
 10
126.712887
 20
291.228265
 42
0.071823
  0
VERTEX
  8
0
 10
126.299690
 20
290.750000
 42
-0.210285
  0
VERTEX
  8
0
 10
124.901233
 20
289.819462
 42
-0.028108
  0
VERTEX
  8
0
 10
121.300415
 20
289.398443
 42
-0.026870
  0
VERTEX
  8
0
 10
117.776310
 20
289.375657
 42
-0.400438
  0
VERTEX
  8
0
 10
117.000000
 20
290.189551
 42
0.246484
  0
VERTEX
  8
0
 10
116.838321
 20
290.497595
 42
0.114310
  0
VERTEX
  8
0
 10
116.405899
 20
290.668555
 42
0.073120
  0
VERTEX
  8
0
 10
115.752608
 20
290.670439
 42
0.041082
  0
VERTEX
  8
0
 10
114.977529
 20
290.492868
 42
-0.085302
  0
VERTEX
  8
0
 10
112.958531
 20
290.214234
 42
-0.033538
  0
VERTEX
  8
0
 10
110.154847
 20
290.495832
 42
-0.027509
  0
VERTEX
  8
0
 10
107.574021
 20
291.078810
 42
-0.335176
  0
VERTEX
  8
0
 10
107.000000
 20
291.838908
 42
-0.262699
  0
VERTEX
  8
0
 10
107.683896
 20
293.050749
 42
-0.056296
  0
VERTEX
  8
0
 10
109.961563
 20
294.097384
 42
-0.045600
  0
VERTEX
  8
0
 10
113.197406
 20
294.845252
 42
-0.030489
  0
VERTEX
  8
0
 10
116.990214
 20
295.130380
 42
0.016900
  0
VERTEX
  8
0
 10
119.582972
 20
295.254598
 42
0.030865
  0
VERTEX
  8
0
 10
121.678485
 20
295.557133
 42
0.037480
  0
VERTEX
  8
0
 10
123.241621
 20
296.006651
 42
0.131533
  0
VERTEX
  8
0
 10
124.088815
 20
296.607016
 42
-0.067504
  0
VERTEX
  8
0
 10
124.669080
 20
297.140338
 42
-0.044530
  0
VERTEX
  8
0
 10
125.456824
 20
297.590811
 42
-0.044283
  0
VERTEX
  8
0
 10
126.318767
 20
297.897607
 42
-0.063446
  0
VERTEX
  8
0
 10
127.122445
 20
298.000000
 42
0.071545
  0
VERTEX
  8
0
 10
128.492485
 20
298.197047
 42
0.345128
  0
VERTEX
  8
0
 10
128.920060
 20
298.795402
 42
0.207457
  0
VERTEX
  8
0
 10
128.493199
 20
299.671634
 42
0.037547
  0
VERTEX
  8
0
 10
127.000000
 20
300.767927
 42
-0.044247
  0
VERTEX
  8
0
 10
126.234848
 20
301.345604
 42
-0.044918
  0
VERTEX
  8
0
 10
125.587500
 20
302.046219
 42
-0.048947
  0
VERTEX
  8
0
 10
125.142128
 20
302.759275
 42
-0.115634
  0
VERTEX
  8
0
 10
125.000000
 20
303.365617
 42
0.188886
  0
VERTEX
  8
0
 10
124.249302
 20
305.281892
 42
0.011062
  0
VERTEX
  8
0
 10
119.811324
 20
309.869061
 42
0.011151
  0
VERTEX
  8
0
 10
115.176610
 20
314.252158
 42
0.185899
  0
VERTEX
  8
0
 10
113.234698
 20
315.000000
 42
-0.041744
  0
VERTEX
  8
0
 10
112.492750
 20
315.062052
 42
-0.339046
  0
VERTEX
  8
0
 10
112.274845
 20
315.295886
 42
-0.183943
  0
VERTEX
  8
0
 10
112.387801
 20
315.708136
 42
-0.015368
  0
VERTEX
  8
0
 10
113.080317
 20
316.596777
 42
0.036228
  0
VERTEX
  8
0
 10
113.722743
 20
317.496075
 42
0.186044
  0
VERTEX
  8
0
 10
113.830490
 20
318.088204
 42
0.184644
  0
VERTEX
  8
0
 10
113.513190
 20
318.602196
 42
0.035604
  0
VERTEX
  8
0
 10
112.582785
 20
319.213609
 42
-0.028371
  0
VERTEX
  8
0
 10
111.729277
 20
319.756995
 42
-0.165493
  0
VERTEX
  8
0
 10
111.424545
 20
320.184638
 42
-0.262524
  0
VERTEX
  8
0
 10
111.515804
 20
320.588276
 42
-0.070468
  0
VERTEX
  8
0
 10
112.040117
 20
321.024794
 42
0.215781
  0
VERTEX
  8
0
 10
113.221336
 20
322.780697
 42
0.025193
  0
VERTEX
  8
0
 10
113.785932
 20
327.594371
 42
0.029261
  0
VERTEX
  8
0
 10
113.824844
 20
332.535034
 42
0.110640
  0
VERTEX
  8
0
 10
113.002142
 20
335.495998
 42
-0.167144
  0
VERTEX
  8
0
 10
112.329276
 20
339.660937
 42
-0.120747
  0
VERTEX
  8
0
 10
114.225088
 20
344.006335
 42
-0.093808
  0
VERTEX
  8
0
 10
118.477368
 20
347.827201
 42
-0.065602
  0
VERTEX
  8
0
 10
124.392244
 20
350.425651
 42
0.029419
  0
VERTEX
  8
0
 10
129.221176
 20
352.143235
 42
0.031560
  0
VERTEX
  8
0
 10
133.698959
 20
354.382145
 42
0.029144
  0
VERTEX
  8
0
 10
137.171098
 20
356.681979
 42
0.236123
  0
VERTEX
  8
0
 10
138.000000
 20
358.339352
 42
-0.181490
  0
VERTEX
  8
0
 10
138.203829
 20
358.882398
 42
-0.143263
  0
VERTEX
  8
0
 10
138.736907
 20
359.222630
 42
-0.080263
  0
VERTEX
  8
0
 10
139.655301
 20
359.336436
 42
-0.027215
  0
VERTEX
  8
0
 10
141.000000
 20
359.213308
 42
0.029792
  0
VERTEX
  8
0
 10
142.222486
 20
359.107715
 42
0.061767
  0
VERTEX
  8
0
 10
143.174355
 20
359.200127
 42
0.097557
  0
VERTEX
  8
0
 10
143.782567
 20
359.467850
 42
0.245151
  0
VERTEX
  8
0
 10
144.000000
 20
359.884664
 42
-0.195765
  0
VERTEX
  8
0
 10
144.237204
 20
360.467287
 42
-0.020627
  0
VERTEX
  8
0
 10
145.328085
 20
361.496397
 42
-0.023069
  0
VERTEX
  8
0
 10
146.789356
 20
362.651458
 42
-0.016507
  0
VERTEX
  8
0
 10
148.521141
 20
363.810356
 42
0.019446
  0
VERTEX
  8
0
 10
150.199373
 20
364.947751
 42
0.033534
  0
VERTEX
  8
0
 10
151.487673
 20
366.036300
 42
0.038752
  0
VERTEX
  8
0
 10
152.298378
 20
366.951855
 42
0.366968
  0
VERTEX
  8
0
 10
152.271141
 20
367.436420
 42
-0.265151
  0
VERTEX
  8
0
 10
152.214352
 20
367.667279
 42
-0.312067
  0
VERTEX
  8
0
 10
152.384831
 20
367.807592
 42
-0.074274
  0
VERTEX
  8
0
 10
152.926174
 20
367.772565
 42
-0.021326
  0
VERTEX
  8
0
 10
153.741051
 20
367.559680
 42
0.064922
  0
VERTEX
  8
0
 10
155.578644
 20
367.247046
 42
0.115721
  0
VERTEX
  8
0
 10
157.076601
 20
367.537560
 42
0.324977
  0
VERTEX
  8
0
 10
157.473006
 20
368.229262
 42
0.231295
  0
VERTEX
  8
0
 10
156.978647
 20
369.013197
 42
-0.165940
  0
VERTEX
  8
0
 10
156.195313
 20
369.965523
 42
-0.296112
  0
VERTEX
  8
0
 10
156.404723
 20
370.918452
 42
-0.201319
  0
VERTEX
  8
0
 10
157.549372
 20
371.377477
 42
-0.119426
  0
VERTEX
  8
0
 10
158.994947
 20
371.002704
 42
0.062568
  0
VERTEX
  8
0
 10
160.847135
 20
370.291919
 42
0.057004
  0
VERTEX
  8
0
 10
162.877729
 20
370.031471
 42
0.070414
  0
VERTEX
  8
0
 10
164.477530
 20
370.235607
 42
0.337862
  0
VERTEX
  8
0
 10
165.000000
 20
370.920545
 42
0.226241
  0
VERTEX
  8
0
 10
164.810683
 20
371.317526
 42
0.046945
  0
VERTEX
  8
0
 10
164.149210
 20
371.757544
 42
0.040755
  0
VERTEX
  8
0
 10
163.212930
 20
372.166383
 42
0.028517
  0
VERTEX
  8
0
 10
162.103692
 20
372.477225
 42
-0.046197
  0
VERTEX
  8
0
 10
160.859243
 20
372.873843
 42
-0.030459
  0
VERTEX
  8
0
 10
159.513653
 20
373.543463
 42
-0.030624
  0
VERTEX
  8
0
 10
158.273755
 20
374.362708
 42
-0.050687
  0
VERTEX
  8
0
 10
157.353692
 20
375.213672
 42
-0.004063
  0
VERTEX
  8
0
 10
156.113172
 20
376.642467
 42
-0.244509
  0
VERTEX
  8
0
 10
156.038755
 20
376.964281
 42
-0.403754
  0
VERTEX
  8
0
 10
156.260854
 20
377.100745
 42
-0.007207
  0
VERTEX
  8
0
 10
157.750000
 20
376.750611
 42
0.041412
  0
VERTEX
  8
0
 10
158.612055
 20
376.609222
 42
0.070662
  0
VERTEX
  8
0
 10
159.339063
 20
376.653844
 42
0.106084
  0
VERTEX
  8
0
 10
159.823041
 20
376.866367
 42
0.240919
  0
VERTEX
  8
0
 10
160.000000
 20
377.212308
 42
-0.586611
  0
VERTEX
  8
0
 10
160.527987
 20
377.507478
 42
-0.012716
  0
VERTEX
  8
0
 10
163.600372
 20
375.509007
 42
-0.018127
  0
VERTEX
  8
0
 10
166.645725
 20
373.249266
 42
-0.071853
  0
VERTEX
  8
0
 10
168.234687
 20
371.552863
 42
0.030724
  0
VERTEX
  8
0
 10
168.569054
 20
371.131403
 42
0.256610
  0
VERTEX
  8
0
 10
168.790814
 20
371.053877
 42
0.317723
  0
VERTEX
  8
0
 10
168.939936
 20
371.201793
 42
0.040320
  0
VERTEX
  8
0
 10
168.984687
 20
371.678571
 42
0.093938
  0
VERTEX
  8
0
 10
168.886563
 20
372.235707
 42
0.036132
  0
VERTEX
  8
0
 10
168.554877
 20
372.951563
 42
0.034194
  0
VERTEX
  8
0
 10
168.072878
 20
373.696173
 42
0.035653
  0
VERTEX
  8
0
 10
167.500000
 20
374.357143
 42
-0.030555
  0
VERTEX
  8
0
 10
166.925950
 20
375.005994
 42
-0.031356
  0
VERTEX
  8
0
 10
166.440625
 20
375.714593
 42
-0.033025
  0
VERTEX
  8
0
 10
166.101241
 20
376.379739
 42
-0.101794
  0
VERTEX
  8
0
 10
166.000000
 20
376.871867
 42
0.143484
  0
VERTEX
  8
0
 10
165.855520
 20
377.364972
 42
0.035689
  0
VERTEX
  8
0
 10
165.347139
 20
378.045799
 42
0.033545
  0
VERTEX
  8
0
 10
164.628208
 20
378.772813
 42
0.028235
  0
VERTEX
  8
0
 10
163.777494
 20
379.443296
 42
-0.019705
  0
VERTEX
  8
0
 10
162.989747
 20
380.042663
 42
-0.053865
  0
VERTEX
  8
0
 10
162.501599
 20
380.542718
 42
-0.173112
  0
VERTEX
  8
0
 10
162.399567
 20
380.847646
 42
-0.408389
  0
VERTEX
  8
0
 10
162.554988
 20
381.000000
 42
-0.096672
  0
VERTEX
  8
0
 10
163.092754
 20
380.895046
 42
-0.019348
  0
VERTEX
  8
0
 10
163.987536
 20
380.490967
 42
-0.019788
  0
VERTEX
  8
0
 10
165.007550
 20
379.930494
 42
-0.017324
  0
VERTEX
  8
0
 10
166.027494
 20
379.267122
 42
0.071870
  0
VERTEX
  8
0
 10
168.135942
 20
378.201906
 42
0.094868
  0
VERTEX
  8
0
 10
170.264577
 20
377.912462
 42
0.112326
  0
VERTEX
  8
0
 10
172.083381
 20
378.431011
 42
0.138678
  0
VERTEX
  8
0
 10
173.335404
 20
379.662295
 42
-0.103846
  0
VERTEX
  8
0
 10
174.319654
 20
380.773021
 42
-0.043454
  0
VERTEX
  8
0
 10
176.030671
 20
381.826517
 42
-0.042558
  0
VERTEX
  8
0
 10
178.011860
 20
382.617774
 42
-0.062175
  0
VERTEX
  8
0
 10
179.861291
 20
382.936614
 42
-0.182259
  0
VERTEX
  8
0
 10
180.454068
 20
382.744092
 42
-0.177652
  0
VERTEX
  8
0
 10
180.780043
 20
382.205875
 42
-0.077805
  0
VERTEX
  8
0
 10
180.818840
 20
381.175543
 42
-0.016948
  0
SEQEND
  0
POLYLINE
  8
0
 66
1
 70
1
  0
VERTEX
  8
0
 10
229.020056
 20
377.475834
 42
-0.045266
  0
VERTEX
  8
0
 10
229.986027
 20
376.070684
 42
-0.475211
  0
VERTEX
  8
0
 10
229.762968
 20
375.504768
 42
-0.255106
  0
VERTEX
  8
0
 10
228.884466
 20
375.675050
 42
-0.036070
  0
VERTEX
  8
0
 10
227.505548
 20
376.993869
 42
-0.026836
  0
VERTEX
  8
0
 10
226.879557
 20
377.764969
 42
-0.064121
  0
VERTEX
  8
0
 10
226.526644
 20
378.410699
 42
-0.150719
  0
VERTEX
  8
0
 10
226.496726
 20
378.820241
 42
-0.349393
  0
VERTEX
  8
0
 10
226.722568
 20
379.000000
 42
-0.107497
  0
VERTEX
  8
0
 10
227.207094
 20
378.894612
 42
-0.039370
  0
VERTEX
  8
0
 10
227.823379
 20
378.552276
 42
-0.036800
  0
VERTEX
  8
0
 10
228.459787
 20
378.059062
 42
-0.036315
  0
SEQEND
  0
POLYLINE
  8
0
 66
1
 70
1
  0
VERTEX
  8
0
 10
210.127555
 20
373.250000
 42
-0.001576
  0
VERTEX
  8
0
 10
211.007640
 20
372.120493
 42
-0.377591
  0
VERTEX
  8
0
 10
211.000000
 20
372.000000
 42
-0.377591
  0
VERTEX
  8
0
 10
210.879507
 20
371.992360
 42
-0.001576
  0
VERTEX
  8
0
 10
209.750000
 20
372.872445
 42
-0.012436
  0
VERTEX
  8
0
 10
209.079598
 20
373.425681
 42
-0.017649
  0
VERTEX
  8
0
 10
208.514062
 20
373.952641
 42
-0.013803
  0
VERTEX
  8
0
 10
208.081150
 20
374.410139
 42
-0.184603
  0
VERTEX
  8
0
 10
208.000000
 20
374.622445
 42
-0.307699
  0
VERTEX
  8
0
 10
208.193395
 20
374.906950
 42
-0.241985
  0
VERTEX
  8
0
 10
208.573889
 20
374.869516
 42
-0.065617
  0
VERTEX
  8
0
 10
209.236680
 20
374.306759
 42
-0.017685
  0
SEQEND
  0
POLYLINE
  8
0
 66
1
 70
1
  0
VERTEX
  8
0
 10
233.500000
 20
373.000000
 42
-0.076764
  0
VERTEX
  8
0
 10
233.661825
 20
372.617617
 42
-0.154201
  0
VERTEX
  8
0
 10
233.642737
 20
372.293750
 42
-0.186277
  0
VERTEX
  8
0
 10
233.449529
 20
372.079239
 42
-0.117858
  0
VERTEX
  8
0
 10
233.118034
 20
372.000000
 42
-0.085235
  0
VERTEX
  8
0
 10
232.689814
 20
372.073533
 42
-0.053414
  0
VERTEX
  8
0
 10
232.230237
 20
372.293750
 42
-0.051777
  0
VERTEX
  8
0
 10
231.810561
 20
372.617474
 42
-0.064269
  0
VERTEX
  8
0
 10
231.500000
 20
373.000000
 42
-0.076764
  0
VERTEX
  8
0
 10
231.338175
 20
373.382383
 42
-0.154201
  0
VERTEX
  8
0
 10
231.357263
 20
373.706250
 42
-0.186277
  0
VERTEX
  8
0
 10
231.550471
 20
373.920761
 42
-0.117858
  0
VERTEX
  8
0
 10
231.881966
 20
374.000000
 42
-0.085235
  0
VERTEX
  8
0
 10
232.310186
 20
373.926467
 42
-0.053414
  0
VERTEX
  8
0
 10
232.769763
 20
373.706250
 42
-0.051777
  0
VERTEX
  8
0
 10
233.189439
 20
373.382526
 42
-0.064269
  0
SEQEND
  0
POLYLINE
  8
0
 66
1
 70
1
  0
VERTEX
  8
0
 10
205.500000
 20
371.000000
 42
-0.248314
  0
VERTEX
  8
0
 10
205.525676
 20
370.616153
 42
-0.167127
  0
VERTEX
  8
0
 10
205.219427
 20
370.288197
 42
-0.085479
  0
VERTEX
  8
0
 10
204.553315
 20
370.069023
 42
-0.036850
  0
VERTEX
  8
0
 10
203.618034
 20
370.000000
 42
-0.036773
  0
VERTEX
  8
0
 10
202.615763
 20
370.073814
 42
-0.040854
  0
VERTEX
  8
0
 10
201.670862
 20
370.293750
 42
-0.044834
  0
VERTEX
  8
0
 10
200.910071
 20
370.615371
 42
-0.132684
  0
VERTEX
  8
0
 10
200.500000
 20
371.000000
 42
-0.248314
  0
VERTEX
  8
0
 10
200.474324
 20
371.383847
 42
-0.167127
  0
VERTEX
  8
0
 10
200.780573
 20
371.711803
 42
-0.085479
  0
VERTEX
  8
0
 10
201.446685
 20
371.930977
 42
-0.036850
  0
VERTEX
  8
0
 10
202.381966
 20
372.000000
 42
-0.036773
  0
VERTEX
  8
0
 10
203.384237
 20
371.926186
 42
-0.040854
  0
VERTEX
  8
0
 10
204.329138
 20
371.706250
 42
-0.044834
  0
VERTEX
  8
0
 10
205.089929
 20
371.384629
 42
-0.132684
  0
SEQEND
  0
POLYLINE
  8
0
 66
1
 70
1
  0
VERTEX
  8
0
 10
200.750000
 20
369.369714
 42
-0.055438
  0
VERTEX
  8
0
 10
202.692843
 20
368.610340
 42
-0.406173
  0
VERTEX
  8
0
 10
202.974169
 20
367.749323
 42
-0.288286
  0
VERTEX
  8
0
 10
202.025213
 20
367.162784
 42
-0.047450
  0
VERTEX
  8
0
 10
199.781250
 20
367.393750
 42
-0.034235
  0
VERTEX
  8
0
 10
197.282957
 20
368.073994
 42
-0.085681
  0
VERTEX
  8
0
 10
195.634552
 20
368.985743
 42
-0.461065
  0
VERTEX
  8
0
 10
195.614875
 20
369.628827
 42
-0.188266
  0
VERTEX
  8
0
 10
196.550000
 20
369.986345
 42
-0.022904
  0
VERTEX
  8
0
 10
197.458001
 20
369.938357
 42
-0.011794
  0
VERTEX
  8
0
 10
198.588125
 20
369.799577
 42
-0.011698
  0
VERTEX
  8
0
 10
199.746377
 20
369.601745
 42
-0.017320
  0
SEQEND
  0
POLYLINE
  8
0
 66
1
 70
1
  0
VERTEX
  8
0
 10
234.500000
 20
368.000000
 42
-0.076764
  0
VERTEX
  8
0
 10
234.661825
 20
367.617617
 42
-0.154201
  0
VERTEX
  8
0
 10
234.642737
 20
367.293750
 42
-0.186277
  0
VERTEX
  8
0
 10
234.449529
 20
367.079239
 42
-0.117858
  0
VERTEX
  8
0
 10
234.118034
 20
367.000000
 42
-0.085235
  0
VERTEX
  8
0
 10
233.689814
 20
367.073533
 42
-0.053414
  0
VERTEX
  8
0
 10
233.230237
 20
367.293750
 42
-0.051777
  0
VERTEX
  8
0
 10
232.810561
 20
367.617474
 42
-0.064269
  0
VERTEX
  8
0
 10
232.500000
 20
368.000000
 42
-0.076764
  0
VERTEX
  8
0
 10
232.338175
 20
368.382383
 42
-0.154201
  0
VERTEX
  8
0
 10
232.357263
 20
368.706250
 42
-0.186277
  0
VERTEX
  8
0
 10
232.550471
 20
368.920761
 42
-0.117858
  0
VERTEX
  8
0
 10
232.881966
 20
369.000000
 42
-0.085235
  0
VERTEX
  8
0
 10
233.310186
 20
368.926467
 42
-0.053414
  0
VERTEX
  8
0
 10
233.769763
 20
368.706250
 42
-0.051777
  0
VERTEX
  8
0
 10
234.189439
 20
368.382526
 42
-0.064269
  0
SEQEND
  0
POLYLINE
  8
0
 66
1
 70
1
  0
VERTEX
  8
0
 10
208.964286
 20
363.392677
 42
-0.017918
  0
VERTEX
  8
0
 10
209.751941
 20
362.587866
 42
-0.309161
  0
VERTEX
  8
0
 10
209.800412
 20
362.241694
 42
-0.269033
  0
VERTEX
  8
0
 10
209.489406
 20
362.035878
 42
-0.014748
  0
VERTEX
  8
0
 10
208.273303
 20
362.000000
 42
-0.042426
  0
VERTEX
  8
0
 10
207.402989
 20
362.073980
 42
-0.044146
  0
VERTEX
  8
0
 10
206.569597
 20
362.293750
 42
-0.048295
  0
VERTEX
  8
0
 10
205.889541
 20
362.616057
 42
-0.120103
  0
VERTEX
  8
0
 10
205.500000
 20
363.000000
 42
0.135468
  0
VERTEX
  8
0
 10
205.079744
 20
363.389883
 42
0.041474
  0
VERTEX
  8
0
 10
204.273037
 20
363.726896
 42
0.038107
  0
VERTEX
  8
0
 10
203.266379
 20
363.969668
 42
0.033602
  0
VERTEX
  8
0
 10
202.190983
 20
364.070285
 42
-0.004235
  0
VERTEX
  8
0
 10
200.549506
 20
364.127074
 42
-0.224568
  0
VERTEX
  8
0
 10
200.278358
 20
364.269915
 42
-0.476991
  0
VERTEX
  8
0
 10
200.328534
 20
364.469743
 42
-0.008213
  0
VERTEX
  8
0
 10
201.500000
 20
364.990385
 42
-0.082716
  0
VERTEX
  8
0
 10
203.348940
 20
365.436460
 42
-0.070754
  0
VERTEX
  8
0
 10
205.349899
 20
365.296983
 42
-0.068534
  0
VERTEX
  8
0
 10
207.291063
 20
364.593418
 42
-0.069051
  0
SEQEND
  0
POLYLINE
  8
0
 66
1
 70
1
  0
VERTEX
  8
0
 10
210.500000
 20
360.000000
 42
-0.076764
  0
VERTEX
  8
0
 10
210.661825
 20
359.617617
 42
-0.154201
  0
VERTEX
  8
0
 10
210.642737
 20
359.293750
 42
-0.186277
  0
VERTEX
  8
0
 10
210.449529
 20
359.079239
 42
-0.117858
  0
VERTEX
  8
0
 10
210.118034
 20
359.000000
 42
-0.085235
  0
VERTEX
  8
0
 10
209.689814
 20
359.073533
 42
-0.053414
  0
VERTEX
  8
0
 10
209.230237
 20
359.293750
 42
-0.051777
  0
VERTEX
  8
0
 10
208.810561
 20
359.617474
 42
-0.064269
  0
VERTEX
  8
0
 10
208.500000
 20
360.000000
 42
-0.076764
  0
VERTEX
  8
0
 10
208.338175
 20
360.382383
 42
-0.154201
  0
VERTEX
  8
0
 10
208.357263
 20
360.706250
 42
-0.186277
  0
VERTEX
  8
0
 10
208.550471
 20
360.920761
 42
-0.117858
  0
VERTEX
  8
0
 10
208.881966
 20
361.000000
 42
-0.085235
  0
VERTEX
  8
0
 10
209.310186
 20
360.926467
 42
-0.053414
  0
VERTEX
  8
0
 10
209.769763
 20
360.706250
 42
-0.051777
  0
VERTEX
  8
0
 10
210.189439
 20
360.382526
 42
-0.064269
  0
SEQEND
  0
POLYLINE
  8
0
 66
1
 70
1
  0
VERTEX
  8
0
 10
7.683114
 20
333.812500
 42
-0.054073
  0
VERTEX
  8
0
 10
7.461564
 20
333.395823
 42
-0.470617
  0
VERTEX
  8
0
 10
7.279315
 20
333.378580
 42
-0.168741
  0
VERTEX
  8
0
 10
7.137993
 20
333.670344
 42
-0.018894
  0
VERTEX
  8
0
 10
7.078947
 20
334.416667
 42
-0.028489
  0
VERTEX
  8
0
 10
7.089945
 20
335.112848
 42
-0.077125
  0
VERTEX
  8
0
 10
7.200665
 20
335.592839
 42
-0.208169
  0
VERTEX
  8
0
 10
7.385309
 20
335.775380
 42
-0.296942
  0
VERTEX
  8
0
 10
7.604167
 20
335.729167
 42
-0.126455
  0
VERTEX
  8
0
 10
7.797407
 20
335.402231
 42
-0.060344
  0
VERTEX
  8
0
 10
7.876576
 20
334.916927
 42
-0.054150
  0
VERTEX
  8
0
 10
7.839148
 20
334.359369
 42
-0.051402
  0
SEQEND
  0
POLYLINE
  8
0
 66
1
 70
1
  0
VERTEX
  8
0
 10
7.724731
 20
322.767909
 42
-0.069146
  0
VERTEX
  8
0
 10
7.574262
 20
322.205163
 42
-0.756877
  0
VERTEX
  8
0
 10
7.435944
 20
322.222448
 42
-0.031761
  0
VERTEX
  8
0
 10
7.337136
 20
323.352754
 42
-0.005499
  0
VERTEX
  8
0
 10
7.309869
 20
325.500000
 42
-0.005888
  0
VERTEX
  8
0
 10
7.331591
 20
327.655786
 42
-0.025342
  0
VERTEX
  8
0
 10
7.424528
 20
328.934948
 42
-0.556092
  0
VERTEX
  8
0
 10
7.565802
 20
329.000181
 42
-0.212532
  0
VERTEX
  8
0
 10
7.714526
 20
328.767909
 42
-0.024559
  0
VERTEX
  8
0
 10
7.845055
 20
327.487453
 42
-0.012695
  0
VERTEX
  8
0
 10
7.888655
 20
325.878422
 42
-0.012590
  0
VERTEX
  8
0
 10
7.849672
 20
324.218327
 42
-0.018638
  0
SEQEND
  0
POLYLINE
  8
0
 66
1
 70
1
  0
VERTEX
  8
0
 10
7.683114
 20
315.812500
 42
-0.054073
  0
VERTEX
  8
0
 10
7.461564
 20
315.395823
 42
-0.470617
  0
VERTEX
  8
0
 10
7.279315
 20
315.378580
 42
-0.168741
  0
VERTEX
  8
0
 10
7.137993
 20
315.670344
 42
-0.018894
  0
VERTEX
  8
0
 10
7.078947
 20
316.416667
 42
-0.028489
  0
VERTEX
  8
0
 10
7.089945
 20
317.112848
 42
-0.077125
  0
VERTEX
  8
0
 10
7.200665
 20
317.592839
 42
-0.208169
  0
VERTEX
  8
0
 10
7.385309
 20
317.775380
 42
-0.296942
  0
VERTEX
  8
0
 10
7.604167
 20
317.729167
 42
-0.126455
  0
VERTEX
  8
0
 10
7.797407
 20
317.402231
 42
-0.060344
  0
VERTEX
  8
0
 10
7.876576
 20
316.916927
 42
-0.054150
  0
VERTEX
  8
0
 10
7.839148
 20
316.359369
 42
-0.051402
  0
SEQEND
  0
POLYLINE
  8
0
 66
1
 70
1
  0
VERTEX
  8
0
 10
7.662281
 20
308.750000
 42
-0.174857
  0
VERTEX
  8
0
 10
7.474999
 20
308.540618
 42
-0.447206
  0
VERTEX
  8
0
 10
7.306058
 20
308.601562
 42
-0.078554
  0
VERTEX
  8
0
 10
7.189089
 20
309.108560
 42
-0.017491
  0
VERTEX
  8
0
 10
7.157895
 20
310.000000
 42
-0.017491
  0
VERTEX
  8
0
 10
7.189089
 20
310.891440
 42
-0.078554
  0
VERTEX
  8
0
 10
7.306058
 20
311.398438
 42
-0.447206
  0
VERTEX
  8
0
 10
7.474999
 20
311.459382
 42
-0.174857
  0
VERTEX
  8
0
 10
7.662281
 20
311.250000
 42
-0.057986
  0
VERTEX
  8
0
 10
7.818615
 20
310.679992
 42
-0.037979
  0
VERTEX
  8
0
 10
7.870340
 20
310.000000
 42
-0.037979
  0
VERTEX
  8
0
 10
7.818615
 20
309.320008
 42
-0.057986
  0
SEQEND
  0
POLYLINE
  8
0
 66
1
 70
1
  0
VERTEX
  8
0
 10
7.662281
 20
294.750000
 42
-0.174857
  0
VERTEX
  8
0
 10
7.474999
 20
294.540618
 42
-0.447206
  0
VERTEX
  8
0
 10
7.306058
 20
294.601562
 42
-0.078554
  0
VERTEX
  8
0
 10
7.189089
 20
295.108560
 42
-0.017491
  0
VERTEX
  8
0
 10
7.157895
 20
296.000000
 42
-0.017491
  0
VERTEX
  8
0
 10
7.189089
 20
296.891440
 42
-0.078554
  0
VERTEX
  8
0
 10
7.306058
 20
297.398438
 42
-0.447206
  0
VERTEX
  8
0
 10
7.474999
 20
297.459382
 42
-0.174857
  0
VERTEX
  8
0
 10
7.662281
 20
297.250000
 42
-0.057986
  0
VERTEX
  8
0
 10
7.818615
 20
296.679992
 42
-0.037979
  0
VERTEX
  8
0
 10
7.870340
 20
296.000000
 42
-0.037979
  0
VERTEX
  8
0
 10
7.818615
 20
295.320008
 42
-0.057986
  0
SEQEND
  0
POLYLINE
  8
0
 66
1
 70
1
  0
VERTEX
  8
0
 10
7.683114
 20
289.812500
 42
-0.054073
  0
VERTEX
  8
0
 10
7.461564
 20
289.395823
 42
-0.470617
  0
VERTEX
  8
0
 10
7.279315
 20
289.378580
 42
-0.168741
  0
VERTEX
  8
0
 10
7.137993
 20
289.670344
 42
-0.018894
  0
VERTEX
  8
0
 10
7.078947
 20
290.416667
 42
-0.028489
  0
VERTEX
  8
0
 10
7.089945
 20
291.112848
 42
-0.077125
  0
VERTEX
  8
0
 10
7.200665
 20
291.592839
 42
-0.208169
  0
VERTEX
  8
0
 10
7.385309
 20
291.775380
 42
-0.296942
  0
VERTEX
  8
0
 10
7.604167
 20
291.729167
 42
-0.126455
  0
VERTEX
  8
0
 10
7.797407
 20
291.402231
 42
-0.060344
  0
VERTEX
  8
0
 10
7.876576
 20
290.916927
 42
-0.054150
  0
VERTEX
  8
0
 10
7.839148
 20
290.359369
 42
-0.051402
  0
SEQEND
  0
POLYLINE
  8
0
 66
1
 70
1
  0
VERTEX
  8
0
 10
7.692991
 20
284.269032
 42
-0.087174
  0
VERTEX
  8
0
 10
7.516660
 20
283.883358
 42
-0.597527
  0
VERTEX
  8
0
 10
7.356533
 20
283.900903
 42
-0.080377
  0
VERTEX
  8
0
 10
7.235556
 20
284.431793
 42
-0.012823
  0
VERTEX
  8
0
 10
7.194949
 20
285.500000
 42
-0.014395
  0
VERTEX
  8
0
 10
7.212705
 20
286.580113
 42
-0.052471
  0
VERTEX
  8
0
 10
7.315079
 20
287.257153
 42
-0.333666
  0
VERTEX
  8
0
 10
7.477130
 20
287.386009
 42
-0.313180
  0
VERTEX
  8
0
 10
7.655937
 20
287.269032
 42
-0.062780
  0
VERTEX
  8
0
 10
7.814405
 20
286.671085
 42
-0.030339
  0
VERTEX
  8
0
 10
7.872264
 20
285.880008
 42
-0.029507
  0
VERTEX
  8
0
 10
7.832894
 20
285.036634
 42
-0.037336
  0
SEQEND
  0
POLYLINE
  8
0
 66
1
 70
1
  0
VERTEX
  8
0
 10
127.000000
 20
284.000000
 42
-0.016040
  0
VERTEX
  8
0
 10
127.779772
 20
283.459850
 42
-0.367612
  0
VERTEX
  8
0
 10
127.836839
 20
283.214297
 42
-0.268550
  0
VERTEX
  8
0
 10
127.588562
 20
283.055204
 42
-0.011288
  0
VERTEX
  8
0
 10
126.500000
 20
283.030626
 42
-0.040274
  0
VERTEX
  8
0
 10
125.624621
 20
283.101250
 42
-0.027303
  0
VERTEX
  8
0
 10
124.646875
 20
283.315379
 42
-0.027565
  0
VERTEX
  8
0
 10
123.719031
 20
283.628331
 42
-0.048366
  0
VERTEX
  8
0
 10
123.000000
 20
284.000000
 42
-0.016040
  0
VERTEX
  8
0
 10
122.220228
 20
284.540150
 42
-0.367612
  0
VERTEX
  8
0
 10
122.163161
 20
284.785703
 42
-0.268550
  0
VERTEX
  8
0
 10
122.411438
 20
284.944796
 42
-0.011288
  0
VERTEX
  8
0
 10
123.500000
 20
284.969374
 42
-0.040274
  0
VERTEX
  8
0
 10
124.375379
 20
284.898750
 42
-0.027303
  0
VERTEX
  8
0
 10
125.353125
 20
284.684621
 42
-0.027565
  0
VERTEX
  8
0
 10
126.280969
 20
284.371669
 42
-0.048366
  0
SEQEND
  0
POLYLINE
  8
0
 66
1
 70
1
  0
VERTEX
  8
0
 10
138.485191
 20
280.109133
 42
-0.012576
  0
VERTEX
  8
0
 10
139.929814
 20
279.297428
 42
-0.032315
  0
VERTEX
  8
0
 10
140.917099
 20
278.619558
 42
-0.095869
  0
VERTEX
  8
0
 10
141.282145
 20
278.197728
 42
-0.576886
  0
VERTEX
  8
0
 10
141.167803
 20
278.000000
 42
0.135701
  0
VERTEX
  8
0
 10
140.659674
 20
277.859506
 42
0.179136
  0
VERTEX
  8
0
 10
140.361210
 20
277.487977
 42
0.115596
  0
VERTEX
  8
0
 10
140.303802
 20
276.866362
 42
0.042338
  0
VERTEX
  8
0
 10
140.500000
 20
276.000000
 42
-0.043987
  0
VERTEX
  8
0
 10
140.676008
 20
275.210739
 42
-0.086344
  0
VERTEX
  8
0
 10
140.649865
 20
274.569758
 42
-0.136392
  0
VERTEX
  8
0
 10
140.433385
 20
274.158106
 42
-0.206760
  0
VERTEX
  8
0
 10
140.067388
 20
274.000000
 42
-0.112801
  0
VERTEX
  8
0
 10
139.660212
 20
274.093044
 42
-0.100211
  0
VERTEX
  8
0
 10
139.313545
 20
274.356069
 42
-0.094197
  0
VERTEX
  8
0
 10
139.080952
 20
274.749301
 42
-0.086791
  0
VERTEX
  8
0
 10
139.000000
 20
275.212148
 42
0.146925
  0
VERTEX
  8
0
 10
138.790255
 20
275.910523
 42
0.013840
  0
VERTEX
  8
0
 10
137.751563
 20
277.392860
 42
0.016792
  0
VERTEX
  8
0
 10
136.377788
 20
279.118118
 42
0.012438
  0
VERTEX
  8
0
 10
134.750000
 20
280.933680
 42
-0.004972
  0
VERTEX
  8
0
 10
133.233280
 20
282.575373
 42
-0.018891
  0
VERTEX
  8
0
 10
132.335938
 20
283.644790
 42
-0.358275
  0
VERTEX
  8
0
 10
132.340697
 20
283.816567
 42
-0.403345
  0
VERTEX
  8
0
 10
132.500000
 20
283.830664
 42
0.022483
  0
VERTEX
  8
0
 10
133.539261
 20
283.067257
 42
0.008076
  0
VERTEX
  8
0
 10
135.083150
 20
282.072350
 42
0.007993
  0
VERTEX
  8
0
 10
136.812788
 20
281.034842
 42
0.009388
  0
SEQEND
  0
POLYLINE
  8
0
 66
1
 70
1
  0
VERTEX
  8
0
 10
7.692991
 20
278.269032
 42
-0.087174
  0
VERTEX
  8
0
 10
7.516660
 20
277.883358
 42
-0.597527
  0
VERTEX
  8
0
 10
7.356533
 20
277.900903
 42
-0.080377
  0
VERTEX
  8
0
 10
7.235556
 20
278.431793
 42
-0.012823
  0
VERTEX
  8
0
 10
7.194949
 20
279.500000
 42
-0.014395
  0
VERTEX
  8
0
 10
7.212705
 20
280.580113
 42
-0.052471
  0
VERTEX
  8
0
 10
7.315079
 20
281.257153
 42
-0.333666
  0
VERTEX
  8
0
 10
7.477130
 20
281.386009
 42
-0.313180
  0
VERTEX
  8
0
 10
7.655937
 20
281.269032
 42
-0.062780
  0
VERTEX
  8
0
 10
7.814405
 20
280.671085
 42
-0.030339
  0
VERTEX
  8
0
 10
7.872264
 20
279.880008
 42
-0.029507
  0
VERTEX
  8
0
 10
7.832894
 20
279.036634
 42
-0.037336
  0
SEQEND
  0
POLYLINE
  8
0
 66
1
 70
1
  0
VERTEX
  8
0
 10
144.446220
 20
279.279553
 42
-0.038333
  0
VERTEX
  8
0
 10
144.899152
 20
277.760522
 42
-0.505277
  0
VERTEX
  8
0
 10
144.568053
 20
277.384967
 42
-0.206810
  0
VERTEX
  8
0
 10
143.818773
 20
277.789801
 42
-0.021884
  0
VERTEX
  8
0
 10
142.632134
 20
279.438683
 42
-0.009415
  0
VERTEX
  8
0
 10
141.808087
 20
280.749529
 42
-0.108905
  0
VERTEX
  8
0
 10
141.615149
 20
281.321327
 42
-0.465017
  0
VERTEX
  8
0
 10
141.809674
 20
281.525145
 42
-0.076295
  0
VERTEX
  8
0
 10
142.419356
 20
281.392572
 42
-0.067881
  0
VERTEX
  8
0
 10
143.009363
 20
281.068745
 42
-0.042197
  0
VERTEX
  8
0
 10
143.602975
 20
280.546149
 42
-0.041646
  0
VERTEX
  8
0
 10
144.111406
 20
279.919145
 42
-0.057988
  0
SEQEND
  0
POLYLINE
  8
0
 66
1
 70
1
  0
VERTEX
  8
0
 10
135.553851
 20
277.912868
 42
-0.087931
  0
VERTEX
  8
0
 10
135.744929
 20
277.431908
 42
-0.076196
  0
VERTEX
  8
0
 10
135.772446
 20
276.889158
 42
-0.077143
  0
VERTEX
  8
0
 10
135.636695
 20
276.369288
 42
-0.094276
  0
VERTEX
  8
0
 10
135.354508
 20
275.954508
 42
-0.210212
  0
VERTEX
  8
0
 10
134.341245
 20
275.560325
 42
-0.136073
  0
VERTEX
  8
0
 10
133.125943
 20
275.954807
 42
-0.148231
  0
VERTEX
  8
0
 10
132.352807
 20
276.887512
 42
-0.242435
  0
VERTEX
  8
0
 10
132.430902
 20
277.888197
 42
-0.095113
  0
VERTEX
  8
0
 10
133.152473
 20
278.673340
 42
-0.158818
  0
VERTEX
  8
0
 10
133.995559
 20
278.955451
 42
-0.160437
  0
VERTEX
  8
0
 10
134.836761
 20
278.685747
 42
-0.097506
  0
SEQEND
  0
POLYLINE
  8
0
 66
1
 70
1
  0
VERTEX
  8
0
 10
97.675343
 20
264.342009
 42
0.171918
  0
VERTEX
  8
0
 10
97.507446
 20
263.989854
 42
0.082297
  0
VERTEX
  8
0
 10
97.537806
 20
263.483088
 42
0.066538
  0
VERTEX
  8
0
 10
97.753708
 20
262.904134
 42
0.050768
  0
VERTEX
  8
0
 10
98.131121
 20
262.342009
 42
-0.030126
  0
VERTEX
  8
0
 10
98.509090
 20
261.826316
 42
-0.071189
  0
VERTEX
  8
0
 10
98.707321
 20
261.394215
 42
-0.160290
  0
VERTEX
  8
0
 10
98.699106
 20
261.119526
 42
-0.315654
  0
VERTEX
  8
0
 10
98.528639
 20
261.000000
 42
0.558990
  0
VERTEX
  8
0
 10
98.398095
 20
260.787724
 42
0.013230
  0
VERTEX
  8
0
 10
99.068541
 20
259.544388
 42
0.016536
  0
VERTEX
  8
0
 10
100.057439
 20
257.946076
 42
0.008963
  0
VERTEX
  8
0
 10
101.372399
 20
256.044726
 42
-0.005811
  0
VERTEX
  8
0
 10
103.252883
 20
253.361973
 42
-0.063238
  0
VERTEX
  8
0
 10
103.853584
 20
252.189404
 42
-0.449639
  0
VERTEX
  8
0
 10
103.640141
 20
251.796815
 42
-0.146541
  0
VERTEX
  8
0
 10
102.892038
 20
251.844234
 42
-0.038526
  0
VERTEX
  8
0
 10
102.112180
 20
252.203146
 42
-0.047819
  0
VERTEX
  8
0
 10
101.455026
 20
252.656506
 42
-0.055328
  0
VERTEX
  8
0
 10
101.002863
 20
253.131496
 42
-0.167688
  0
VERTEX
  8
0
 10
100.865285
 20
253.549508
 42
0.126096
  0
VERTEX
  8
0
 10
100.743799
 20
254.053485
 42
0.023331
  0
VERTEX
  8
0
 10
100.253984
 20
254.881731
 42
0.023711
  0
VERTEX
  8
0
 10
99.573379
 20
255.818873
 42
0.019664
  0
VERTEX
  8
0
 10
98.765137
 20
256.750000
 42
-0.019474
  0
VERTEX
  8
0
 10
98.014165
 20
257.614487
 42
-0.043225
  0
VERTEX
  8
0
 10
97.529120
 20
258.339063
 42
-0.088259
  0
VERTEX
  8
0
 10
97.367261
 20
258.815574
 42
-0.459281
  0
VERTEX
  8
0
 10
97.525686
 20
259.000000
 42
0.236602
  0
VERTEX
  8
0
 10
97.744409
 20
259.109638
 42
0.230586
  0
VERTEX
  8
0
 10
97.790670
 20
259.352500
 42
0.095633
  0
VERTEX
  8
0
 10
97.601564
 20
259.738342
 42
0.034766
  0
VERTEX
  8
0
 10
97.200000
 20
260.200000
 42
-0.106236
  0
VERTEX
  8
0
 10
96.342923
 20
261.526271
 42
-0.089009
  0
VERTEX
  8
0
 10
96.035029
 20
263.176153
 42
-0.119116
  0
VERTEX
  8
0
 10
96.343700
 20
264.493444
 42
-0.283097
  0
VERTEX
  8
0
 10
97.166667
 20
265.000000
 42
-0.057388
  0
VERTEX
  8
0
 10
97.568480
 20
264.953729
 42
-0.172529
  0
VERTEX
  8
0
 10
97.797340
 20
264.806715
 42
-0.253554
  0
VERTEX
  8
0
 10
97.832285
 20
264.592176
 42
-0.113033
  0
SEQEND
  0
POLYLINE
  8
0
 66
1
 70
1
  0
VERTEX
  8
0
 10
7.683114
 20
257.812500
 42
-0.054073
  0
VERTEX
  8
0
 10
7.461564
 20
257.395823
 42
-0.470617
  0
VERTEX
  8
0
 10
7.279315
 20
257.378580
 42
-0.168741
  0
VERTEX
  8
0
 10
7.137993
 20
257.670344
 42
-0.018894
  0
VERTEX
  8
0
 10
7.078947
 20
258.416667
 42
-0.028489
  0
VERTEX
  8
0
 10
7.089945
 20
259.112848
 42
-0.077125
  0
VERTEX
  8
0
 10
7.200665
 20
259.592839
 42
-0.208169
  0
VERTEX
  8
0
 10
7.385309
 20
259.775380
 42
-0.296942
  0
VERTEX
  8
0
 10
7.604167
 20
259.729167
 42
-0.126455
  0
VERTEX
  8
0
 10
7.797407
 20
259.402231
 42
-0.060344
  0
VERTEX
  8
0
 10
7.876576
 20
258.916927
 42
-0.054150
  0
VERTEX
  8
0
 10
7.839148
 20
258.359369
 42
-0.051402
  0
SEQEND
  0
POLYLINE
  8
0
 66
1
 70
1
  0
VERTEX
  8
0
 10
88.324110
 20
252.597766
 42
-0.082586
  0
VERTEX
  8
0
 10
88.545735
 20
251.513423
 42
-0.168008
  0
VERTEX
  8
0
 10
88.295046
 20
250.691662
 42
-0.233756
  0
VERTEX
  8
0
 10
87.672694
 20
250.365657
 42
-0.145217
  0
VERTEX
  8
0
 10
86.860520
 20
250.586203
 42
-0.166742
  0
VERTEX
  8
0
 10
86.233457
 20
251.350977
 42
-0.091719
  0
VERTEX
  8
0
 10
86.022312
 20
252.556368
 42
-0.109940
  0
VERTEX
  8
0
 10
86.266365
 20
253.605693
 42
-0.288442
  0
VERTEX
  8
0
 10
86.893011
 20
254.000000
 42
-0.131830
  0
VERTEX
  8
0
 10
87.274298
 20
253.897692
 42
-0.062811
  0
VERTEX
  8
0
 10
87.681764
 20
253.588094
 42
-0.055794
  0
VERTEX
  8
0
 10
88.051993
 20
253.134097
 42
-0.051604
  0
SEQEND
  0
POLYLINE
  8
0
 66
1
 70
1
  0
VERTEX
  8
0
 10
121.000000
 20
245.059017
 42
-0.033433
  0
VERTEX
  8
0
 10
120.921404
 20
243.884901
 42
-0.038601
  0
VERTEX
  8
0
 10
120.686706
 20
242.788322
 42
-0.042192
  0
VERTEX
  8
0
 10
120.344272
 20
241.911550
 42
-0.141060
  0
VERTEX
  8
0
 10
119.933469
 20
241.458881
 42
-0.116629
  0
VERTEX
  8
0
 10
118.936691
 20
241.127049
 42
-0.280516
  0
VERTEX
  8
0
 10
118.266020
 20
241.457511
 42
-0.241819
  0
VERTEX
  8
0
 10
118.191393
 20
242.271037
 42
-0.100927
  0
VERTEX
  8
0
 10
118.816667
 20
243.216667
 42
0.049370
  0
VERTEX
  8
0
 10
119.845232
 20
244.471219
 42
0.263677
  0
VERTEX
  8
0
 10
119.906958
 20
245.321606
 42
0.304980
  0
VERTEX
  8
0
 10
119.230811
 20
245.722873
 42
0.058393
  0
VERTEX
  8
0
 10
117.750000
 20
245.463960
 42
-0.002478
  0
VERTEX
  8
0
 10
116.196502
 20
245.009173
 42
-0.416887
  0
VERTEX
  8
0
 10
116.057175
 20
245.087129
 42
-0.300514
  0
VERTEX
  8
0
 10
116.115862
 20
245.268374
 42
-0.001942
  0
VERTEX
  8
0
 10
117.500000
 20
246.364769
 42
-0.024214
  0
VERTEX
  8
0
 10
119.381723
 20
247.701372
 42
-0.235798
  0
VERTEX
  8
0
 10
120.324645
 20
247.801751
 42
-0.278493
  0
VERTEX
  8
0
 10
120.868962
 20
247.115401
 42
-0.031829
  0
SEQEND
  0
POLYLINE
  8
0
 66
1
 70
1
  0
VERTEX
  8
0
 10
124.000000
 20
220.051522
 42
-0.132072
  0
VERTEX
  8
0
 10
123.859976
 20
219.530662
 42
-0.018953
  0
VERTEX
  8
0
 10
123.265625
 20
218.589256
 42
-0.020427
  0
VERTEX
  8
0
 10
122.457269
 20
217.507840
 42
-0.016167
  0
VERTEX
  8
0
 10
121.500000
 20
216.405499
 42
0.021480
  0
VERTEX
  8
0
 10
120.542998
 20
215.279527
 42
0.024832
  0
VERTEX
  8
0
 10
119.734375
 20
214.127107
 42
0.025005
  0
VERTEX
  8
0
 10
119.155240
 20
213.097061
 42
0.116065
  0
VERTEX
  8
0
 10
119.000000
 20
212.437311
 42
-0.089184
  0
VERTEX
  8
0
 10
118.906504
 20
211.917309
 42
-0.067648
  0
VERTEX
  8
0
 10
118.632812
 20
211.405283
 42
-0.066779
  0
VERTEX
  8
0
 10
118.227815
 20
210.978606
 42
-0.081846
  0
VERTEX
  8
0
 10
117.750000
 20
210.708333
 42
0.063405
  0
VERTEX
  8
0
 10
117.187433
 20
210.416823
 42
0.241367
  0
VERTEX
  8
0
 10
117.006160
 20
210.078925
 42
0.166041
  0
VERTEX
  8
0
 10
117.147800
 20
209.637291
 42
0.029030
  0
VERTEX
  8
0
 10
117.717217
 20
208.957783
 42
0.036226
  0
VERTEX
  8
0
 10
118.380014
 20
208.349110
 42
0.220196
  0
VERTEX
  8
0
 10
118.821201
 20
208.242564
 42
0.219429
  0
VERTEX
  8
0
 10
119.188957
 20
208.509870
 42
0.035979
  0
VERTEX
  8
0
 10
119.572002
 20
209.327039
 42
-0.057586
  0
VERTEX
  8
0
 10
119.882614
 20
209.921560
 42
-0.088283
  0
VERTEX
  8
0
 10
120.287258
 20
210.336692
 42
-0.118663
  0
VERTEX
  8
0
 10
120.717916
 20
210.511635
 42
-0.177637
  0
VERTEX
  8
0
 10
121.111609
 20
210.431022
 42
0.201083
  0
VERTEX
  8
0
 10
121.646017
 20
210.346587
 42
0.035969
  0
VERTEX
  8
0
 10
122.627920
 20
210.663371
 42
0.033874
  0
VERTEX
  8
0
 10
123.794654
 20
211.229429
 42
0.024842
  0
VERTEX
  8
0
 10
125.006824
 20
212.004859
 42
-0.015778
  0
VERTEX
  8
0
 10
127.495008
 20
213.660847
 42
-0.702562
  0
VERTEX
  8
0
 10
127.838080
 20
213.389483
 42
-0.110029
  0
VERTEX
  8
0
 10
127.114784
 20
212.189613
 42
-0.005934
  0
VERTEX
  8
0
 10
124.000000
 20
209.000000
 42
0.017966
  0
VERTEX
  8
0
 10
122.468453
 20
207.354249
 42
0.022457
  0
VERTEX
  8
0
 10
121.175000
 20
205.717039
 42
0.021456
  0
VERTEX
  8
0
 10
120.230871
 20
204.278572
 42
0.135296
  0
VERTEX
  8
0
 10
120.000000
 20
203.440983
 42
-0.062804
  0
VERTEX
  8
0
 10
119.921959
 20
202.822123
 42
-0.195052
  0
VERTEX
  8
0
 10
119.676830
 20
202.490230
 42
-0.209500
  0
VERTEX
  8
0
 10
119.284166
 20
202.436355
 42
-0.072391
  0
VERTEX
  8
0
 10
118.750000
 20
202.675670
 42
0.027639
  0
VERTEX
  8
0
 10
118.205425
 20
202.980617
 42
0.023801
  0
VERTEX
  8
0
 10
117.603042
 20
203.240722
 42
0.024500
  0
VERTEX
  8
0
 10
117.032918
 20
203.423995
 42
0.061330
  0
VERTEX
  8
0
 10
116.600781
 20
203.484687
 42
-0.251783
  0
VERTEX
  8
0
 10
115.779408
 20
203.944496
 42
-0.050763
  0
VERTEX
  8
0
 10
115.001612
 20
205.492115
 42
-0.050859
  0
VERTEX
  8
0
 10
114.536543
 20
207.221974
 42
-0.173961
  0
VERTEX
  8
0
 10
114.745809
 20
208.349768
 42
0.339972
  0
VERTEX
  8
0
 10
114.719781
 20
208.552823
 42
0.241235
  0
VERTEX
  8
0
 10
114.492150
 20
208.626860
 42
0.062804
  0
VERTEX
  8
0
 10
113.945618
 20
208.467089
 42
0.020388
  0
VERTEX
  8
0
 10
113.186419
 20
208.099768
 42
-0.012744
  0
VERTEX
  8
0
 10
110.923951
 20
206.962126
 42
-0.376365
  0
VERTEX
  8
0
 10
110.352269
 20
207.126211
 42
-0.349703
  0
VERTEX
  8
0
 10
110.415155
 20
207.743871
 42
-0.012211
  0
VERTEX
  8
0
 10
112.260218
 20
209.540469
 42
0.024916
  0
VERTEX
  8
0
 10
113.308936
 20
210.614864
 42
0.028593
  0
VERTEX
  8
0
 10
114.195189
 20
211.742026
 42
0.029557
  0
VERTEX
  8
0
 10
114.825012
 20
212.769187
 42
0.123358
  0
VERTEX
  8
0
 10
115.000000
 20
213.467665
 42
-0.149715
  0
VERTEX
  8
0
 10
115.220782
 20
214.188476
 42
-0.025461
  0
VERTEX
  8
0
 10
116.095054
 20
215.349677
 42
-0.025830
  0
VERTEX
  8
0
 10
117.300518
 20
216.649076
 42
-0.020468
  0
VERTEX
  8
0
 10
118.727844
 20
217.927196
 42
-0.011902
  0
VERTEX
  8
0
 10
121.282094
 20
219.932467
 42
-0.064775
  0
VERTEX
  8
0
 10
122.811891
 20
220.793001
 42
-0.236277
  0
VERTEX
  8
0
 10
123.619366
 20
220.727443
 42
-0.262208
  0
SEQEND
  0
POLYLINE
  8
0
 66
1
 70
1
  0
VERTEX
  8
0
 10
126.000000
 20
218.559017
 42
-0.151918
  0
VERTEX
  8
0
 10
125.934461
 20
218.348290
 42
-0.038439
  0
VERTEX
  8
0
 10
125.706250
 20
218.066025
 42
-0.035638
  0
VERTEX
  8
0
 10
125.382774
 20
217.768994
 42
-0.029505
  0
VERTEX
  8
0
 10
125.000000
 20
217.500000
 42
-0.082592
  0
VERTEX
  8
0
 10
124.617900
 20
217.343488
 42
-0.161196
  0
VERTEX
  8
0
 10
124.293750
 20
217.374600
 42
-0.182303
  0
VERTEX
  8
0
 10
124.078288
 20
217.586039
 42
-0.108972
  0
VERTEX
  8
0
 10
124.000000
 20
217.940983
 42
-0.093332
  0
VERTEX
  8
0
 10
124.076123
 20
218.345238
 42
-0.096420
  0
VERTEX
  8
0
 10
124.293750
 20
218.688914
 42
-0.099167
  0
VERTEX
  8
0
 10
124.618444
 20
218.918938
 42
-0.105053
  0
VERTEX
  8
0
 10
125.000000
 20
219.000000
 42
-0.042167
  0
VERTEX
  8
0
 10
125.382849
 20
218.967655
 42
-0.061769
  0
VERTEX
  8
0
 10
125.706250
 20
218.870461
 42
-0.081139
  0
VERTEX
  8
0
 10
125.925540
 20
218.727648
 42
-0.210953
  0
SEQEND
  0
POLYLINE
  8
0
 66
1
 70
1
  0
VERTEX
  8
0
 10
131.345077
 20
212.456872
 42
-0.035865
  0
VERTEX
  8
0
 10
131.083816
 20
211.899181
 42
-0.069269
  0
VERTEX
  8
0
 10
130.786868
 20
211.507038
 42
-0.118528
  0
VERTEX
  8
0
 10
130.505460
 20
211.335123
 42
-0.281567
  0
VERTEX
  8
0
 10
130.276326
 20
211.390341
 42
-0.156651
  0
VERTEX
  8
0
 10
130.142323
 20
211.651151
 42
-0.070517
  0
VERTEX
  8
0
 10
130.133355
 20
212.040231
 42
-0.059701
  0
VERTEX
  8
0
 10
130.242038
 20
212.490157
 42
-0.049364
  0
VERTEX
  8
0
 10
130.458881
 20
212.933469
 42
-0.030391
  0
VERTEX
  8
0
 10
131.120758
 20
213.871774
 42
-0.361950
  0
VERTEX
  8
0
 10
131.525317
 20
213.954259
 42
-0.344086
  0
VERTEX
  8
0
 10
131.696703
 20
213.564815
 42
-0.029555
  0
SEQEND
  0
POLYLINE
  8
0
 66
1
 70
1
  0
VERTEX
  8
0
 10
143.363830
 20
212.505744
 42
-0.072515
  0
VERTEX
  8
0
 10
143.069549
 20
211.981097
 42
-0.102314
  0
VERTEX
  8
0
 10
142.664536
 20
211.632332
 42
-0.124025
  0
VERTEX
  8
0
 10
142.215022
 20
211.512651
 42
-0.142705
  0
VERTEX
  8
0
 10
141.788452
 20
211.630744
 42
-0.120839
  0
VERTEX
  8
0
 10
141.477693
 20
211.946951
 42
-0.195339
  0
VERTEX
  8
0
 10
141.421959
 20
212.314776
 42
-0.139231
  0
VERTEX
  8
0
 10
141.645679
 20
212.712747
 42
-0.054355
  0
VERTEX
  8
0
 10
142.143237
 20
213.109687
 42
-0.005993
  0
VERTEX
  8
0
 10
143.384832
 20
213.875699
 42
-0.255418
  0
VERTEX
  8
0
 10
143.684824
 20
213.887906
 42
-0.376273
  0
VERTEX
  8
0
 10
143.780379
 20
213.656463
 42
-0.009546
  0
SEQEND
  0
POLYLINE
  8
0
 66
1
 70
1
  0
VERTEX
  8
0
 10
156.381557
 20
212.448062
 42
-0.036408
  0
VERTEX
  8
0
 10
156.556862
 20
211.868281
 42
-0.155351
  0
VERTEX
  8
0
 10
156.525685
 20
211.512472
 42
-0.329480
  0
VERTEX
  8
0
 10
156.325929
 20
211.393111
 42
-0.114400
  0
VERTEX
  8
0
 10
155.988546
 20
211.507079
 42
-0.061454
  0
VERTEX
  8
0
 10
155.610411
 20
211.810572
 42
-0.051183
  0
VERTEX
  8
0
 10
155.290385
 20
212.214980
 42
-0.053277
  0
VERTEX
  8
0
 10
155.072509
 20
212.653950
 42
-0.088797
  0
VERTEX
  8
0
 10
155.000000
 20
213.059017
 42
-0.079093
  0
VERTEX
  8
0
 10
155.117673
 20
213.798253
 42
-0.444011
  0
VERTEX
  8
0
 10
155.441482
 20
213.942608
 42
-0.168622
  0
VERTEX
  8
0
 10
155.894727
 20
213.519970
 42
-0.029964
  0
SEQEND
  0
POLYLINE
  8
0
 66
1
 70
1
  0
VERTEX
  8
0
 10
9.938282
 20
197.592160
 42
0.006470
  0
VERTEX
  8
0
 10
10.051722
 20
192.550730
 42
0.010367
  0
VERTEX
  8
0
 10
10.293337
 20
188.253826
 42
0.004473
  0
VERTEX
  8
0
 10
10.603087
 20
184.654683
 42
0.294009
  0
VERTEX
  8
0
 10
10.971243
 20
184.186823
 42
-0.309579
  0
VERTEX
  8
0
 10
11.342877
 20
183.685757
 42
-0.002905
  0
VERTEX
  8
0
 10
11.496768
 20
178.864065
 42
-0.008099
  0
VERTEX
  8
0
 10
11.554125
 20
173.069724
 42
-0.004476
  0
VERTEX
  8
0
 10
11.446169
 20
165.991737
 42
0.004143
  0
VERTEX
  8
0
 10
11.325285
 20
158.397719
 42
0.009481
  0
VERTEX
  8
0
 10
11.390159
 20
152.672821
 42
0.005060
  0
VERTEX
  8
0
 10
11.569596
 20
148.235222
 42
0.246490
  0
VERTEX
  8
0
 10
12.006639
 20
147.495897
 42
-0.161816
  0
VERTEX
  8
0
 10
12.390963
 20
147.036237
 42
-0.034755
  0
VERTEX
  8
0
 10
12.708200
 20
146.032208
 42
-0.032907
  0
VERTEX
  8
0
 10
12.927104
 20
144.762789
 42
-0.026250
  0
VERTEX
  8
0
 10
13.000000
 20
143.375242
 42
0.043470
  0
VERTEX
  8
0
 10
13.248190
 20
140.525883
 42
0.065135
  0
VERTEX
  8
0
 10
13.994448
 20
138.145976
 42
0.086371
  0
VERTEX
  8
0
 10
15.100403
 20
136.550915
 42
0.200687
  0
VERTEX
  8
0
 10
16.417696
 20
136.000000
 42
-0.367059
  0
VERTEX
  8
0
 10
17.611765
 20
134.986919
 42
-0.014294
  0
VERTEX
  8
0
 10
18.448472
 20
128.829047
 42
-0.023196
  0
VERTEX
  8
0
 10
18.838006
 20
122.353154
 42
-0.050296
  0
VERTEX
  8
0
 10
18.406253
 20
117.392217
 42
0.015085
  0
VERTEX
  8
0
 10
18.103520
 20
115.481720
 42
0.006234
  0
VERTEX
  8
0
 10
17.804366
 20
112.880839
 42
0.006161
  0
VERTEX
  8
0
 10
17.552573
 20
110.082184
 42
0.007890
  0
VERTEX
  8
0
 10
17.393240
 20
107.500000
 42
-0.002357
  0
VERTEX
  8
0
 10
17.242430
 20
104.519897
 42
-0.000899
  0
VERTEX
  8
0
 10
17.005265
 20
100.369045
 42
-0.000890
  0
VERTEX
  8
0
 10
16.731496
 20
95.860780
 42
-0.001091
  0
VERTEX
  8
0
 10
16.459040
 20
91.649940
 42
0.007638
  0
VERTEX
  8
0
 10
16.232076
 20
87.248454
 42
0.018605
  0
VERTEX
  8
0
 10
16.235200
 20
83.999998
 42
0.020217
  0
VERTEX
  8
0
 10
16.419118
 20
81.664783
 42
0.168152
  0
VERTEX
  8
0
 10
16.876267
 20
80.723733
 42
-0.083082
  0
VERTEX
  8
0
 10
17.227296
 20
80.231632
 42
-0.081251
  0
VERTEX
  8
0
 10
17.402447
 20
79.648278
 42
-0.085405
  0
VERTEX
  8
0
 10
17.378620
 20
79.065461
 42
-0.107082
  0
VERTEX
  8
0
 10
17.156333
 20
78.573794
 42
0.058080
  0
VERTEX
  8
0
 10
16.769375
 20
77.900967
 42
0.009286
  0
VERTEX
  8
0
 10
16.195245
 20
76.493552
 42
0.010169
  0
VERTEX
  8
0
 10
15.580664
 20
74.801595
 42
0.008758
  0
VERTEX
  8
0
 10
15.002441
 20
73.000000
 42
-0.017232
  0
VERTEX
  8
0
 10
14.373160
 20
71.147783
 42
-0.016187
  0
VERTEX
  8
0
 10
13.605733
 20
69.303619
 42
-0.016399
  0
VERTEX
  8
0
 10
12.819068
 20
67.713865
 42
-0.052319
  0
VERTEX
  8
0
 10
12.154407
 20
66.735725
 42
0.083285
  0
VERTEX
  8
0
 10
11.506510
 20
65.643011
 42
0.016964
  0
VERTEX
  8
0
 10
10.764128
 20
63.511086
 42
0.017441
  0
VERTEX
  8
0
 10
10.063863
 20
60.943806
 42
0.015578
  0
VERTEX
  8
0
 10
9.514190
 20
58.235725
 42
-0.746198
  0
VERTEX
  8
0
 10
8.930559
 20
58.165606
 42
-0.089245
  0
VERTEX
  8
0
 10
8.430598
 20
60.298780
 42
-0.007895
  0
VERTEX
  8
0
 10
8.067600
 20
70.263698
 42
-0.000726
  0
VERTEX
  8
0
 10
7.593326
 20
95.000000
 42
-0.002383
  0
VERTEX
  8
0
 10
7.343143
 20
114.313961
 42
-0.001589
  0
VERTEX
  8
0
 10
7.232293
 20
136.443750
 42
-0.001599
  0
VERTEX
  8
0
 10
7.261624
 20
157.910481
 42
-0.003135
  0
VERTEX
  8
0
 10
7.446774
 20
175.000000
 42
0.000096
  0
VERTEX
  8
0
 10
7.684650
 20
189.064512
 42
0.000153
  0
VERTEX
  8
0
 10
7.881754
 20
201.071875
 42
0.000025
  0
VERTEX
  8
0
 10
8.052533
 20
211.706800
 42
0.009059
  0
VERTEX
  8
0
 10
8.050858
 20
212.500000
 42
-0.158015
  0
VERTEX
  8
0
 10
8.125138
 20
212.746033
 42
-0.365613
  0
VERTEX
  8
0
 10
8.298375
 20
212.792697
 42
-0.114555
  0
VERTEX
  8
0
 10
8.578582
 20
212.572507
 42
-0.028076
  0
VERTEX
  8
0
 10
8.921881
 20
212.092160
 42
-0.118634
  0
VERTEX
  8
0
 10
9.280645
 20
211.038614
 42
-0.005517
  0
VERTEX
  8
0
 10
9.588091
 20
207.252050
 42
-0.008874
  0
VERTEX
  8
0
 10
9.825546
 20
202.710273
 42
-0.006232
  0
SEQEND
  0
POLYLINE
  8
0
 66
1
 70
1
  0
VERTEX
  8
0
 10
136.000000
 20
211.000000
 42
-0.042167
  0
VERTEX
  8
0
 10
135.967655
 20
210.617151
 42
-0.061769
  0
VERTEX
  8
0
 10
135.870461
 20
210.293750
 42
-0.081139
  0
VERTEX
  8
0
 10
135.727648
 20
210.074460
 42
-0.210953
  0
VERTEX
  8
0
 10
135.559017
 20
210.000000
 42
-0.151918
  0
VERTEX
  8
0
 10
135.348290
 20
210.065539
 42
-0.038439
  0
VERTEX
  8
0
 10
135.066025
 20
210.293750
 42
-0.035638
  0
VERTEX
  8
0
 10
134.768994
 20
210.617226
 42
-0.029505
  0
VERTEX
  8
0
 10
134.500000
 20
211.000000
 42
-0.082592
  0
VERTEX
  8
0
 10
134.343488
 20
211.382100
 42
-0.161196
  0
VERTEX
  8
0
 10
134.374600
 20
211.706250
 42
-0.182303
  0
VERTEX
  8
0
 10
134.586039
 20
211.921712
 42
-0.108972
  0
VERTEX
  8
0
 10
134.940983
 20
212.000000
 42
-0.093332
  0
VERTEX
  8
0
 10
135.345238
 20
211.923877
 42
-0.096420
  0
VERTEX
  8
0
 10
135.688914
 20
211.706250
 42
-0.099167
  0
VERTEX
  8
0
 10
135.918938
 20
211.381556
 42
-0.105053
  0
SEQEND
  0
POLYLINE
  8
0
 66
1
 70
1
  0
VERTEX
  8
0
 10
113.000000
 20
202.000000
 42
-0.018122
  0
VERTEX
  8
0
 10
112.553569
 20
201.233921
 42
-0.025446
  0
VERTEX
  8
0
 10
112.097178
 20
200.587500
 42
-0.023718
  0
VERTEX
  8
0
 10
111.683068
 20
200.108693
 42
-0.205392
  0
VERTEX
  8
0
 10
111.429632
 20
200.000000
 42
-0.439016
  0
VERTEX
  8
0
 10
111.307737
 20
200.132581
 42
-0.048507
  0
VERTEX
  8
0
 10
111.390928
 20
200.587500
 42
-0.035050
  0
VERTEX
  8
0
 10
111.624831
 20
201.232522
 42
-0.018363
  0
VERTEX
  8
0
 10
112.000000
 20
202.000000
 42
-0.018122
  0
VERTEX
  8
0
 10
112.446431
 20
202.766079
 42
-0.025446
  0
VERTEX
  8
0
 10
112.902822
 20
203.412500
 42
-0.023718
  0
VERTEX
  8
0
 10
113.316932
 20
203.891307
 42
-0.205392
  0
VERTEX
  8
0
 10
113.570368
 20
204.000000
 42
-0.439016
  0
VERTEX
  8
0
 10
113.692263
 20
203.867419
 42
-0.048507
  0
VERTEX
  8
0
 10
113.609072
 20
203.412500
 42
-0.035050
  0
VERTEX
  8
0
 10
113.375169
 20
202.767478
 42
-0.018363
  0
SEQEND
  0
POLYLINE
  8
0
 66
1
 70
1
  0
VERTEX
  8
0
 10
116.256707
 20
198.125000
 42
0.098817
  0
VERTEX
  8
0
 10
115.819436
 20
197.696197
 42
0.022041
  0
VERTEX
  8
0
 10
115.266348
 20
196.802344
 42
0.022058
  0
VERTEX
  8
0
 10
114.709176
 20
195.694305
 42
0.019732
  0
VERTEX
  8
0
 10
114.228891
 20
194.500000
 42
-0.017663
  0
VERTEX
  8
0
 10
113.809077
 20
193.443461
 42
-0.078111
  0
VERTEX
  8
0
 10
113.449309
 20
192.881491
 42
-0.439521
  0
VERTEX
  8
0
 10
113.217724
 20
192.877499
 42
-0.180289
  0
VERTEX
  8
0
 10
113.078947
 20
193.202947
 42
-0.081487
  0
VERTEX
  8
0
 10
113.316372
 20
195.235402
 42
-0.049581
  0
VERTEX
  8
0
 10
114.210982
 20
197.488382
 42
-0.053958
  0
VERTEX
  8
0
 10
115.340553
 20
199.194271
 42
-0.374031
  0
VERTEX
  8
0
 10
116.252991
 20
199.343643
 42
-0.076035
  0
VERTEX
  8
0
 10
116.596006
 20
199.051572
 42
-0.179547
  0
VERTEX
  8
0
 10
116.712026
 20
198.741798
 42
-0.177067
  0
VERTEX
  8
0
 10
116.598471
 20
198.428235
 42
-0.073687
  0
SEQEND
  0
POLYLINE
  8
0
 66
1
 70
1
  0
VERTEX
  8
0
 10
170.250000
 20
198.585004
 42
-0.172012
  0
VERTEX
  8
0
 10
171.481495
 20
197.393284
 42
-0.105900
  0
VERTEX
  8
0
 10
171.986156
 20
195.417760
 42
-0.130621
  0
VERTEX
  8
0
 10
171.597374
 20
193.684673
 42
-0.279546
  0
VERTEX
  8
0
 10
170.468455
 20
193.000000
 42
-0.058795
  0
VERTEX
  8
0
 10
169.545930
 20
193.108856
 42
-0.007193
  0
VERTEX
  8
0
 10
167.571468
 20
193.611541
 42
-0.008440
  0
VERTEX
  8
0
 10
165.235485
 20
194.284685
 42
-0.006874
  0
VERTEX
  8
0
 10
162.757055
 20
195.081842
 42
0.017334
  0
VERTEX
  8
0
 10
159.689154
 20
195.998248
 42
0.028979
  0
VERTEX
  8
0
 10
157.049044
 20
196.527007
 42
0.033501
  0
VERTEX
  8
0
 10
154.670768
 20
196.700319
 42
0.038674
  0
VERTEX
  8
0
 10
152.403997
 20
196.537874
 42
-0.022299
  0
VERTEX
  8
0
 10
150.308598
 20
196.318615
 42
-0.057309
  0
VERTEX
  8
0
 10
148.789894
 20
196.401960
 42
-0.077261
  0
VERTEX
  8
0
 10
147.615762
 20
196.795665
 42
-0.077064
  0
VERTEX
  8
0
 10
146.615397
 20
197.527460
 42
-0.006510
  0
VERTEX
  8
0
 10
145.996362
 20
198.162828
 42
-0.009773
  0
VERTEX
  8
0
 10
145.474523
 20
198.734550
 42
-0.005154
  0
VERTEX
  8
0
 10
145.051732
 20
199.226474
 42
-0.176719
  0
VERTEX
  8
0
 10
145.000000
 20
199.368271
 42
-0.422408
  0
VERTEX
  8
0
 10
145.457536
 20
199.813219
 42
-0.000779
  0
VERTEX
  8
0
 10
157.064254
 20
199.471272
 42
-0.001925
  0
VERTEX
  8
0
 10
168.149038
 20
199.084699
 42
-0.097706
  0
SEQEND
  0
POLYLINE
  8
0
 66
1
 70
1
  0
VERTEX
  8
0
 10
192.370506
 20
193.476861
 42
-0.035579
  0
VERTEX
  8
0
 10
192.602939
 20
192.712709
 42
-0.385819
  0
VERTEX
  8
0
 10
192.457824
 20
192.454668
 42
-0.192214
  0
VERTEX
  8
0
 10
192.042006
 20
192.478702
 42
-0.013467
  0
VERTEX
  8
0
 10
190.977495
 20
193.012045
 42
-0.021649
  0
VERTEX
  8
0
 10
189.531946
 20
193.868143
 42
-0.178579
  0
VERTEX
  8
0
 10
189.083485
 20
194.471244
 42
-0.429399
  0
VERTEX
  8
0
 10
189.316459
 20
194.873253
 42
-0.058665
  0
VERTEX
  8
0
 10
190.393011
 20
195.000000
 42
-0.097624
  0
VERTEX
  8
0
 10
190.969221
 20
194.886414
 42
-0.066866
  0
VERTEX
  8
0
 10
191.548517
 20
194.552578
 42
-0.064109
  0
VERTEX
  8
0
 10
192.042967
 20
194.059143
 42
-0.073124
  0
SEQEND
  0
POLYLINE
  8
0
 66
1
 70
1
  0
VERTEX
  8
0
 10
117.349337
 20
190.532025
 42
-0.058747
  0
VERTEX
  8
0
 10
117.501967
 20
189.931898
 42
-0.067911
  0
VERTEX
  8
0
 10
117.499654
 20
189.342289
 42
-0.078803
  0
VERTEX
  8
0
 10
117.349816
 20
188.852388
 42
-0.141718
  0
VERTEX
  8
0
 10
117.070016
 20
188.543272
 42
-0.228144
  0
VERTEX
  8
0
 10
116.708014
 20
188.505135
 42
-0.120306
  0
VERTEX
  8
0
 10
116.322134
 20
188.759669
 42
-0.078506
  0
VERTEX
  8
0
 10
115.967788
 20
189.287141
 42
-0.044796
  0
VERTEX
  8
0
 10
115.707310
 20
190.011247
 42
-0.068405
  0
VERTEX
  8
0
 10
115.545257
 20
191.364538
 42
-0.322053
  0
VERTEX
  8
0
 10
115.986544
 20
191.956556
 42
-0.320135
  0
VERTEX
  8
0
 10
116.691674
 20
191.728715
 42
-0.068157
  0
SEQEND
  0
POLYLINE
  8
0
 66
1
 70
1
  0
VERTEX
  8
0
 10
184.653995
 20
188.000000
 42
0.010093
  0
VERTEX
  8
0
 10
186.789140
 20
186.851193
 42
0.012793
  0
VERTEX
  8
0
 10
188.808157
 20
185.881250
 42
0.010854
  0
VERTEX
  8
0
 10
190.523659
 20
185.154826
 42
0.094996
  0
VERTEX
  8
0
 10
191.331213
 20
185.000000
 42
-0.109209
  0
VERTEX
  8
0
 10
194.400965
 20
184.321416
 42
-0.070587
  0
VERTEX
  8
0
 10
197.465403
 20
182.330936
 42
-0.081705
  0
VERTEX
  8
0
 10
199.476870
 20
179.897530
 42
-0.277103
  0
VERTEX
  8
0
 10
199.451307
 20
177.921212
 42
0.206273
  0
VERTEX
  8
0
 10
199.410413
 20
177.644520
 42
0.285515
  0
VERTEX
  8
0
 10
199.588528
 20
177.477099
 42
0.104027
  0
VERTEX
  8
0
 10
200.040695
 20
177.481206
 42
0.032201
  0
VERTEX
  8
0
 10
200.698062
 20
177.670784
 42
-0.024308
  0
VERTEX
  8
0
 10
201.348184
 20
177.869432
 42
-0.104891
  0
VERTEX
  8
0
 10
201.749727
 20
177.885068
 42
-0.395822
  0
VERTEX
  8
0
 10
201.859666
 20
177.739518
 42
-0.158931
  0
VERTEX
  8
0
 10
201.747818
 20
177.490481
 42
0.190817
  0
VERTEX
  8
0
 10
201.578911
 20
177.042076
 42
0.075639
  0
VERTEX
  8
0
 10
201.690829
 20
176.381552
 42
0.060233
  0
VERTEX
  8
0
 10
202.047569
 20
175.622127
 42
0.044050
  0
VERTEX
  8
0
 10
202.610068
 20
174.878376
 42
-0.021346
  0
VERTEX
  8
0
 10
203.521269
 20
173.780788
 42
-0.265605
  0
VERTEX
  8
0
 10
203.589341
 20
173.264002
 42
-0.222318
  0
VERTEX
  8
0
 10
203.176225
 20
172.882968
 42
-0.015401
  0
VERTEX
  8
0
 10
201.612250
 20
172.438817
 42
0.030175
  0
VERTEX
  8
0
 10
200.611943
 20
172.122537
 42
0.042066
  0
VERTEX
  8
0
 10
199.767348
 20
171.713871
 42
0.048666
  0
VERTEX
  8
0
 10
199.173349
 20
171.278963
 42
0.213547
  0
VERTEX
  8
0
 10
199.000000
 20
170.891592
 42
-0.173944
  0
VERTEX
  8
0
 10
198.877951
 20
170.551379
 42
-0.093360
  0
VERTEX
  8
0
 10
198.531284
 20
170.261905
 42
-0.073654
  0
VERTEX
  8
0
 10
198.014804
 20
170.066020
 42
-0.053919
  0
VERTEX
  8
0
 10
197.404370
 20
170.000000
 42
0.082948
  0
VERTEX
  8
0
 10
196.599937
 20
169.865624
 42
0.024492
  0
VERTEX
  8
0
 10
195.435659
 20
169.400587
 42
0.023853
  0
VERTEX
  8
0
 10
194.157321
 20
168.740459
 42
0.023605
  0
VERTEX
  8
0
 10
192.943046
 20
167.959445
 42
-0.033372
  0
VERTEX
  8
0
 10
191.447486
 20
167.038273
 42
-0.012173
  0
VERTEX
  8
0
 10
189.218725
 20
165.931278
 42
-0.012006
  0
VERTEX
  8
0
 10
186.715048
 20
164.835242
 42
-0.014054
  0
VERTEX
  8
0
 10
184.288675
 20
163.920509
 42
-0.022697
  0
VERTEX
  8
0
 10
180.604154
 20
162.832925
 42
-0.048641
  0
VERTEX
  8
0
 10
177.673752
 20
162.406707
 42
-0.032622
  0
VERTEX
  8
0
 10
174.062300
 20
162.471693
 42
-0.005672
  0
VERTEX
  8
0
 10
167.268199
 20
163.116045
 42
-0.005291
  0
VERTEX
  8
0
 10
161.230627
 20
163.822510
 42
-0.030237
  0
VERTEX
  8
0
 10
158.061153
 20
164.423914
 42
-0.062745
  0
VERTEX
  8
0
 10
156.276193
 20
165.123022
 42
-0.193574
  0
VERTEX
  8
0
 10
155.467007
 20
166.103952
 42
0.074837
  0
VERTEX
  8
0
 10
155.113477
 20
166.823418
 42
0.115701
  0
VERTEX
  8
0
 10
154.601646
 20
167.285440
 42
0.119902
  0
VERTEX
  8
0
 10
153.952023
 20
167.461914
 42
0.084230
  0
VERTEX
  8
0
 10
153.198808
 20
167.354639
 42
-0.004479
  0
VERTEX
  8
0
 10
152.245454
 20
167.059129
 42
-0.352726
  0
VERTEX
  8
0
 10
152.108970
 20
167.114687
 42
-0.376773
  0
VERTEX
  8
0
 10
152.139202
 20
167.253369
 42
-0.004669
  0
VERTEX
  8
0
 10
152.935698
 20
167.829452
 42
0.046418
  0
VERTEX
  8
0
 10
153.656558
 20
168.448559
 42
0.192848
  0
VERTEX
  8
0
 10
153.868981
 20
168.969182
 42
0.150504
  0
VERTEX
  8
0
 10
153.686478
 20
169.575482
 42
0.025399
  0
VERTEX
  8
0
 10
152.953099
 20
170.556513
 42
0.017964
  0
VERTEX
  8
0
 10
152.075900
 20
171.539384
 42
0.291059
  0
VERTEX
  8
0
 10
151.664460
 20
171.639965
 42
0.243521
  0
VERTEX
  8
0
 10
151.347065
 20
171.310238
 42
0.013436
  0
VERTEX
  8
0
 10
150.964668
 20
169.882728
 42
-0.151639
  0
VERTEX
  8
0
 10
150.609766
 20
169.285047
 42
-0.498354
  0
VERTEX
  8
0
 10
150.229154
 20
169.358521
 42
-0.055253
  0
VERTEX
  8
0
 10
149.757911
 20
170.669626
 42
-0.006097
  0
VERTEX
  8
0
 10
149.053038
 20
173.785744
 42
-0.032907
  0
VERTEX
  8
0
 10
148.367167
 20
178.500009
 42
-0.078351
  0
VERTEX
  8
0
 10
148.641224
 20
182.020136
 42
-0.132082
  0
VERTEX
  8
0
 10
149.811251
 20
184.178636
 42
-0.204781
  0
VERTEX
  8
0
 10
151.728561
 20
185.006161
 42
0.057324
  0
VERTEX
  8
0
 10
152.605685
 20
185.110144
 42
0.020265
  0
VERTEX
  8
0
 10
153.825903
 20
185.451855
 42
0.019806
  0
VERTEX
  8
0
 10
155.147926
 20
185.939197
 42
0.021986
  0
VERTEX
  8
0
 10
156.380896
 20
186.514767
 42
-0.052587
  0
VERTEX
  8
0
 10
157.997357
 20
187.152241
 42
-0.013260
  0
VERTEX
  8
0
 10
160.745490
 20
187.836545
 42
-0.013384
  0
VERTEX
  8
0
 10
163.945639
 20
188.454515
 42
-0.013145
  0
VERTEX
  8
0
 10
167.193573
 20
188.904617
 42
0.006224
  0
VERTEX
  8
0
 10
170.276635
 20
189.288463
 42
0.009166
  0
VERTEX
  8
0
 10
172.972815
 20
189.708768
 42
0.005089
  0
VERTEX
  8
0
 10
175.220770
 20
190.125158
 42
0.149107
  0
VERTEX
  8
0
 10
175.729344
 20
190.396010
 42
-0.183909
  0
VERTEX
  8
0
 10
176.930439
 20
190.934759
 42
-0.080216
  0
VERTEX
  8
0
 10
178.696278
 20
190.753665
 42
-0.047726
  0
VERTEX
  8
0
 10
181.169123
 20
189.829462
 42
-0.015191
  0
SEQEND
  0
POLYLINE
  8
0
 66
1
 70
1
  0
VERTEX
  8
0
 10
207.706838
 20
185.373505
 42
-0.151853
  0
VERTEX
  8
0
 10
206.421178
 20
184.697633
 42
-0.033593
  0
VERTEX
  8
0
 10
203.919385
 20
184.407559
 42
-0.030986
  0
VERTEX
  8
0
 10
201.443664
 20
184.441434
 42
-0.239844
  0
VERTEX
  8
0
 10
200.484779
 20
185.024629
 42
-0.394677
  0
VERTEX
  8
0
 10
200.562785
 20
185.412950
 42
-0.089675
  0
VERTEX
  8
0
 10
201.228684
 20
185.727959
 42
-0.046577
  0
VERTEX
  8
0
 10
202.441127
 20
185.935961
 42
-0.019206
  0
VERTEX
  8
0
 10
204.107650
 20
186.000000
 42
-0.013956
  0
VERTEX
  8
0
 10
205.686487
 20
185.955924
 42
-0.029138
  0
VERTEX
  8
0
 10
206.908006
 20
185.815967
 42
-0.045803
  0
VERTEX
  8
0
 10
207.654247
 20
185.614347
 42
-0.546554
  0
SEQEND
  0
POLYLINE
  8
0
 66
1
 70
1
  0
VERTEX
  8
0
 10
205.770833
 20
169.187500
 42
-0.134046
  0
VERTEX
  8
0
 10
205.795817
 20
168.735738
 42
-0.144529
  0
VERTEX
  8
0
 10
205.585286
 20
168.348828
 42
-0.119977
  0
VERTEX
  8
0
 10
205.158616
 20
168.089234
 42
-0.077096
  0
VERTEX
  8
0
 10
204.583333
 20
168.000000
 42
-0.099038
  0
VERTEX
  8
0
 10
203.979073
 20
168.120875
 42
-0.097945
  0
VERTEX
  8
0
 10
203.465104
 20
168.465104
 42
-0.097945
  0
VERTEX
  8
0
 10
203.120875
 20
168.979073
 42
-0.099038
  0
VERTEX
  8
0
 10
203.000000
 20
169.583333
 42
-0.190724
  0
VERTEX
  8
0
 10
203.346973
 20
170.459866
 42
-0.244413
  0
VERTEX
  8
0
 10
204.153639
 20
170.742973
 42
-0.165501
  0
VERTEX
  8
0
 10
205.122932
 20
170.250696
 42
-0.113253
  0
SEQEND
  0
POLYLINE
  8
0
 66
1
 70
1
  0
VERTEX
  8
0
 10
344.883999
 20
130.750000
 42
-0.013336
  0
VERTEX
  8
0
 10
344.811699
 20
129.591885
 42
-0.069126
  0
VERTEX
  8
0
 10
344.667734
 20
128.968750
 42
-0.544712
  0
VERTEX
  8
0
 10
344.492297
 20
128.931693
 42
-0.132213
  0
VERTEX
  8
0
 10
344.310674
 20
129.250000
 42
0.052826
  0
VERTEX
  8
0
 10
344.057844
 20
129.919335
 42
0.061082
  0
VERTEX
  8
0
 10
343.679511
 20
130.485938
 42
0.070850
  0
VERTEX
  8
0
 10
343.239445
 20
130.870808
 42
0.145291
  0
VERTEX
  8
0
 10
342.804231
 20
131.000000
 42
-0.180612
  0
VERTEX
  8
0
 10
342.480760
 20
131.120785
 42
-0.251573
  0
VERTEX
  8
0
 10
342.373106
 20
131.404093
 42
-0.109590
  0
VERTEX
  8
0
 10
342.543243
 20
131.872967
 42
-0.031592
  0
VERTEX
  8
0
 10
343.000000
 20
132.500000
 42
-0.021174
  0
VERTEX
  8
0
 10
344.163485
 20
133.786925
 42
-0.405784
  0
VERTEX
  8
0
 10
344.655443
 20
133.797959
 42
-0.208367
  0
VERTEX
  8
0
 10
344.926627
 20
133.176401
 42
-0.009056
  0
SEQEND
  0
POLYLINE
  8
0
 66
1
 70
1
  0
VERTEX
  8
0
 10
270.075000
 20
130.725000
 42
-0.175736
  0
VERTEX
  8
0
 10
269.786965
 20
130.130242
 42
-0.239194
  0
VERTEX
  8
0
 10
269.227257
 20
129.955686
 42
-0.167686
  0
VERTEX
  8
0
 10
268.586752
 20
130.305209
 42
-0.104687
  0
VERTEX
  8
0
 10
268.150000
 20
131.050000
 42
-0.089632
  0
VERTEX
  8
0
 10
268.088424
 20
131.477775
 42
-0.189618
  0
VERTEX
  8
0
 10
268.220000
 20
131.780000
 42
-0.189618
  0
VERTEX
  8
0
 10
268.522225
 20
131.911576
 42
-0.089632
  0
VERTEX
  8
0
 10
268.950000
 20
131.850000
 42
-0.053161
  0
VERTEX
  8
0
 10
269.403407
 20
131.643170
 42
-0.062883
  0
VERTEX
  8
0
 10
269.775469
 20
131.354531
 42
-0.073742
  0
VERTEX
  8
0
 10
270.014704
 20
131.031991
 42
-0.149613
  0
SEQEND
  0
POLYLINE
  8
0
 66
1
 70
1
  0
VERTEX
  8
0
 10
272.000000
 20
126.440983
 42
-0.067432
  0
VERTEX
  8
0
 10
271.925389
 20
125.890269
 42
-0.140899
  0
VERTEX
  8
0
 10
271.701458
 20
125.524436
 42
-0.190788
  0
VERTEX
  8
0
 10
271.369640
 20
125.397824
 42
-0.136093
  0
VERTEX
  8
0
 10
270.983688
 20
125.510081
 42
-0.090427
  0
VERTEX
  8
0
 10
270.639411
 20
125.820631
 42
-0.095498
  0
VERTEX
  8
0
 10
270.434921
 20
126.227140
 42
-0.099685
  0
VERTEX
  8
0
 10
270.401101
 20
126.665803
 42
-0.108373
  0
VERTEX
  8
0
 10
270.542705
 20
127.069098
 42
-0.050477
  0
VERTEX
  8
0
 10
271.133140
 20
127.838655
 42
-0.315493
  0
VERTEX
  8
0
 10
271.592818
 20
127.933879
 42
-0.257010
  0
VERTEX
  8
0
 10
271.914842
 20
127.519563
 42
-0.039415
  0
SEQEND
  0
POLYLINE
  8
0
 66
1
 70
1
  0
VERTEX
  8
0
 10
344.683114
 20
124.812500
 42
-0.054073
  0
VERTEX
  8
0
 10
344.461564
 20
124.395823
 42
-0.470617
  0
VERTEX
  8
0
 10
344.279315
 20
124.378580
 42
-0.168741
  0
VERTEX
  8
0
 10
344.137993
 20
124.670344
 42
-0.018894
  0
VERTEX
  8
0
 10
344.078947
 20
125.416667
 42
-0.028489
  0
VERTEX
  8
0
 10
344.089945
 20
126.112848
 42
-0.077125
  0
VERTEX
  8
0
 10
344.200665
 20
126.592839
 42
-0.208169
  0
VERTEX
  8
0
 10
344.385309
 20
126.775380
 42
-0.296942
  0
VERTEX
  8
0
 10
344.604167
 20
126.729167
 42
-0.126455
  0
VERTEX
  8
0
 10
344.797407
 20
126.402231
 42
-0.060344
  0
VERTEX
  8
0
 10
344.876576
 20
125.916927
 42
-0.054150
  0
VERTEX
  8
0
 10
344.839148
 20
125.359369
 42
-0.051402
  0
SEQEND
  0
POLYLINE
  8
0
 66
1
 70
1
  0
VERTEX
  8
0
 10
334.000000
 20
125.000000
 42
-0.148195
  0
VERTEX
  8
0
 10
333.884432
 20
124.618646
 42
-0.098894
  0
VERTEX
  8
0
 10
333.559375
 20
124.293750
 42
-0.082425
  0
VERTEX
  8
0
 10
333.073457
 20
124.074694
 42
-0.064853
  0
VERTEX
  8
0
 10
332.500000
 20
124.000000
 42
-0.064853
  0
VERTEX
  8
0
 10
331.926543
 20
124.074694
 42
-0.082425
  0
VERTEX
  8
0
 10
331.440625
 20
124.293750
 42
-0.098894
  0
VERTEX
  8
0
 10
331.115568
 20
124.618646
 42
-0.148195
  0
VERTEX
  8
0
 10
331.000000
 20
125.000000
 42
-0.148195
  0
VERTEX
  8
0
 10
331.115568
 20
125.381354
 42
-0.098894
  0
VERTEX
  8
0
 10
331.440625
 20
125.706250
 42
-0.082425
  0
VERTEX
  8
0
 10
331.926543
 20
125.925306
 42
-0.064853
  0
VERTEX
  8
0
 10
332.500000
 20
126.000000
 42
-0.064853
  0
VERTEX
  8
0
 10
333.073457
 20
125.925306
 42
-0.082425
  0
VERTEX
  8
0
 10
333.559375
 20
125.706250
 42
-0.098894
  0
VERTEX
  8
0
 10
333.884432
 20
125.381354
 42
-0.148195
  0
SEQEND
  0
POLYLINE
  8
0
 66
1
 70
1
  0
VERTEX
  8
0
 10
342.500000
 20
123.000000
 42
-0.060810
  0
VERTEX
  8
0
 10
342.193797
 20
122.617485
 42
-0.051032
  0
VERTEX
  8
0
 10
341.787100
 20
122.293750
 42
-0.053229
  0
VERTEX
  8
0
 10
341.346558
 20
122.073302
 42
-0.089642
  0
VERTEX
  8
0
 10
340.940983
 20
122.000000
 42
-0.105429
  0
VERTEX
  8
0
 10
340.581949
 20
122.076556
 42
-0.099231
  0
VERTEX
  8
0
 10
340.276414
 20
122.293750
 42
-0.096318
  0
VERTEX
  8
0
 10
340.071618
 20
122.618268
 42
-0.092995
  0
VERTEX
  8
0
 10
340.000000
 20
123.000000
 42
-0.153634
  0
VERTEX
  8
0
 10
340.120018
 20
123.381379
 42
-0.097988
  0
VERTEX
  8
0
 10
340.457961
 20
123.706250
 42
-0.080552
  0
VERTEX
  8
0
 10
340.962904
 20
123.925455
 42
-0.062283
  0
VERTEX
  8
0
 10
341.559017
 20
124.000000
 42
-0.066118
  0
VERTEX
  8
0
 10
342.110654
 20
123.926733
 42
-0.138808
  0
VERTEX
  8
0
 10
342.478525
 20
123.706250
 42
-0.191142
  0
VERTEX
  8
0
 10
342.607943
 20
123.379648
 42
-0.139169
  0
SEQEND
  0
POLYLINE
  8
0
 66
1
 70
1
  0
VERTEX
  8
0
 10
24.000000
 20
121.000000
 42
-0.105053
  0
VERTEX
  8
0
 10
23.918938
 20
120.618444
 42
-0.099167
  0
VERTEX
  8
0
 10
23.688914
 20
120.293750
 42
-0.096420
  0
VERTEX
  8
0
 10
23.345238
 20
120.076123
 42
-0.093332
  0
VERTEX
  8
0
 10
22.940983
 20
120.000000
 42
-0.108972
  0
VERTEX
  8
0
 10
22.586039
 20
120.078288
 42
-0.182303
  0
VERTEX
  8
0
 10
22.374600
 20
120.293750
 42
-0.161196
  0
VERTEX
  8
0
 10
22.343488
 20
120.617900
 42
-0.082592
  0
VERTEX
  8
0
 10
22.500000
 20
121.000000
 42
-0.029505
  0
VERTEX
  8
0
 10
22.768994
 20
121.382774
 42
-0.035638
  0
VERTEX
  8
0
 10
23.066025
 20
121.706250
 42
-0.038439
  0
VERTEX
  8
0
 10
23.348290
 20
121.934461
 42
-0.151918
  0
VERTEX
  8
0
 10
23.559017
 20
122.000000
 42
-0.210953
  0
VERTEX
  8
0
 10
23.727648
 20
121.925540
 42
-0.081139
  0
VERTEX
  8
0
 10
23.870461
 20
121.706250
 42
-0.061769
  0
VERTEX
  8
0
 10
23.967655
 20
121.382849
 42
-0.042167
  0
SEQEND
  0
POLYLINE
  8
0
 66
1
 70
1
  0
VERTEX
  8
0
 10
310.264432
 20
121.402234
 42
-0.206988
  0
VERTEX
  8
0
 10
310.641174
 20
120.451239
 42
-0.179986
  0
VERTEX
  8
0
 10
310.233884
 20
119.452406
 42
-0.123923
  0
VERTEX
  8
0
 10
309.082526
 20
118.696646
 42
-0.088622
  0
VERTEX
  8
0
 10
307.554250
 20
118.453937
 42
-0.044564
  0
VERTEX
  8
0
 10
305.631553
 20
118.663087
 42
-0.134427
  0
VERTEX
  8
0
 10
304.463307
 20
119.248712
 42
-0.562878
  0
VERTEX
  8
0
 10
304.561521
 20
119.769253
 42
-0.089981
  0
VERTEX
  8
0
 10
305.833333
 20
120.000000
 42
0.044202
  0
VERTEX
  8
0
 10
306.662735
 20
120.073466
 42
0.064016
  0
VERTEX
  8
0
 10
307.363542
 20
120.293750
 42
0.083831
  0
VERTEX
  8
0
 10
307.837546
 20
120.617811
 42
0.203711
  0
VERTEX
  8
0
 10
308.000000
 20
121.000000
 42
-0.169675
  0
VERTEX
  8
0
 10
308.220972
 20
121.632418
 42
-0.182668
  0
VERTEX
  8
0
 10
308.780996
 20
121.965946
 42
-0.142471
  0
VERTEX
  8
0
 10
309.541391
 20
121.884088
 42
-0.099103
  0
SEQEND
  0
POLYLINE
  8
0
 66
1
 70
1
  0
VERTEX
  8
0
 10
319.000000
 20
119.393011
 42
-0.076855
  0
VERTEX
  8
0
 10
318.898658
 20
118.737605
 42
-0.176865
  0
VERTEX
  8
0
 10
318.598350
 20
118.348199
 42
-0.167010
  0
VERTEX
  8
0
 10
318.103551
 20
118.230887
 42
-0.067159
  0
VERTEX
  8
0
 10
317.418213
 20
118.393011
 42
0.017946
  0
VERTEX
  8
0
 10
316.740938
 20
118.625388
 42
0.015436
  0
VERTEX
  8
0
 10
316.014014
 20
118.821697
 42
0.015708
  0
VERTEX
  8
0
 10
315.342915
 20
118.958769
 42
0.042542
  0
VERTEX
  8
0
 10
314.859196
 20
119.000000
 42
-0.121649
  0
VERTEX
  8
0
 10
314.536757
 20
119.079627
 42
-0.187590
  0
VERTEX
  8
0
 10
314.350575
 20
119.293750
 42
-0.151312
  0
VERTEX
  8
0
 10
314.336158
 20
119.617512
 42
-0.074570
  0
VERTEX
  8
0
 10
314.500000
 20
120.000000
 42
-0.177614
  0
VERTEX
  8
0
 10
315.554222
 20
120.827790
 42
-0.112515
  0
VERTEX
  8
0
 10
317.127727
 20
120.969806
 42
-0.126291
  0
VERTEX
  8
0
 10
318.481748
 20
120.420609
 42
-0.237896
  0
SEQEND
  0
POLYLINE
  8
0
 66
1
 70
1
  0
VERTEX
  8
0
 10
270.726461
 20
116.393128
 42
-0.147916
  0
VERTEX
  8
0
 10
270.356376
 20
116.194921
 42
-0.053408
  0
VERTEX
  8
0
 10
269.755817
 20
116.139950
 42
-0.047172
  0
VERTEX
  8
0
 10
269.043840
 20
116.218374
 42
-0.040629
  0
VERTEX
  8
0
 10
268.321153
 20
116.430256
 42
-0.021093
  0
VERTEX
  8
0
 10
267.383142
 20
116.836370
 42
-0.237232
  0
VERTEX
  8
0
 10
267.143464
 20
117.148931
 42
-0.280605
  0
VERTEX
  8
0
 10
267.271402
 20
117.490058
 42
-0.027825
  0
VERTEX
  8
0
 10
268.019666
 20
118.012154
 42
-0.142772
  0
VERTEX
  8
0
 10
269.187275
 20
118.335234
 42
-0.132102
  0
VERTEX
  8
0
 10
270.385422
 20
117.995415
 42
-0.199923
  0
VERTEX
  8
0
 10
270.957339
 20
117.222611
 42
-0.262774
  0
SEQEND
  0
POLYLINE
  8
0
 66
1
 70
1
  0
VERTEX
  8
0
 10
329.000000
 20
118.000000
 42
-0.105053
  0
VERTEX
  8
0
 10
328.918938
 20
117.618444
 42
-0.099167
  0
VERTEX
  8
0
 10
328.688914
 20
117.293750
 42
-0.096420
  0
VERTEX
  8
0
 10
328.345238
 20
117.076123
 42
-0.093332
  0
VERTEX
  8
0
 10
327.940983
 20
117.000000
 42
-0.108972
  0
VERTEX
  8
0
 10
327.586039
 20
117.078288
 42
-0.182303
  0
VERTEX
  8
0
 10
327.374600
 20
117.293750
 42
-0.161196
  0
VERTEX
  8
0
 10
327.343488
 20
117.617900
 42
-0.082592
  0
VERTEX
  8
0
 10
327.500000
 20
118.000000
 42
-0.029505
  0
VERTEX
  8
0
 10
327.768994
 20
118.382774
 42
-0.035638
  0
VERTEX
  8
0
 10
328.066025
 20
118.706250
 42
-0.038439
  0
VERTEX
  8
0
 10
328.348290
 20
118.934461
 42
-0.151918
  0
VERTEX
  8
0
 10
328.559017
 20
119.000000
 42
-0.210953
  0
VERTEX
  8
0
 10
328.727648
 20
118.925540
 42
-0.081139
  0
VERTEX
  8
0
 10
328.870461
 20
118.706250
 42
-0.061769
  0
VERTEX
  8
0
 10
328.967655
 20
118.382849
 42
-0.042167
  0
SEQEND
  0
POLYLINE
  8
0
 66
1
 70
1
  0
VERTEX
  8
0
 10
345.000000
 20
108.440983
 42
-0.009398
  0
VERTEX
  8
0
 10
344.937475
 20
105.114821
 42
-0.018856
  0
VERTEX
  8
0
 10
344.739873
 20
102.495556
 42
-0.017149
  0
VERTEX
  8
0
 10
344.459504
 20
100.605978
 42
-0.527869
  0
VERTEX
  8
0
 10
344.092298
 20
100.442957
 42
-0.225143
  0
VERTEX
  8
0
 10
343.746171
 20
100.977862
 42
-0.013050
  0
VERTEX
  8
0
 10
343.535762
 20
102.968264
 42
-0.017765
  0
VERTEX
  8
0
 10
343.427950
 20
105.434046
 42
-0.011963
  0
VERTEX
  8
0
 10
343.472353
 20
108.251974
 42
0.011655
  0
VERTEX
  8
0
 10
343.523433
 20
111.371856
 42
0.024552
  0
VERTEX
  8
0
 10
343.387814
 20
113.789699
 42
0.027185
  0
VERTEX
  8
0
 10
343.105306
 20
115.546063
 42
0.197637
  0
VERTEX
  8
0
 10
342.630054
 20
116.234687
 42
-0.063851
  0
VERTEX
  8
0
 10
342.262672
 20
116.546650
 42
-0.373556
  0
VERTEX
  8
0
 10
342.257002
 20
116.780292
 42
-0.192831
  0
VERTEX
  8
0
 10
342.550493
 20
116.940269
 42
-0.027339
  0
VERTEX
  8
0
 10
343.250000
 20
116.984687
 42
-0.214038
  0
VERTEX
  8
0
 10
344.163294
 20
116.584519
 42
-0.134320
  0
VERTEX
  8
0
 10
344.699332
 20
115.526840
 42
-0.045093
  0
VERTEX
  8
0
 10
344.946805
 20
113.324703
 42
-0.005446
  0
SEQEND
  0
POLYLINE
  8
0
 66
1
 70
1
  0
VERTEX
  8
0
 10
291.200000
 20
112.800000
 42
-0.061357
  0
VERTEX
  8
0
 10
290.698930
 20
112.408834
 42
-0.079850
  0
VERTEX
  8
0
 10
290.159340
 20
112.192743
 42
-0.097607
  0
VERTEX
  8
0
 10
289.666760
 20
112.179462
 42
-0.155678
  0
VERTEX
  8
0
 10
289.295627
 20
112.371040
 42
-0.174419
  0
VERTEX
  8
0
 10
289.130090
 20
112.722630
 42
-0.126366
  0
VERTEX
  8
0
 10
289.198233
 20
113.153851
 42
-0.093351
  0
VERTEX
  8
0
 10
289.502751
 20
113.604464
 42
-0.059262
  0
VERTEX
  8
0
 10
290.000000
 20
114.000000
 42
-0.056674
  0
VERTEX
  8
0
 10
291.185149
 20
114.558448
 42
-0.285530
  0
VERTEX
  8
0
 10
291.866939
 20
114.399430
 42
-0.340214
  0
VERTEX
  8
0
 10
291.948567
 20
113.772805
 42
-0.064859
  0
SEQEND
  0
POLYLINE
  8
0
 66
1
 70
1
  0
VERTEX
  8
0
 10
318.729167
 20
114.395833
 42
-0.126455
  0
VERTEX
  8
0
 10
318.402231
 20
114.202593
 42
-0.060344
  0
VERTEX
  8
0
 10
317.916927
 20
114.123424
 42
-0.054150
  0
VERTEX
  8
0
 10
317.359369
 20
114.160852
 42
-0.051402
  0
VERTEX
  8
0
 10
316.812500
 20
114.316886
 42
-0.054073
  0
VERTEX
  8
0
 10
316.395823
 20
114.538436
 42
-0.470617
  0
VERTEX
  8
0
 10
316.378580
 20
114.720685
 42
-0.168741
  0
VERTEX
  8
0
 10
316.670344
 20
114.862007
 42
-0.018894
  0
VERTEX
  8
0
 10
317.416667
 20
114.921053
 42
-0.028489
  0
VERTEX
  8
0
 10
318.112848
 20
114.910055
 42
-0.077125
  0
VERTEX
  8
0
 10
318.592839
 20
114.799335
 42
-0.208169
  0
VERTEX
  8
0
 10
318.775380
 20
114.614691
 42
-0.296942
  0
SEQEND
  0
POLYLINE
  8
0
 66
1
 70
1
  0
VERTEX
  8
0
 10
325.457295
 20
114.069098
 42
-0.110145
  0
VERTEX
  8
0
 10
325.597587
 20
113.665018
 42
-0.099917
  0
VERTEX
  8
0
 10
325.560288
 20
113.224179
 42
-0.094986
  0
VERTEX
  8
0
 10
325.350569
 20
112.814355
 42
-0.088941
  0
VERTEX
  8
0
 10
325.000000
 20
112.500000
 42
0.088941
  0
VERTEX
  8
0
 10
324.649431
 20
112.185645
 42
0.094986
  0
VERTEX
  8
0
 10
324.439712
 20
111.775821
 42
0.099917
  0
VERTEX
  8
0
 10
324.402413
 20
111.334982
 42
0.110145
  0
VERTEX
  8
0
 10
324.542705
 20
110.930902
 42
-0.152750
  0
VERTEX
  8
0
 10
324.632999
 20
110.577896
 42
-0.191549
  0
VERTEX
  8
0
 10
324.492913
 20
110.273452
 42
-0.130088
  0
VERTEX
  8
0
 10
324.118321
 20
110.067689
 42
-0.060971
  0
VERTEX
  8
0
 10
323.565292
 20
110.000000
 42
-0.214525
  0
VERTEX
  8
0
 10
322.801154
 20
110.343669
 42
-0.149003
  0
VERTEX
  8
0
 10
322.401038
 20
111.216842
 42
-0.078369
  0
VERTEX
  8
0
 10
322.434245
 20
112.687874
 42
-0.027491
  0
VERTEX
  8
0
 10
322.925690
 20
114.750000
 42
-0.314081
  0
VERTEX
  8
0
 10
323.288096
 20
115.039024
 42
-0.082012
  0
VERTEX
  8
0
 10
324.070525
 20
114.961244
 42
-0.069317
  0
VERTEX
  8
0
 10
324.916419
 20
114.602452
 42
-0.119984
  0
SEQEND
  0
POLYLINE
  8
0
 66
1
 70
1
  0
VERTEX
  8
0
 10
271.426885
 20
113.104581
 42
-0.008012
  0
VERTEX
  8
0
 10
272.659984
 20
112.598584
 42
-0.286475
  0
VERTEX
  8
0
 10
272.828769
 20
112.355736
 42
-0.314134
  0
VERTEX
  8
0
 10
272.678160
 20
112.115176
 42
-0.009068
  0
VERTEX
  8
0
 10
271.499344
 20
111.638122
 42
-0.076317
  0
VERTEX
  8
0
 10
270.625199
 20
111.448083
 42
-0.075244
  0
VERTEX
  8
0
 10
269.729835
 20
111.527508
 42
-0.072683
  0
VERTEX
  8
0
 10
268.872024
 20
111.873907
 42
-0.064212
  0
VERTEX
  8
0
 10
268.108173
 20
112.463256
 42
-0.010535
  0
VERTEX
  8
0
 10
267.264402
 20
113.343351
 42
-0.175234
  0
VERTEX
  8
0
 10
267.110394
 20
113.711388
 42
-0.402083
  0
VERTEX
  8
0
 10
267.286044
 20
113.913594
 42
-0.034746
  0
VERTEX
  8
0
 10
268.035714
 20
113.929715
 42
-0.032937
  0
VERTEX
  8
0
 10
268.732902
 20
113.850022
 42
-0.014756
  0
VERTEX
  8
0
 10
269.635889
 20
113.658339
 42
-0.014533
  0
VERTEX
  8
0
 10
270.581976
 20
113.398797
 42
-0.019142
  0
SEQEND
  0
POLYLINE
  8
0
 66
1
 70
1
  0
VERTEX
  8
0
 10
277.000000
 20
111.969380
 42
-0.015058
  0
VERTEX
  8
0
 10
275.150022
 20
111.552111
 42
-0.129416
  0
VERTEX
  8
0
 10
274.311607
 20
111.607252
 42
-0.380607
  0
VERTEX
  8
0
 10
274.073996
 20
112.021895
 42
-0.086864
  0
VERTEX
  8
0
 10
274.400860
 20
112.839589
 42
-0.160439
  0
VERTEX
  8
0
 10
274.793150
 20
113.169376
 42
-0.062771
  0
VERTEX
  8
0
 10
275.486054
 20
113.350377
 42
-0.053628
  0
VERTEX
  8
0
 10
276.346049
 20
113.370141
 42
-0.044126
  0
VERTEX
  8
0
 10
277.250996
 20
113.212590
 42
-0.004197
  0
VERTEX
  8
0
 10
278.787201
 20
112.789152
 42
-0.391508
  0
VERTEX
  8
0
 10
278.897929
 20
112.607374
 42
-0.284140
  0
VERTEX
  8
0
 10
278.727365
 20
112.425348
 42
-0.003063
  0
SEQEND
  0
POLYLINE
  8
0
 66
1
 70
1
  0
VERTEX
  8
0
 10
299.589736
 20
112.373252
 42
0.076132
  0
VERTEX
  8
0
 10
299.432747
 20
111.652409
 42
0.055842
  0
VERTEX
  8
0
 10
299.472972
 20
110.833836
 42
0.055942
  0
VERTEX
  8
0
 10
299.693029
 20
110.046186
 42
0.077283
  0
VERTEX
  8
0
 10
300.068837
 20
109.417057
 42
-0.063605
  0
VERTEX
  8
0
 10
300.441780
 20
108.829651
 42
-0.063398
  0
VERTEX
  8
0
 10
300.655611
 20
108.166725
 42
-0.069295
  0
VERTEX
  8
0
 10
300.685491
 20
107.531799
 42
-0.116075
  0
VERTEX
  8
0
 10
300.516992
 20
107.027493
 42
-0.190361
  0
VERTEX
  8
0
 10
299.779970
 20
106.477600
 42
-0.203540
  0
VERTEX
  8
0
 10
298.891983
 20
106.599852
 42
-0.182782
  0
VERTEX
  8
0
 10
298.296717
 20
107.349952
 42
-0.166215
  0
VERTEX
  8
0
 10
298.316726
 20
108.341641
 42
0.133078
  0
VERTEX
  8
0
 10
298.366071
 20
108.920841
 42
0.047810
  0
VERTEX
  8
0
 10
298.139242
 20
109.724288
 42
0.043260
  0
VERTEX
  8
0
 10
297.707995
 20
110.600934
 42
0.039166
  0
VERTEX
  8
0
 10
297.119512
 20
111.421894
 42
-0.015624
  0
VERTEX
  8
0
 10
296.563361
 20
112.125361
 42
-0.074170
  0
VERTEX
  8
0
 10
296.322622
 20
112.577072
 42
-0.485196
  0
VERTEX
  8
0
 10
296.408765
 20
112.713901
 42
-0.159613
  0
VERTEX
  8
0
 10
296.680902
 20
112.655582
 42
0.085650
  0
VERTEX
  8
0
 10
297.179442
 20
112.469762
 42
0.091584
  0
VERTEX
  8
0
 10
297.699422
 20
112.468078
 42
0.097517
  0
VERTEX
  8
0
 10
298.159790
 20
112.648676
 42
0.112714
  0
VERTEX
  8
0
 10
298.489919
 20
112.983688
 42
-0.048793
  0
VERTEX
  8
0
 10
299.169006
 20
113.874979
 42
-0.345014
  0
VERTEX
  8
0
 10
299.671576
 20
113.954924
 42
-0.321452
  0
VERTEX
  8
0
 10
299.898549
 20
113.475368
 42
-0.046640
  0
SEQEND
  0
POLYLINE
  8
0
 66
1
 70
1
  0
VERTEX
  8
0
 10
310.596847
 20
110.501600
 42
-0.040982
  0
VERTEX
  8
0
 10
310.622583
 20
109.442659
 42
-0.089835
  0
VERTEX
  8
0
 10
310.433040
 20
108.657271
 42
-0.133446
  0
VERTEX
  8
0
 10
310.044775
 20
108.178433
 42
-0.157316
  0
VERTEX
  8
0
 10
309.491693
 20
108.000000
 42
-0.298120
  0
VERTEX
  8
0
 10
308.797617
 20
108.454203
 42
-0.077619
  0
VERTEX
  8
0
 10
308.441785
 20
109.808443
 42
-0.055562
  0
VERTEX
  8
0
 10
308.459144
 20
111.739045
 42
-0.036794
  0
VERTEX
  8
0
 10
308.885980
 20
113.916667
 42
-0.518377
  0
VERTEX
  8
0
 10
309.255784
 20
114.050486
 42
-0.124916
  0
VERTEX
  8
0
 10
309.768463
 20
113.457597
 42
-0.049334
  0
VERTEX
  8
0
 10
310.300996
 20
112.067482
 42
-0.040281
  0
SEQEND
  0
POLYLINE
  8
0
 66
1
 70
1
  0
VERTEX
  8
0
 10
316.512158
 20
109.178825
 42
-0.278450
  0
VERTEX
  8
0
 10
315.835433
 20
109.011600
 42
-0.127813
  0
VERTEX
  8
0
 10
315.033513
 20
109.508945
 42
-0.112939
  0
VERTEX
  8
0
 10
314.512525
 20
110.385042
 42
-0.219722
  0
VERTEX
  8
0
 10
314.608688
 20
111.175861
 42
-0.099167
  0
VERTEX
  8
0
 10
314.937111
 20
111.527509
 42
-0.207337
  0
VERTEX
  8
0
 10
315.296119
 20
111.605142
 42
-0.154764
  0
VERTEX
  8
0
 10
315.677457
 20
111.395325
 42
-0.051827
  0
VERTEX
  8
0
 10
316.070627
 20
110.885723
 42
-0.031442
  0
VERTEX
  8
0
 10
316.357108
 20
110.349545
 42
-0.043708
  0
VERTEX
  8
0
 10
316.538835
 20
109.836603
 42
-0.051196
  0
VERTEX
  8
0
 10
316.603031
 20
109.414204
 42
-0.211554
  0
SEQEND
  0
POLYLINE
  8
0
 66
1
 70
1
  0
VERTEX
  8
0
 10
260.000000
 20
108.559017
 42
-0.211827
  0
VERTEX
  8
0
 10
259.716404
 20
107.919648
 42
-0.127879
  0
VERTEX
  8
0
 10
258.969093
 20
107.529206
 42
-0.122608
  0
VERTEX
  8
0
 10
258.101938
 20
107.543880
 42
-0.191362
  0
VERTEX
  8
0
 10
257.510081
 20
107.983688
 42
-0.136093
  0
VERTEX
  8
0
 10
257.397824
 20
108.369640
 42
-0.190788
  0
VERTEX
  8
0
 10
257.524436
 20
108.701458
 42
-0.140899
  0
VERTEX
  8
0
 10
257.890269
 20
108.925389
 42
-0.067432
  0
VERTEX
  8
0
 10
258.440983
 20
109.000000
 42
-0.026751
  0
VERTEX
  8
0
 10
259.038367
 20
108.968016
 42
-0.042195
  0
VERTEX
  8
0
 10
259.542039
 20
108.870461
 42
-0.051652
  0
VERTEX
  8
0
 10
259.897010
 20
108.729146
 42
-0.279105
  0
SEQEND
  0
POLYLINE
  8
0
 66
1
 70
1
  0
VERTEX
  8
0
 10
283.000000
 20
108.000000
 42
-0.099038
  0
VERTEX
  8
0
 10
282.923658
 20
107.618362
 42
-0.097945
  0
VERTEX
  8
0
 10
282.706250
 20
107.293750
 42
-0.097945
  0
VERTEX
  8
0
 10
282.381638
 20
107.076342
 42
-0.099038
  0
VERTEX
  8
0
 10
282.000000
 20
107.000000
 42
-0.099038
  0
VERTEX
  8
0
 10
281.618362
 20
107.076342
 42
-0.097945
  0
VERTEX
  8
0
 10
281.293750
 20
107.293750
 42
-0.097945
  0
VERTEX
  8
0
 10
281.076342
 20
107.618362
 42
-0.099038
  0
VERTEX
  8
0
 10
281.000000
 20
108.000000
 42
-0.099038
  0
VERTEX
  8
0
 10
281.076342
 20
108.381638
 42
-0.097945
  0
VERTEX
  8
0
 10
281.293750
 20
108.706250
 42
-0.097945
  0
VERTEX
  8
0
 10
281.618362
 20
108.923658
 42
-0.099038
  0
VERTEX
  8
0
 10
282.000000
 20
109.000000
 42
-0.099038
  0
VERTEX
  8
0
 10
282.381638
 20
108.923658
 42
-0.097945
  0
VERTEX
  8
0
 10
282.706250
 20
108.706250
 42
-0.097945
  0
VERTEX
  8
0
 10
282.923658
 20
108.381638
 42
-0.099038
  0
SEQEND
  0
POLYLINE
  8
0
 66
1
 70
1
  0
VERTEX
  8
0
 10
321.500000
 20
108.000000
 42
-0.082592
  0
VERTEX
  8
0
 10
321.656512
 20
107.617900
 42
-0.161196
  0
VERTEX
  8
0
 10
321.625400
 20
107.293750
 42
-0.182303
  0
VERTEX
  8
0
 10
321.413961
 20
107.078288
 42
-0.108972
  0
VERTEX
  8
0
 10
321.059017
 20
107.000000
 42
-0.093332
  0
VERTEX
  8
0
 10
320.654762
 20
107.076123
 42
-0.096420
  0
VERTEX
  8
0
 10
320.311086
 20
107.293750
 42
-0.099167
  0
VERTEX
  8
0
 10
320.081062
 20
107.618444
 42
-0.105053
  0
VERTEX
  8
0
 10
320.000000
 20
108.000000
 42
-0.042167
  0
VERTEX
  8
0
 10
320.032345
 20
108.382849
 42
-0.061769
  0
VERTEX
  8
0
 10
320.129539
 20
108.706250
 42
-0.081139
  0
VERTEX
  8
0
 10
320.272352
 20
108.925540
 42
-0.210953
  0
VERTEX
  8
0
 10
320.440983
 20
109.000000
 42
-0.151918
  0
VERTEX
  8
0
 10
320.651710
 20
108.934461
 42
-0.038439
  0
VERTEX
  8
0
 10
320.933975
 20
108.706250
 42
-0.035638
  0
VERTEX
  8
0
 10
321.231006
 20
108.382774
 42
-0.029505
  0
SEQEND
  0
POLYLINE
  8
0
 66
1
 70
1
  0
VERTEX
  8
0
 10
293.000000
 20
107.031385
 42
-0.184534
  0
VERTEX
  8
0
 10
292.877514
 20
106.710807
 42
-0.147206
  0
VERTEX
  8
0
 10
292.559375
 20
106.516384
 42
-0.100118
  0
VERTEX
  8
0
 10
292.074366
 20
106.488865
 42
-0.055937
  0
VERTEX
  8
0
 10
291.500000
 20
106.638374
 42
-0.021360
  0
VERTEX
  8
0
 10
290.925442
 20
106.887494
 42
-0.030395
  0
VERTEX
  8
0
 10
290.440625
 20
107.160341
 42
-0.030693
  0
VERTEX
  8
0
 10
290.087111
 20
107.420671
 42
-0.222225
  0
VERTEX
  8
0
 10
290.000000
 20
107.606989
 42
-0.289661
  0
VERTEX
  8
0
 10
290.096084
 20
107.758929
 42
-0.046727
  0
VERTEX
  8
0
 10
290.440625
 20
107.884553
 42
-0.039339
  0
VERTEX
  8
0
 10
290.925176
 20
107.971531
 42
-0.024748
  0
VERTEX
  8
0
 10
291.500000
 20
108.000000
 42
-0.062722
  0
VERTEX
  8
0
 10
292.073532
 20
107.927770
 42
-0.080880
  0
VERTEX
  8
0
 10
292.559375
 20
107.715469
 42
-0.098158
  0
VERTEX
  8
0
 10
292.884506
 20
107.400789
 42
-0.152681
  0
SEQEND
  0
POLYLINE
  8
0
 66
1
 70
1
  0
VERTEX
  8
0
 10
325.000000
 20
107.000000
 42
-0.099038
  0
VERTEX
  8
0
 10
324.923658
 20
106.618362
 42
-0.097945
  0
VERTEX
  8
0
 10
324.706250
 20
106.293750
 42
-0.097945
  0
VERTEX
  8
0
 10
324.381638
 20
106.076342
 42
-0.099038
  0
VERTEX
  8
0
 10
324.000000
 20
106.000000
 42
-0.099038
  0
VERTEX
  8
0
 10
323.618362
 20
106.076342
 42
-0.097945
  0
VERTEX
  8
0
 10
323.293750
 20
106.293750
 42
-0.097945
  0
VERTEX
  8
0
 10
323.076342
 20
106.618362
 42
-0.099038
  0
VERTEX
  8
0
 10
323.000000
 20
107.000000
 42
-0.099038
  0
VERTEX
  8
0
 10
323.076342
 20
107.381638
 42
-0.097945
  0
VERTEX
  8
0
 10
323.293750
 20
107.706250
 42
-0.097945
  0
VERTEX
  8
0
 10
323.618362
 20
107.923658
 42
-0.099038
  0
VERTEX
  8
0
 10
324.000000
 20
108.000000
 42
-0.099038
  0
VERTEX
  8
0
 10
324.381638
 20
107.923658
 42
-0.097945
  0
VERTEX
  8
0
 10
324.706250
 20
107.706250
 42
-0.097945
  0
VERTEX
  8
0
 10
324.923658
 20
107.381638
 42
-0.099038
  0
SEQEND
  0
POLYLINE
  8
0
 66
1
 70
1
  0
VERTEX
  8
0
 10
330.779124
 20
106.837373
 42
-0.182076
  0
VERTEX
  8
0
 10
330.106139
 20
106.008473
 42
-0.072865
  0
VERTEX
  8
0
 10
328.728673
 20
105.453241
 42
-0.093086
  0
VERTEX
  8
0
 10
327.467294
 20
105.387525
 42
-0.375607
  0
VERTEX
  8
0
 10
327.000000
 20
105.921817
 42
-0.127754
  0
VERTEX
  8
0
 10
327.208945
 20
106.726236
 42
-0.104224
  0
VERTEX
  8
0
 10
327.794637
 20
107.399491
 42
-0.090642
  0
VERTEX
  8
0
 10
328.682803
 20
107.846580
 42
-0.071512
  0
VERTEX
  8
0
 10
329.750000
 20
108.000000
 42
-0.085594
  0
VERTEX
  8
0
 10
330.261519
 20
107.911788
 42
-0.126847
  0
VERTEX
  8
0
 10
330.636680
 20
107.658478
 42
-0.142584
  0
VERTEX
  8
0
 10
330.815440
 20
107.280050
 42
-0.120527
  0
SEQEND
  0
POLYLINE
  8
0
 66
1
 70
1
  0
VERTEX
  8
0
 10
256.541119
 20
105.066531
 42
-0.059523
  0
VERTEX
  8
0
 10
256.216259
 20
104.658569
 42
-0.050715
  0
VERTEX
  8
0
 10
255.787597
 20
104.313294
 42
-0.053114
  0
VERTEX
  8
0
 10
255.325214
 20
104.078071
 42
-0.091370
  0
VERTEX
  8
0
 10
254.901556
 20
104.000000
 42
-0.236389
  0
VERTEX
  8
0
 10
254.649322
 20
104.126309
 42
-0.218285
  0
VERTEX
  8
0
 10
254.587911
 20
104.410998
 42
-0.095760
  0
VERTEX
  8
0
 10
254.782662
 20
104.861158
 42
-0.036357
  0
VERTEX
  8
0
 10
255.210573
 20
105.399141
 42
-0.036267
  0
VERTEX
  8
0
 10
256.170873
 20
106.300380
 42
-0.235763
  0
VERTEX
  8
0
 10
256.798991
 20
106.439593
 42
-0.441210
  0
VERTEX
  8
0
 10
257.009641
 20
106.049187
 42
-0.054386
  0
SEQEND
  0
POLYLINE
  8
0
 66
1
 70
1
  0
VERTEX
  8
0
 10
314.508218
 20
105.006821
 42
-0.045517
  0
VERTEX
  8
0
 10
315.140423
 20
105.440964
 42
-0.122992
  0
VERTEX
  8
0
 10
315.661958
 20
105.583075
 42
-0.162673
  0
VERTEX
  8
0
 10
316.098034
 20
105.447584
 42
-0.098682
  0
VERTEX
  8
0
 10
316.469989
 20
105.048558
 42
-0.130347
  0
VERTEX
  8
0
 10
316.590769
 20
104.650139
 42
-0.189834
  0
VERTEX
  8
0
 10
316.469710
 20
104.308014
 42
-0.144925
  0
VERTEX
  8
0
 10
316.107885
 20
104.077293
 42
-0.070066
  0
VERTEX
  8
0
 10
315.559017
 20
104.000000
 42
0.004235
  0
VERTEX
  8
0
 10
314.908966
 20
103.994494
 42
0.003971
  0
VERTEX
  8
0
 10
314.244992
 20
103.977969
 42
0.003954
  0
VERTEX
  8
0
 10
313.656166
 20
103.953971
 42
0.013611
  0
VERTEX
  8
0
 10
313.275000
 20
103.925000
 42
-0.146015
  0
VERTEX
  8
0
 10
312.983032
 20
103.980213
 42
-0.090182
  0
VERTEX
  8
0
 10
312.704219
 20
104.195156
 42
-0.076228
  0
VERTEX
  8
0
 10
312.480571
 20
104.535032
 42
-0.062577
  0
VERTEX
  8
0
 10
312.350000
 20
104.950000
 42
-0.009506
  0
VERTEX
  8
0
 10
312.270039
 20
105.442840
 42
-0.425676
  0
VERTEX
  8
0
 10
312.327754
 20
105.516738
 42
-0.305831
  0
VERTEX
  8
0
 10
312.427924
 20
105.463213
 42
-0.007798
  0
VERTEX
  8
0
 10
312.672246
 20
104.983262
 42
0.099718
  0
VERTEX
  8
0
 10
312.989467
 20
104.569467
 42
0.184760
  0
VERTEX
  8
0
 10
313.381190
 20
104.425336
 42
0.130021
  0
VERTEX
  8
0
 10
313.874518
 20
104.562624
 42
0.040700
  0
SEQEND
  0
POLYLINE
  8
0
 66
1
 70
1
  0
VERTEX
  8
0
 10
269.500000
 20
104.000000
 42
-0.082592
  0
VERTEX
  8
0
 10
269.656512
 20
103.617900
 42
-0.161196
  0
VERTEX
  8
0
 10
269.625400
 20
103.293750
 42
-0.182303
  0
VERTEX
  8
0
 10
269.413961
 20
103.078288
 42
-0.108972
  0
VERTEX
  8
0
 10
269.059017
 20
103.000000
 42
-0.093332
  0
VERTEX
  8
0
 10
268.654762
 20
103.076123
 42
-0.096420
  0
VERTEX
  8
0
 10
268.311086
 20
103.293750
 42
-0.099167
  0
VERTEX
  8
0
 10
268.081062
 20
103.618444
 42
-0.105053
  0
VERTEX
  8
0
 10
268.000000
 20
104.000000
 42
-0.042167
  0
VERTEX
  8
0
 10
268.032345
 20
104.382849
 42
-0.061769
  0
VERTEX
  8
0
 10
268.129539
 20
104.706250
 42
-0.081139
  0
VERTEX
  8
0
 10
268.272352
 20
104.925540
 42
-0.210953
  0
VERTEX
  8
0
 10
268.440983
 20
105.000000
 42
-0.151918
  0
VERTEX
  8
0
 10
268.651710
 20
104.934461
 42
-0.038439
  0
VERTEX
  8
0
 10
268.933975
 20
104.706250
 42
-0.035638
  0
VERTEX
  8
0
 10
269.231006
 20
104.382774
 42
-0.029505
  0
SEQEND
  0
POLYLINE
  8
0
 66
1
 70
1
  0
VERTEX
  8
0
 10
306.000000
 20
103.500000
 42
0.048417
  0
VERTEX
  8
0
 10
305.434434
 20
102.666114
 42
0.132432
  0
VERTEX
  8
0
 10
305.269405
 20
101.979494
 42
0.125547
  0
VERTEX
  8
0
 10
305.468466
 20
101.279985
 42
0.041447
  0
VERTEX
  8
0
 10
306.085209
 20
100.397330
 42
0.036322
  0
VERTEX
  8
0
 10
306.901893
 20
99.547200
 42
0.223754
  0
VERTEX
  8
0
 10
307.467548
 20
99.376802
 42
0.168006
  0
VERTEX
  8
0
 10
308.061902
 20
99.686657
 42
0.019170
  0
VERTEX
  8
0
 10
309.072930
 20
100.841737
 42
-0.042206
  0
VERTEX
  8
0
 10
310.190206
 20
102.005502
 42
-0.246285
  0
VERTEX
  8
0
 10
310.988821
 20
102.199629
 42
-0.117538
  0
VERTEX
  8
0
 10
311.965090
 20
101.693224
 42
-0.007264
  0
VERTEX
  8
0
 10
314.422620
 20
99.507012
 42
0.004116
  0
VERTEX
  8
0
 10
315.885723
 20
98.188846
 42
0.005617
  0
VERTEX
  8
0
 10
317.227164
 20
97.026786
 42
0.003778
  0
VERTEX
  8
0
 10
318.368362
 20
96.075132
 42
0.062927
  0
VERTEX
  8
0
 10
318.785399
 20
95.812605
 42
-0.106662
  0
VERTEX
  8
0
 10
319.055063
 20
95.608172
 42
-0.048837
  0
VERTEX
  8
0
 10
319.309995
 20
95.244979
 42
-0.045305
  0
VERTEX
  8
0
 10
319.513440
 20
94.794104
 42
-0.046933
  0
VERTEX
  8
0
 10
319.629409
 20
94.319239
 42
-0.357327
  0
VERTEX
  8
0
 10
319.254586
 20
93.694855
 42
-0.201934
  0
VERTEX
  8
0
 10
318.317659
 20
93.746188
 42
-0.084845
  0
VERTEX
  8
0
 10
316.974389
 20
94.710295
 42
-0.072021
  0
VERTEX
  8
0
 10
315.937036
 20
96.117649
 42
0.093838
  0
VERTEX
  8
0
 10
315.238220
 20
96.984426
 42
0.086022
  0
VERTEX
  8
0
 10
314.250572
 20
97.567788
 42
0.063711
  0
VERTEX
  8
0
 10
312.871228
 20
97.897526
 42
0.026857
  0
VERTEX
  8
0
 10
310.964816
 20
98.000000
 42
0.023053
  0
VERTEX
  8
0
 10
309.445319
 20
97.929904
 42
0.036870
  0
VERTEX
  8
0
 10
308.164665
 20
97.715469
 42
0.042427
  0
VERTEX
  8
0
 10
307.246265
 20
97.406617
 42
0.298843
  0
VERTEX
  8
0
 10
307.000000
 20
97.031385
 42
-0.184534
  0
VERTEX
  8
0
 10
306.877514
 20
96.710807
 42
-0.147206
  0
VERTEX
  8
0
 10
306.559375
 20
96.516384
 42
-0.100118
  0
VERTEX
  8
0
 10
306.074366
 20
96.488865
 42
-0.055937
  0
VERTEX
  8
0
 10
305.500000
 20
96.638374
 42
0.057964
  0
VERTEX
  8
0
 10
304.925734
 20
96.785380
 42
0.102995
  0
VERTEX
  8
0
 10
304.440625
 20
96.751144
 42
0.148741
  0
VERTEX
  8
0
 10
304.122259
 20
96.546613
 42
0.177953
  0
VERTEX
  8
0
 10
304.000000
 20
96.213978
 42
-0.136370
  0
VERTEX
  8
0
 10
303.880810
 20
95.785094
 42
-0.061778
  0
VERTEX
  8
0
 10
303.517826
 20
95.322700
 42
-0.054549
  0
VERTEX
  8
0
 10
302.986432
 20
94.899210
 42
-0.049409
  0
VERTEX
  8
0
 10
302.358556
 20
94.584097
 42
-0.012731
  0
VERTEX
  8
0
 10
301.458284
 20
94.264678
 42
-0.389672
  0
VERTEX
  8
0
 10
301.258808
 20
94.355597
 42
-0.270710
  0
VERTEX
  8
0
 10
301.292701
 20
94.617386
 42
-0.008807
  0
VERTEX
  8
0
 10
301.981001
 20
95.477108
 42
0.018917
  0
VERTEX
  8
0
 10
302.617416
 20
96.305822
 42
0.205646
  0
VERTEX
  8
0
 10
302.703863
 20
96.708584
 42
0.316140
  0
VERTEX
  8
0
 10
302.461721
 20
96.940667
 42
0.037967
  0
VERTEX
  8
0
 10
301.681462
 20
97.000000
 42
0.066297
  0
VERTEX
  8
0
 10
301.029753
 20
96.913206
 42
0.052144
  0
VERTEX
  8
0
 10
300.364704
 20
96.656028
 42
0.053446
  0
VERTEX
  8
0
 10
299.786454
 20
96.277194
 42
0.082801
  0
VERTEX
  8
0
 10
299.394335
 20
95.829031
 42
-0.131092
  0
VERTEX
  8
0
 10
299.027775
 20
95.483049
 42
-0.275702
  0
VERTEX
  8
0
 10
298.650561
 20
95.498981
 42
-0.129761
  0
VERTEX
  8
0
 10
298.263135
 20
95.929753
 42
-0.030028
  0
VERTEX
  8
0
 10
297.867130
 20
96.830144
 42
-0.067695
  0
VERTEX
  8
0
 10
297.426670
 20
98.807919
 42
-0.126751
  0
VERTEX
  8
0
 10
297.699314
 20
100.413445
 42
-0.121694
  0
VERTEX
  8
0
 10
298.726734
 20
101.730270
 42
-0.059697
  0
VERTEX
  8
0
 10
300.555012
 20
102.843111
 42
-0.017382
  0
VERTEX
  8
0
 10
301.858601
 20
103.383178
 42
-0.127183
  0
VERTEX
  8
0
 10
302.524954
 20
103.453402
 42
-0.273931
  0
VERTEX
  8
0
 10
302.877103
 20
103.167024
 42
-0.088555
  0
VERTEX
  8
0
 10
303.000000
 20
102.478561
 42
-0.065838
  0
VERTEX
  8
0
 10
302.925249
 20
101.913335
 42
-0.083113
  0
VERTEX
  8
0
 10
302.706250
 20
101.434327
 42
-0.099188
  0
VERTEX
  8
0
 10
302.381348
 20
101.113939
 42
-0.146197
  0
VERTEX
  8
0
 10
302.000000
 20
101.000000
 42
0.148195
  0
VERTEX
  8
0
 10
301.618646
 20
100.884432
 42
0.098894
  0
VERTEX
  8
0
 10
301.293750
 20
100.559375
 42
0.082425
  0
VERTEX
  8
0
 10
301.074694
 20
100.073457
 42
0.064853
  0
VERTEX
  8
0
 10
301.000000
 20
99.500000
 42
0.064853
  0
VERTEX
  8
0
 10
301.074694
 20
98.926543
 42
0.082425
  0
VERTEX
  8
0
 10
301.293750
 20
98.440625
 42
0.098894
  0
VERTEX
  8
0
 10
301.618646
 20
98.115568
 42
0.148195
  0
VERTEX
  8
0
 10
302.000000
 20
98.000000
 42
0.126912
  0
VERTEX
  8
0
 10
302.381367
 20
98.098384
 42
0.100763
  0
VERTEX
  8
0
 10
302.706250
 20
98.375264
 42
0.089688
  0
VERTEX
  8
0
 10
302.924650
 20
98.789441
 42
0.076740
  0
VERTEX
  8
0
 10
303.000000
 20
99.277494
 42
-0.118116
  0
VERTEX
  8
0
 10
303.317074
 20
100.600975
 42
-0.025280
  0
VERTEX
  8
0
 10
304.501189
 20
102.665068
 42
-0.020863
  0
VERTEX
  8
0
 10
305.859765
 20
104.596092
 42
-0.233081
  0
VERTEX
  8
0
 10
306.679149
 20
105.000000
 42
-0.433751
  0
VERTEX
  8
0
 10
306.793002
 20
104.878344
 42
-0.089969
  0
VERTEX
  8
0
 10
306.713017
 20
104.559375
 42
-0.045811
  0
VERTEX
  8
0
 10
306.438462
 20
104.076176
 42
-0.021117
  0
SEQEND
  0
POLYLINE
  8
0
 66
1
 70
1
  0
VERTEX
  8
0
 10
310.000000
 20
104.622445
 42
-0.172995
  0
VERTEX
  8
0
 10
309.924910
 20
104.411909
 42
-0.015689
  0
VERTEX
  8
0
 10
309.552650
 20
103.984529
 42
-0.018888
  0
VERTEX
  8
0
 10
309.060438
 20
103.492636
 42
-0.013646
  0
VERTEX
  8
0
 10
308.477108
 20
102.981001
 42
-0.008807
  0
VERTEX
  8
0
 10
307.617386
 20
102.292701
 42
-0.270710
  0
VERTEX
  8
0
 10
307.355597
 20
102.258808
 42
-0.389672
  0
VERTEX
  8
0
 10
307.264678
 20
102.458284
 42
-0.012731
  0
VERTEX
  8
0
 10
307.584097
 20
103.358556
 42
-0.091143
  0
VERTEX
  8
0
 10
308.143246
 20
104.274265
 42
-0.089947
  0
VERTEX
  8
0
 10
308.993760
 20
104.936277
 42
-0.178047
  0
VERTEX
  8
0
 10
309.678078
 20
105.025462
 42
-0.350363
  0
SEQEND
  0
POLYLINE
  8
0
 66
1
 70
1
  0
VERTEX
  8
0
 10
328.450000
 20
102.870892
 42
-0.041543
  0
VERTEX
  8
0
 10
328.759695
 20
102.535630
 42
-0.130053
  0
VERTEX
  8
0
 10
328.879344
 20
102.255824
 42
-0.274859
  0
VERTEX
  8
0
 10
328.805140
 20
102.075834
 42
-0.162223
  0
VERTEX
  8
0
 10
328.577555
 20
102.000000
 42
0.305860
  0
VERTEX
  8
0
 10
328.379119
 20
101.866085
 42
0.166005
  0
VERTEX
  8
0
 10
328.362390
 20
101.559375
 42
0.073712
  0
VERTEX
  8
0
 10
328.579039
 20
101.076414
 42
0.030982
  0
VERTEX
  8
0
 10
329.000000
 20
100.500000
 42
-0.018523
  0
VERTEX
  8
0
 10
329.591739
 20
99.730718
 42
-0.150989
  0
VERTEX
  8
0
 10
329.729241
 20
99.314298
 42
-0.335794
  0
VERTEX
  8
0
 10
329.557671
 20
99.078348
 42
-0.073672
  0
VERTEX
  8
0
 10
329.028825
 20
99.000000
 42
-0.143655
  0
VERTEX
  8
0
 10
328.524877
 20
99.147840
 42
-0.071209
  0
VERTEX
  8
0
 10
328.016345
 20
99.587500
 42
-0.061545
  0
VERTEX
  8
0
 10
327.580135
 20
100.235071
 42
-0.053572
  0
VERTEX
  8
0
 10
327.289749
 20
101.000000
 42
0.059973
  0
VERTEX
  8
0
 10
326.759667
 20
102.344375
 42
0.202024
  0
VERTEX
  8
0
 10
326.038082
 20
102.924003
 42
0.277396
  0
VERTEX
  8
0
 10
325.293028
 20
102.723301
 42
0.096031
  0
VERTEX
  8
0
 10
324.662281
 20
101.750000
 42
-0.071474
  0
VERTEX
  8
0
 10
324.459979
 20
101.401725
 42
-0.454732
  0
VERTEX
  8
0
 10
324.280178
 20
101.393034
 42
-0.159078
  0
VERTEX
  8
0
 10
324.138444
 20
101.686433
 42
-0.023008
  0
VERTEX
  8
0
 10
324.078947
 20
102.356989
 42
0.059337
  0
VERTEX
  8
0
 10
323.951016
 20
103.144599
 42
0.159553
  0
VERTEX
  8
0
 10
323.636355
 20
103.608510
 42
0.179539
  0
VERTEX
  8
0
 10
323.136741
 20
103.764739
 42
0.078707
  0
VERTEX
  8
0
 10
322.448062
 20
103.618443
 42
-0.036250
  0
VERTEX
  8
0
 10
321.866546
 20
103.442414
 42
-0.156583
  0
VERTEX
  8
0
 10
321.511482
 20
103.474161
 42
-0.330354
  0
VERTEX
  8
0
 10
321.393054
 20
103.674974
 42
-0.112543
  0
VERTEX
  8
0
 10
321.509348
 20
104.015125
 42
-0.258045
  0
VERTEX
  8
0
 10
322.462113
 20
104.550756
 42
-0.042643
  0
VERTEX
  8
0
 10
324.640772
 20
104.380136
 42
-0.044742
  0
VERTEX
  8
0
 10
326.923197
 20
103.790488
 42
-0.100269
  0
SEQEND
  0
POLYLINE
  8
0
 66
1
 70
1
  0
VERTEX
  8
0
 10
285.675343
 20
103.342009
 42
0.171918
  0
VERTEX
  8
0
 10
285.507446
 20
102.989854
 42
0.082297
  0
VERTEX
  8
0
 10
285.537806
 20
102.483088
 42
0.066538
  0
VERTEX
  8
0
 10
285.753708
 20
101.904134
 42
0.050768
  0
VERTEX
  8
0
 10
286.131121
 20
101.342009
 42
-0.056430
  0
VERTEX
  8
0
 10
286.593476
 20
100.636281
 42
-0.117345
  0
VERTEX
  8
0
 10
286.744889
 20
100.000000
 42
-0.117345
  0
VERTEX
  8
0
 10
286.593476
 20
99.363719
 42
-0.056430
  0
VERTEX
  8
0
 10
286.131121
 20
98.657991
 42
0.047002
  0
VERTEX
  8
0
 10
285.749963
 20
98.099404
 42
0.063213
  0
VERTEX
  8
0
 10
285.523818
 20
97.530900
 42
0.079065
  0
VERTEX
  8
0
 10
285.477163
 20
97.038872
 42
0.182521
  0
VERTEX
  8
0
 10
285.627724
 20
96.705610
 42
-0.229501
  0
VERTEX
  8
0
 10
285.748245
 20
96.358520
 42
-0.073743
  0
VERTEX
  8
0
 10
285.601932
 20
95.817668
 42
-0.056181
  0
VERTEX
  8
0
 10
285.233815
 20
95.180163
 42
-0.037391
  0
VERTEX
  8
0
 10
284.682805
 20
94.539948
 42
-0.045591
  0
VERTEX
  8
0
 10
284.046407
 20
94.010112
 42
-0.076078
  0
VERTEX
  8
0
 10
283.420465
 20
93.706748
 42
-0.111771
  0
VERTEX
  8
0
 10
282.904911
 20
93.667068
 42
-0.221367
  0
VERTEX
  8
0
 10
282.569501
 20
93.887544
 42
-0.174896
  0
VERTEX
  8
0
 10
282.486791
 20
94.280830
 42
-0.119314
  0
VERTEX
  8
0
 10
282.656386
 20
94.709778
 42
-0.089334
  0
VERTEX
  8
0
 10
283.063692
 20
95.111571
 42
-0.058562
  0
VERTEX
  8
0
 10
283.648872
 20
95.418754
 42
0.045709
  0
VERTEX
  8
0
 10
284.230706
 20
95.705402
 42
0.087842
  0
VERTEX
  8
0
 10
284.618904
 20
96.048878
 42
0.144340
  0
VERTEX
  8
0
 10
284.756534
 20
96.388996
 42
0.224462
  0
VERTEX
  8
0
 10
284.651804
 20
96.681529
 42
-0.181440
  0
VERTEX
  8
0
 10
284.494751
 20
97.027234
 42
-0.079411
  0
VERTEX
  8
0
 10
284.541224
 20
97.536276
 42
-0.063549
  0
VERTEX
  8
0
 10
284.773476
 20
98.123789
 42
-0.047370
  0
VERTEX
  8
0
 10
285.166294
 20
98.700372
 42
0.051238
  0
VERTEX
  8
0
 10
285.633767
 20
99.398045
 42
0.114497
  0
VERTEX
  8
0
 10
285.796914
 20
100.011454
 42
0.129671
  0
VERTEX
  8
0
 10
285.665287
 20
100.584044
 42
0.075528
  0
VERTEX
  8
0
 10
285.244751
 20
101.155249
 42
0.156871
  0
VERTEX
  8
0
 10
284.133163
 20
101.725774
 42
0.200802
  0
VERTEX
  8
0
 10
283.024464
 20
101.462262
 42
0.187619
  0
VERTEX
  8
0
 10
282.382944
 20
100.461822
 42
0.141653
  0
VERTEX
  8
0
 10
282.491072
 20
99.148849
 42
-0.008260
  0
VERTEX
  8
0
 10
282.822054
 20
98.233836
 42
-0.380156
  0
VERTEX
  8
0
 10
282.750911
 20
98.063676
 42
-0.312098
  0
VERTEX
  8
0
 10
282.548529
 20
98.095675
 42
-0.007002
  0
VERTEX
  8
0
 10
281.809246
 20
98.820983
 42
-0.077107
  0
VERTEX
  8
0
 10
281.252966
 20
99.588720
 42
-0.199078
  0
VERTEX
  8
0
 10
281.199258
 20
100.257815
 42
-0.121640
  0
VERTEX
  8
0
 10
281.655519
 20
100.993693
 42
-0.022155
  0
VERTEX
  8
0
 10
282.860784
 20
102.070983
 42
-0.019892
  0
VERTEX
  8
0
 10
284.388766
 20
103.221286
 42
-0.045369
  0
VERTEX
  8
0
 10
285.643995
 20
103.931425
 42
-0.552401
  0
VERTEX
  8
0
 10
285.865021
 20
103.784970
 42
-0.192743
  0
SEQEND
  0
POLYLINE
  8
0
 66
1
 70
1
  0
VERTEX
  8
0
 10
297.500000
 20
103.000000
 42
-0.075854
  0
VERTEX
  8
0
 10
297.175433
 20
102.618541
 42
-0.054031
  0
VERTEX
  8
0
 10
296.713662
 20
102.298248
 42
-0.053889
  0
VERTEX
  8
0
 10
296.192374
 20
102.083483
 42
-0.074131
  0
VERTEX
  8
0
 10
295.690983
 20
102.015313
 42
-0.102799
  0
VERTEX
  8
0
 10
295.327599
 20
102.095709
 42
-0.379910
  0
VERTEX
  8
0
 10
295.239151
 20
102.292684
 42
-0.147021
  0
VERTEX
  8
0
 10
295.445888
 20
102.597454
 42
-0.027275
  0
VERTEX
  8
0
 10
296.000000
 20
103.000000
 42
-0.008108
  0
VERTEX
  8
0
 10
297.281145
 20
103.798791
 42
-0.136158
  0
VERTEX
  8
0
 10
297.758161
 20
103.931144
 42
-0.541951
  0
VERTEX
  8
0
 10
297.886554
 20
103.734105
 42
-0.034464
  0
SEQEND
  0
POLYLINE
  8
0
 66
1
 70
1
  0
VERTEX
  8
0
 10
258.729167
 20
102.395833
 42
-0.126455
  0
VERTEX
  8
0
 10
258.402231
 20
102.202593
 42
-0.060344
  0
VERTEX
  8
0
 10
257.916927
 20
102.123424
 42
-0.054150
  0
VERTEX
  8
0
 10
257.359369
 20
102.160852
 42
-0.051402
  0
VERTEX
  8
0
 10
256.812500
 20
102.316886
 42
-0.054073
  0
VERTEX
  8
0
 10
256.395823
 20
102.538436
 42
-0.470617
  0
VERTEX
  8
0
 10
256.378580
 20
102.720685
 42
-0.168741
  0
VERTEX
  8
0
 10
256.670344
 20
102.862007
 42
-0.018894
  0
VERTEX
  8
0
 10
257.416667
 20
102.921053
 42
-0.028489
  0
VERTEX
  8
0
 10
258.112848
 20
102.910055
 42
-0.077125
  0
VERTEX
  8
0
 10
258.592839
 20
102.799335
 42
-0.208169
  0
VERTEX
  8
0
 10
258.775380
 20
102.614691
 42
-0.296942
  0
SEQEND
  0
POLYLINE
  8
0
 66
1
 70
1
  0
VERTEX
  8
0
 10
277.510081
 20
101.983688
 42
0.114024
  0
VERTEX
  8
0
 10
277.840296
 20
101.650317
 42
0.098926
  0
VERTEX
  8
0
 10
278.300578
 20
101.473972
 42
0.092469
  0
VERTEX
  8
0
 10
278.820558
 20
101.482162
 42
0.085227
  0
VERTEX
  8
0
 10
279.319098
 20
101.675647
 42
-0.029660
  0
VERTEX
  8
0
 10
279.809558
 20
101.931577
 42
-0.567755
  0
VERTEX
  8
0
 10
279.924422
 20
101.851108
 42
-0.143855
  0
VERTEX
  8
0
 10
279.817758
 20
101.566695
 42
-0.008948
  0
VERTEX
  8
0
 10
279.258676
 20
100.849949
 42
0.054146
  0
VERTEX
  8
0
 10
278.838975
 20
100.198252
 42
0.064921
  0
VERTEX
  8
0
 10
278.599755
 20
99.509546
 42
0.076667
  0
VERTEX
  8
0
 10
278.567741
 20
98.889876
 42
0.151506
  0
VERTEX
  8
0
 10
278.758676
 20
98.440958
 42
-0.139903
  0
VERTEX
  8
0
 10
278.836939
 20
98.267973
 42
-0.595759
  0
VERTEX
  8
0
 10
278.768174
 20
98.216445
 42
-0.046197
  0
VERTEX
  8
0
 10
278.385057
 20
98.437763
 42
-0.009281
  0
VERTEX
  8
0
 10
277.750000
 20
98.905412
 42
0.039659
  0
VERTEX
  8
0
 10
276.810600
 20
99.512878
 42
0.112876
  0
VERTEX
  8
0
 10
276.064196
 20
99.719404
 42
0.127584
  0
VERTEX
  8
0
 10
275.358135
 20
99.569904
 42
0.057631
  0
VERTEX
  8
0
 10
274.559671
 20
99.049523
 42
-0.018093
  0
VERTEX
  8
0
 10
273.778343
 20
98.447449
 42
-0.549757
  0
VERTEX
  8
0
 10
273.588259
 20
98.524465
 42
-0.149888
  0
VERTEX
  8
0
 10
273.635744
 20
98.928351
 42
-0.004970
  0
VERTEX
  8
0
 10
274.309671
 20
100.419276
 42
-0.028319
  0
VERTEX
  8
0
 10
275.220845
 20
102.123058
 42
-0.143069
  0
VERTEX
  8
0
 10
276.009776
 20
102.841788
 42
-0.273459
  0
VERTEX
  8
0
 10
276.757492
 20
102.782441
 42
-0.101383
  0
SEQEND
  0
POLYLINE
  8
0
 66
1
 70
1
  0
VERTEX
  8
0
 10
269.121885
 20
101.096491
 42
0.058997
  0
VERTEX
  8
0
 10
268.632278
 20
100.698564
 42
0.075956
  0
VERTEX
  8
0
 10
268.296342
 20
100.226862
 42
0.092729
  0
VERTEX
  8
0
 10
268.160173
 20
99.757395
 42
0.157708
  0
VERTEX
  8
0
 10
268.246753
 20
99.361803
 42
-0.114025
  0
VERTEX
  8
0
 10
268.391613
 20
98.895549
 42
-0.037438
  0
VERTEX
  8
0
 10
268.391124
 20
98.172207
 42
-0.035042
  0
VERTEX
  8
0
 10
268.269509
 20
97.342700
 42
-0.033148
  0
VERTEX
  8
0
 10
268.031911
 20
96.522304
 42
-0.012037
  0
VERTEX
  8
0
 10
267.542786
 20
95.269585
 42
-0.328362
  0
VERTEX
  8
0
 10
267.255800
 20
95.097582
 42
-0.243145
  0
VERTEX
  8
0
 10
266.935814
 20
95.303422
 42
-0.007683
  0
VERTEX
  8
0
 10
266.160629
 20
96.699862
 42
-0.082073
  0
VERTEX
  8
0
 10
265.486018
 20
98.684805
 42
-0.140340
  0
VERTEX
  8
0
 10
265.685370
 20
100.410337
 42
-0.168578
  0
VERTEX
  8
0
 10
266.712856
 20
101.563346
 42
-0.129728
  0
VERTEX
  8
0
 10
268.356989
 20
101.984687
 42
-0.014535
  0
VERTEX
  8
0
 10
269.400113
 20
101.946896
 42
-0.201297
  0
VERTEX
  8
0
 10
269.730753
 20
101.782024
 42
-0.416753
  0
VERTEX
  8
0
 10
269.710776
 20
101.528977
 42
-0.034432
  0
SEQEND
  0
POLYLINE
  8
0
 66
1
 70
1
  0
VERTEX
  8
0
 10
333.068002
 20
95.661728
 42
0.014124
  0
VERTEX
  8
0
 10
333.041702
 20
95.307737
 42
0.003757
  0
VERTEX
  8
0
 10
333.019975
 20
94.742176
 42
0.003807
  0
VERTEX
  8
0
 10
333.004994
 20
94.098481
 42
0.003914
  0
VERTEX
  8
0
 10
333.000000
 20
93.460573
 42
-0.033730
  0
VERTEX
  8
0
 10
332.947763
 20
92.687112
 42
-0.325463
  0
VERTEX
  8
0
 10
332.732849
 20
92.462875
 42
-0.216136
  0
VERTEX
  8
0
 10
332.366636
 20
92.555760
 42
-0.017990
  0
VERTEX
  8
0
 10
331.604960
 20
93.210573
 42
-0.037310
  0
VERTEX
  8
0
 10
331.100048
 20
93.752413
 42
-0.050408
  0
VERTEX
  8
0
 10
330.736162
 20
94.314149
 42
-0.060853
  0
VERTEX
  8
0
 10
330.552372
 20
94.813709
 42
-0.195965
  0
VERTEX
  8
0
 10
330.606340
 20
95.156741
 42
0.375364
  0
VERTEX
  8
0
 10
330.571212
 20
95.355299
 42
0.150597
  0
VERTEX
  8
0
 10
330.293829
 20
95.465627
 42
0.059700
  0
VERTEX
  8
0
 10
329.733959
 20
95.443420
 42
0.024224
  0
VERTEX
  8
0
 10
328.985796
 20
95.286035
 42
0.030788
  0
VERTEX
  8
0
 10
328.173845
 20
95.019362
 42
0.030887
  0
VERTEX
  8
0
 10
327.401682
 20
94.655232
 42
0.032460
  0
VERTEX
  8
0
 10
326.771437
 20
94.253664
 42
0.096556
  0
VERTEX
  8
0
 10
326.425399
 20
93.879293
 42
-0.101043
  0
VERTEX
  8
0
 10
326.108372
 20
93.542366
 42
-0.052063
  0
VERTEX
  8
0
 10
325.600975
 20
93.258292
 42
-0.048732
  0
VERTEX
  8
0
 10
324.996048
 20
93.065207
 42
-0.052944
  0
VERTEX
  8
0
 10
324.381966
 20
93.000000
 42
-0.070705
  0
VERTEX
  8
0
 10
323.854306
 20
93.074991
 42
-0.145869
  0
VERTEX
  8
0
 10
323.507100
 20
93.298542
 42
-0.189559
  0
VERTEX
  8
0
 10
323.391908
 20
93.630094
 42
-0.129031
  0
VERTEX
  8
0
 10
323.510081
 20
94.016312
 42
-0.089269
  0
VERTEX
  8
0
 10
323.819727
 20
94.361176
 42
-0.095102
  0
VERTEX
  8
0
 10
324.223775
 20
94.567159
 42
-0.099868
  0
VERTEX
  8
0
 10
324.658709
 20
94.603230
 42
-0.109749
  0
VERTEX
  8
0
 10
325.057644
 20
94.464374
 42
0.155125
  0
VERTEX
  8
0
 10
325.350096
 20
94.391013
 42
0.314262
  0
VERTEX
  8
0
 10
325.527199
 20
94.531611
 42
0.129076
  0
VERTEX
  8
0
 10
325.540224
 20
94.913567
 42
0.035957
  0
VERTEX
  8
0
 10
325.364990
 20
95.491234
 42
0.037476
  0
VERTEX
  8
0
 10
324.958557
 20
96.351592
 42
0.264410
  0
VERTEX
  8
0
 10
324.575914
 20
96.579696
 42
0.174621
  0
VERTEX
  8
0
 10
324.068938
 20
96.408770
 42
0.016159
  0
VERTEX
  8
0
 10
323.043111
 20
95.539015
 42
-0.011693
  0
VERTEX
  8
0
 10
322.069615
 20
94.698573
 42
-0.160973
  0
VERTEX
  8
0
 10
321.640628
 20
94.532390
 42
-0.376229
  0
VERTEX
  8
0
 10
321.399861
 20
94.722872
 42
-0.045477
  0
VERTEX
  8
0
 10
321.333333
 20
95.452811
 42
-0.161241
  0
VERTEX
  8
0
 10
321.687413
 20
96.522252
 42
-0.107229
  0
VERTEX
  8
0
 10
322.668716
 20
97.378930
 42
-0.106873
  0
VERTEX
  8
0
 10
323.919748
 20
97.753776
 42
-0.159265
  0
VERTEX
  8
0
 10
325.021144
 20
97.486932
 42
0.113235
  0
VERTEX
  8
0
 10
325.387294
 20
97.362308
 42
0.100253
  0
VERTEX
  8
0
 10
325.788836
 20
97.401496
 42
0.094066
  0
VERTEX
  8
0
 10
326.164168
 20
97.599147
 42
0.086449
  0
VERTEX
  8
0
 10
326.454065
 20
97.925675
 42
-0.316157
  0
VERTEX
  8
0
 10
327.426646
 20
98.342386
 42
-0.030552
  0
VERTEX
  8
0
 10
330.042788
 20
97.621970
 42
-0.030552
  0
VERTEX
  8
0
 10
332.552109
 20
96.587907
 42
-0.315161
  0
SEQEND
  0
POLYLINE
  8
0
 66
1
 70
1
  0
VERTEX
  8
0
 10
275.689326
 20
93.250000
 42
-0.161593
  0
VERTEX
  8
0
 10
275.521012
 20
92.990860
 42
-0.542911
  0
VERTEX
  8
0
 10
275.366341
 20
93.042187
 42
-0.052887
  0
VERTEX
  8
0
 10
275.259713
 20
93.748017
 42
-0.011065
  0
VERTEX
  8
0
 10
275.232003
 20
95.000000
 42
-0.011065
  0
VERTEX
  8
0
 10
275.259713
 20
96.251983
 42
-0.052887
  0
VERTEX
  8
0
 10
275.366341
 20
96.957813
 42
-0.542911
  0
VERTEX
  8
0
 10
275.521012
 20
97.009140
 42
-0.161593
  0
VERTEX
  8
0
 10
275.689326
 20
96.750000
 42
-0.039571
  0
VERTEX
  8
0
 10
275.831531
 20
95.952734
 42
-0.024357
  0
VERTEX
  8
0
 10
275.877971
 20
95.000000
 42
-0.024357
  0
VERTEX
  8
0
 10
275.831531
 20
94.047266
 42
-0.039571
  0
SEQEND
  0
POLYLINE
  8
0
 66
1
 70
1
  0
VERTEX
  8
0
 10
287.683114
 20
94.812500
 42
-0.054073
  0
VERTEX
  8
0
 10
287.461564
 20
94.395823
 42
-0.470617
  0
VERTEX
  8
0
 10
287.279315
 20
94.378580
 42
-0.168741
  0
VERTEX
  8
0
 10
287.137993
 20
94.670344
 42
-0.018894
  0
VERTEX
  8
0
 10
287.078947
 20
95.416667
 42
-0.028489
  0
VERTEX
  8
0
 10
287.089945
 20
96.112848
 42
-0.077125
  0
VERTEX
  8
0
 10
287.200665
 20
96.592839
 42
-0.208169
  0
VERTEX
  8
0
 10
287.385309
 20
96.775380
 42
-0.296942
  0
VERTEX
  8
0
 10
287.604167
 20
96.729167
 42
-0.126455
  0
VERTEX
  8
0
 10
287.797407
 20
96.402231
 42
-0.060344
  0
VERTEX
  8
0
 10
287.876576
 20
95.916927
 42
-0.054150
  0
VERTEX
  8
0
 10
287.839148
 20
95.359369
 42
-0.051402
  0
SEQEND
  0
POLYLINE
  8
0
 66
1
 70
1
  0
VERTEX
  8
0
 10
291.000000
 20
96.000000
 42
-0.105053
  0
VERTEX
  8
0
 10
290.918938
 20
95.618444
 42
-0.099167
  0
VERTEX
  8
0
 10
290.688914
 20
95.293750
 42
-0.096420
  0
VERTEX
  8
0
 10
290.345238
 20
95.076123
 42
-0.093332
  0
VERTEX
  8
0
 10
289.940983
 20
95.000000
 42
-0.108972
  0
VERTEX
  8
0
 10
289.586039
 20
95.078288
 42
-0.182303
  0
VERTEX
  8
0
 10
289.374600
 20
95.293750
 42
-0.161196
  0
VERTEX
  8
0
 10
289.343488
 20
95.617900
 42
-0.082592
  0
VERTEX
  8
0
 10
289.500000
 20
96.000000
 42
-0.029505
  0
VERTEX
  8
0
 10
289.768994
 20
96.382774
 42
-0.035638
  0
VERTEX
  8
0
 10
290.066025
 20
96.706250
 42
-0.038439
  0
VERTEX
  8
0
 10
290.348290
 20
96.934461
 42
-0.151918
  0
VERTEX
  8
0
 10
290.559017
 20
97.000000
 42
-0.210953
  0
VERTEX
  8
0
 10
290.727648
 20
96.925540
 42
-0.081139
  0
VERTEX
  8
0
 10
290.870461
 20
96.706250
 42
-0.061769
  0
VERTEX
  8
0
 10
290.967655
 20
96.382849
 42
-0.042167
  0
SEQEND
  0
POLYLINE
  8
0
 66
1
 70
1
  0
VERTEX
  8
0
 10
313.000000
 20
95.496244
 42
-0.533602
  0
VERTEX
  8
0
 10
313.201339
 20
95.631187
 42
-0.028508
  0
VERTEX
  8
0
 10
314.029854
 20
95.234162
 42
-0.024354
  0
VERTEX
  8
0
 10
315.160238
 20
94.537114
 42
-0.012584
  0
VERTEX
  8
0
 10
316.505885
 20
93.563309
 42
0.022882
  0
VERTEX
  8
0
 10
317.920355
 20
92.583428
 42
0.032156
  0
VERTEX
  8
0
 10
319.270573
 20
91.853147
 42
0.033372
  0
VERTEX
  8
0
 10
320.403203
 20
91.420615
 42
0.216189
  0
VERTEX
  8
0
 10
320.994431
 20
91.496558
 42
-0.111463
  0
VERTEX
  8
0
 10
321.325920
 20
91.610682
 42
-0.319263
  0
VERTEX
  8
0
 10
321.527268
 20
91.498449
 42
-0.163671
  0
VERTEX
  8
0
 10
321.567595
 20
91.163308
 42
-0.040446
  0
VERTEX
  8
0
 10
321.409436
 20
90.624590
 42
-0.114035
  0
VERTEX
  8
0
 10
321.047214
 20
90.087672
 42
-0.082906
  0
VERTEX
  8
0
 10
320.444268
 20
89.688512
 42
-0.076829
  0
VERTEX
  8
0
 10
319.697557
 20
89.485077
 42
-0.075866
  0
VERTEX
  8
0
 10
318.920891
 20
89.515235
 42
0.061032
  0
VERTEX
  8
0
 10
318.078288
 20
89.572908
 42
0.137286
  0
VERTEX
  8
0
 10
317.476676
 20
89.369232
 42
0.155861
  0
VERTEX
  8
0
 10
317.115206
 20
88.905648
 42
0.086207
  0
VERTEX
  8
0
 10
316.984687
 20
88.192582
 42
-0.013052
  0
VERTEX
  8
0
 10
316.952432
 20
87.275280
 42
-0.322048
  0
VERTEX
  8
0
 10
316.800698
 20
87.089313
 42
-0.314580
  0
VERTEX
  8
0
 10
316.572273
 20
87.171726
 42
-0.012717
  0
VERTEX
  8
0
 10
316.056736
 20
87.942440
 42
-0.079854
  0
VERTEX
  8
0
 10
315.752424
 20
88.652777
 42
-0.124811
  0
VERTEX
  8
0
 10
315.754382
 20
89.314469
 42
-0.113595
  0
VERTEX
  8
0
 10
316.077497
 20
89.938894
 42
-0.058990
  0
VERTEX
  8
0
 10
316.723539
 20
90.539797
 42
0.036939
  0
VERTEX
  8
0
 10
317.399115
 20
91.114878
 42
0.142544
  0
VERTEX
  8
0
 10
317.664589
 20
91.591096
 42
0.217722
  0
VERTEX
  8
0
 10
317.577707
 20
92.012390
 42
0.096572
  0
VERTEX
  8
0
 10
317.151490
 20
92.406374
 42
0.073969
  0
VERTEX
  8
0
 10
316.711026
 20
92.595673
 42
0.150496
  0
VERTEX
  8
0
 10
316.338250
 20
92.580561
 42
0.187926
  0
VERTEX
  8
0
 10
316.091815
 20
92.368406
 42
0.122734
  0
VERTEX
  8
0
 10
316.000000
 20
92.000000
 42
-0.089648
  0
VERTEX
  8
0
 10
315.930606
 20
91.616071
 42
-0.168427
  0
VERTEX
  8
0
 10
315.731958
 20
91.376048
 42
-0.176894
  0
VERTEX
  8
0
 10
315.435408
 20
91.317306
 42
-0.100073
  0
VERTEX
  8
0
 10
315.087515
 20
91.445913
 42
0.275524
  0
VERTEX
  8
0
 10
314.766579
 20
91.451006
 42
0.175499
  0
VERTEX
  8
0
 10
314.518471
 20
91.157335
 42
0.081534
  0
VERTEX
  8
0
 10
314.397031
 20
90.530388
 42
0.034503
  0
VERTEX
  8
0
 10
314.431706
 20
89.671596
 42
-0.047277
  0
VERTEX
  8
0
 10
314.445696
 20
88.729650
 42
-0.085237
  0
VERTEX
  8
0
 10
314.255433
 20
87.983576
 42
-0.119831
  0
VERTEX
  8
0
 10
313.887987
 20
87.508445
 42
-0.170110
  0
VERTEX
  8
0
 10
313.388180
 20
87.333333
 42
-0.059562
  0
VERTEX
  8
0
 10
312.924266
 20
87.388793
 42
-0.127555
  0
VERTEX
  8
0
 10
312.608657
 20
87.557827
 42
-0.191335
  0
VERTEX
  8
0
 10
312.488724
 20
87.807859
 42
-0.156951
  0
VERTEX
  8
0
 10
312.560301
 20
88.097568
 42
0.315070
  0
VERTEX
  8
0
 10
312.510853
 20
88.966052
 42
0.130480
  0
VERTEX
  8
0
 10
311.520117
 20
89.709845
 42
0.073859
  0
VERTEX
  8
0
 10
309.701480
 20
90.149183
 42
0.045810
  0
VERTEX
  8
0
 10
307.500601
 20
90.144838
 42
0.000000
  0
VERTEX
  8
0
 10
304.500000
 20
89.863368
 42
0.000000
  0
VERTEX
  8
0
 10
306.811220
 20
91.531268
 42
-0.023877
  0
VERTEX
  8
0
 10
308.246666
 20
92.466335
 42
-0.143506
  0
VERTEX
  8
0
 10
309.101814
 20
92.679740
 42
-0.143396
  0
VERTEX
  8
0
 10
309.937224
 20
92.397918
 42
-0.023828
  0
VERTEX
  8
0
 10
311.293987
 20
91.349584
 42
0.001674
  0
VERTEX
  8
0
 10
312.606539
 20
90.239199
 42
0.145365
  0
VERTEX
  8
0
 10
312.841277
 20
90.137147
 42
0.661036
  0
VERTEX
  8
0
 10
312.892054
 20
90.225015
 42
0.003687
  0
VERTEX
  8
0
 10
312.110322
 20
91.250000
 42
-0.068790
  0
VERTEX
  8
0
 10
311.479802
 20
92.347212
 42
-0.326025
  0
VERTEX
  8
0
 10
311.646116
 20
93.009304
 42
-0.188802
  0
VERTEX
  8
0
 10
312.512335
 20
93.297480
 42
-0.029997
  0
VERTEX
  8
0
 10
314.324330
 20
93.093644
 42
0.148643
  0
VERTEX
  8
0
 10
314.583102
 20
93.125668
 42
0.239858
  0
VERTEX
  8
0
 10
314.719976
 20
93.294334
 42
0.140422
  0
VERTEX
  8
0
 10
314.699575
 20
93.593366
 42
0.051655
  0
VERTEX
  8
0
 10
314.513641
 20
93.977928
 42
0.132219
  0
VERTEX
  8
0
 10
314.133630
 20
94.335017
 42
0.106073
  0
VERTEX
  8
0
 10
313.592277
 20
94.490710
 42
0.084210
  0
VERTEX
  8
0
 10
312.925921
 20
94.424299
 42
0.051818
  0
VERTEX
  8
0
 10
312.189312
 20
94.137832
 42
-0.070839
  0
VERTEX
  8
0
 10
310.479779
 20
93.546534
 42
-0.160101
  0
VERTEX
  8
0
 10
309.136761
 20
93.716581
 42
-0.302308
  0
VERTEX
  8
0
 10
308.663205
 20
94.506240
 42
-0.162861
  0
VERTEX
  8
0
 10
309.090941
 20
95.609577
 42
-0.051347
  0
VERTEX
  8
0
 10
309.729911
 20
96.235983
 42
-0.141694
  0
VERTEX
  8
0
 10
310.307008
 20
96.474114
 42
-0.145987
  0
VERTEX
  8
0
 10
310.910932
 20
96.364165
 42
-0.055736
  0
VERTEX
  8
0
 10
311.632679
 20
95.889886
 42
0.030614
  0
VERTEX
  8
0
 10
312.158104
 20
95.505571
 42
0.072625
  0
VERTEX
  8
0
 10
312.598349
 20
95.306159
 42
0.163578
  0
VERTEX
  8
0
 10
312.878043
 20
95.318465
 42
0.310033
  0
SEQEND
  0
POLYLINE
  8
0
 66
1
 70
1
  0
VERTEX
  8
0
 10
263.631508
 20
92.412091
 42
-0.038833
  0
VERTEX
  8
0
 10
264.186592
 20
92.576999
 42
-0.181430
  0
VERTEX
  8
0
 10
264.510873
 20
92.528718
 42
-0.324707
  0
VERTEX
  8
0
 10
264.610933
 20
92.314011
 42
-0.090684
  0
VERTEX
  8
0
 10
264.467781
 20
91.947868
 42
-0.142196
  0
VERTEX
  8
0
 10
264.082039
 20
91.599366
 42
-0.072519
  0
VERTEX
  8
0
 10
263.454313
 20
91.400058
 42
-0.062765
  0
VERTEX
  8
0
 10
262.692797
 20
91.371648
 42
-0.054869
  0
VERTEX
  8
0
 10
261.910917
 20
91.528274
 42
0.062184
  0
VERTEX
  8
0
 10
261.051166
 20
91.687498
 42
0.105535
  0
VERTEX
  8
0
 10
260.330764
 20
91.577605
 42
0.118606
  0
VERTEX
  8
0
 10
259.774314
 20
91.198729
 42
0.092891
  0
VERTEX
  8
0
 10
259.390289
 20
90.574695
 42
-0.065473
  0
VERTEX
  8
0
 10
259.089780
 20
90.020893
 42
-0.096232
  0
VERTEX
  8
0
 10
258.686091
 20
89.644067
 42
-0.122601
  0
VERTEX
  8
0
 10
258.246231
 20
89.500673
 42
-0.157464
  0
VERTEX
  8
0
 10
257.835374
 20
89.601744
 42
-0.228774
  0
VERTEX
  8
0
 10
257.621085
 20
89.937975
 42
-0.132873
  0
VERTEX
  8
0
 10
257.692507
 20
90.421696
 42
-0.083071
  0
VERTEX
  8
0
 10
258.065684
 20
90.995594
 42
-0.044971
  0
VERTEX
  8
0
 10
258.690159
 20
91.564197
 42
0.020750
  0
VERTEX
  8
0
 10
259.332137
 20
92.094275
 42
0.052701
  0
VERTEX
  8
0
 10
259.736465
 20
92.542653
 42
0.144786
  0
VERTEX
  8
0
 10
259.837843
 20
92.828420
 42
0.418046
  0
VERTEX
  8
0
 10
259.710573
 20
92.968197
 42
-0.313152
  0
VERTEX
  8
0
 10
259.528937
 20
93.105483
 42
-0.164618
  0
VERTEX
  8
0
 10
259.531810
 20
93.401864
 42
-0.072073
  0
VERTEX
  8
0
 10
259.770083
 20
93.859657
 42
-0.030150
  0
VERTEX
  8
0
 10
260.210573
 20
94.399851
 42
-0.025833
  0
VERTEX
  8
0
 10
260.934660
 20
95.108723
 42
-0.272775
  0
VERTEX
  8
0
 10
261.324953
 20
95.184000
 42
-0.248615
  0
VERTEX
  8
0
 10
261.605203
 20
94.877929
 42
-0.022203
  0
VERTEX
  8
0
 10
261.829570
 20
93.823396
 42
0.059128
  0
VERTEX
  8
0
 10
262.064399
 20
93.016961
 42
0.126899
  0
VERTEX
  8
0
 10
262.455653
 20
92.506464
 42
0.155223
  0
VERTEX
  8
0
 10
262.986756
 20
92.308715
 42
0.104087
  0
SEQEND
  0
POLYLINE
  8
0
 66
1
 70
1
  0
VERTEX
  8
0
 10
279.393011
 20
94.418213
 42
-0.008146
  0
VERTEX
  8
0
 10
279.908637
 20
93.006155
 42
-0.186754
  0
VERTEX
  8
0
 10
279.893662
 20
92.583703
 42
-0.280390
  0
VERTEX
  8
0
 10
279.598467
 20
92.373241
 42
-0.018159
  0
VERTEX
  8
0
 10
278.500000
 20
92.333333
 42
-0.121457
  0
VERTEX
  8
0
 10
277.927903
 20
92.474384
 42
-0.100741
  0
VERTEX
  8
0
 10
277.440625
 20
92.871875
 42
-0.091482
  0
VERTEX
  8
0
 10
277.113303
 20
93.466399
 42
-0.080377
  0
VERTEX
  8
0
 10
277.000000
 20
94.166667
 42
-0.089704
  0
VERTEX
  8
0
 10
277.230152
 20
95.439178
 42
-0.284364
  0
VERTEX
  8
0
 10
277.885417
 20
95.946509
 42
-0.253462
  0
VERTEX
  8
0
 10
278.704586
 20
95.608122
 42
-0.079211
  0
SEQEND
  0
POLYLINE
  8
0
 66
1
 70
1
  0
VERTEX
  8
0
 10
296.806872
 20
93.473539
 42
-0.278911
  0
VERTEX
  8
0
 10
296.538684
 20
93.407510
 42
-0.120343
  0
VERTEX
  8
0
 10
296.210949
 20
93.604915
 42
-0.070189
  0
VERTEX
  8
0
 10
295.866277
 20
94.059266
 42
-0.036269
  0
VERTEX
  8
0
 10
295.564293
 20
94.706872
 42
-0.008399
  0
VERTEX
  8
0
 10
295.218210
 20
95.663782
 42
-0.286372
  0
VERTEX
  8
0
 10
295.270328
 20
95.888819
 42
-0.400052
  0
VERTEX
  8
0
 10
295.463552
 20
95.893514
 42
-0.011214
  0
VERTEX
  8
0
 10
296.124088
 20
95.266667
 42
-0.043285
  0
VERTEX
  8
0
 10
296.558688
 20
94.753423
 42
-0.063152
  0
VERTEX
  8
0
 10
296.837219
 20
94.231185
 42
-0.082976
  0
VERTEX
  8
0
 10
296.927901
 20
93.779789
 42
-0.207420
  0
SEQEND
  0
POLYLINE
  8
0
 66
1
 70
1
  0
VERTEX
  8
0
 10
342.000000
 20
95.000000
 42
0.010487
  0
VERTEX
  8
0
 10
341.197428
 20
94.457144
 42
0.221176
  0
VERTEX
  8
0
 10
341.057755
 20
94.213071
 42
0.410559
  0
VERTEX
  8
0
 10
341.189894
 20
94.054499
 42
0.021532
  0
VERTEX
  8
0
 10
341.916667
 20
94.015313
 42
-0.041423
  0
VERTEX
  8
0
 10
342.420173
 20
93.968043
 42
-0.117912
  0
VERTEX
  8
0
 10
342.740898
 20
93.828208
 42
-0.249328
  0
VERTEX
  8
0
 10
342.834514
 20
93.627388
 42
-0.185309
  0
VERTEX
  8
0
 10
342.733198
 20
93.399864
 42
-0.227088
  0
VERTEX
  8
0
 10
341.966060
 20
93.129537
 42
-0.136681
  0
VERTEX
  8
0
 10
341.051758
 20
93.494172
 42
-0.139161
  0
VERTEX
  8
0
 10
340.468051
 20
94.273115
 42
-0.234175
  0
VERTEX
  8
0
 10
340.542705
 20
95.069098
 42
-0.080705
  0
VERTEX
  8
0
 10
340.850784
 20
95.424182
 42
-0.054271
  0
VERTEX
  8
0
 10
341.298882
 20
95.722049
 42
-0.053361
  0
VERTEX
  8
0
 10
341.810779
 20
95.921542
 42
-0.069572
  0
VERTEX
  8
0
 10
342.309017
 20
95.984687
 42
-0.102799
  0
VERTEX
  8
0
 10
342.672401
 20
95.904291
 42
-0.379910
  0
VERTEX
  8
0
 10
342.760849
 20
95.707316
 42
-0.147021
  0
VERTEX
  8
0
 10
342.554112
 20
95.402546
 42
-0.027275
  0
SEQEND
  0
POLYLINE
  8
0
 66
1
 70
1
  0
VERTEX
  8
0
 10
199.000000
 20
90.599688
 42
0.001958
  0
VERTEX
  8
0
 10
201.653525
 20
90.396760
 42
0.002090
  0
VERTEX
  8
0
 10
204.251562
 20
90.219223
 42
0.001984
  0
VERTEX
  8
0
 10
206.486947
 20
90.084756
 42
0.009752
  0
VERTEX
  8
0
 10
207.750000
 20
90.038494
 42
-0.169556
  0
VERTEX
  8
0
 10
209.158399
 20
89.519556
 42
-0.154486
  0
VERTEX
  8
0
 10
210.003270
 20
88.216710
 42
-0.154570
  0
VERTEX
  8
0
 10
209.944369
 20
86.665565
 42
-0.169741
  0
VERTEX
  8
0
 10
209.000000
 20
85.500000
 42
0.104677
  0
VERTEX
  8
0
 10
208.616699
 20
85.134105
 42
0.051505
  0
VERTEX
  8
0
 10
208.293750
 20
84.538874
 42
0.047913
  0
VERTEX
  8
0
 10
208.074136
 20
83.824980
 42
0.050715
  0
VERTEX
  8
0
 10
208.000000
 20
83.095960
 42
-0.143214
  0
VERTEX
  8
0
 10
207.692286
 20
82.043676
 42
-0.011927
  0
VERTEX
  8
0
 10
206.086894
 20
79.660642
 42
-0.015143
  0
VERTEX
  8
0
 10
203.981854
 20
76.874150
 42
-0.011101
  0
VERTEX
  8
0
 10
201.487298
 20
73.909269
 42
0.012028
  0
VERTEX
  8
0
 10
199.028979
 20
70.976432
 42
0.017982
  0
VERTEX
  8
0
 10
197.038509
 20
68.289540
 42
0.013181
  0
VERTEX
  8
0
 10
195.565500
 20
66.017896
 42
0.232910
  0
VERTEX
  8
0
 10
195.487979
 20
65.170731
 42
-0.070200
  0
VERTEX
  8
0
 10
195.601246
 20
64.678645
 42
-0.183945
  0
VERTEX
  8
0
 10
195.503462
 20
64.335693
 42
-0.218765
  0
VERTEX
  8
0
 10
195.220477
 20
64.181657
 42
-0.097679
  0
VERTEX
  8
0
 10
194.790187
 20
64.236604
 42
0.232238
  0
VERTEX
  8
0
 10
193.180625
 20
64.018581
 42
0.041489
  0
VERTEX
  8
0
 10
190.740890
 20
62.069950
 42
0.041257
  0
VERTEX
  8
0
 10
188.670817
 20
59.763537
 42
0.259444
  0
VERTEX
  8
0
 10
188.456086
 20
58.253843
 42
-0.043577
  0
VERTEX
  8
0
 10
188.595326
 20
57.768358
 42
-0.169646
  0
VERTEX
  8
0
 10
188.551172
 20
57.463599
 42
-0.311620
  0
VERTEX
  8
0
 10
188.358904
 20
57.361870
 42
-0.109450
  0
VERTEX
  8
0
 10
188.048159
 20
57.470236
 42
0.206226
  0
VERTEX
  8
0
 10
187.553521
 20
57.543387
 42
0.057663
  0
VERTEX
  8
0
 10
186.809587
 20
57.250448
 42
0.047948
  0
VERTEX
  8
0
 10
185.963531
 20
56.688677
 42
0.034715
  0
VERTEX
  8
0
 10
185.136203
 20
55.915822
 42
-0.041236
  0
VERTEX
  8
0
 10
184.296132
 20
55.151306
 42
-0.054314
  0
VERTEX
  8
0
 10
183.412166
 20
54.612501
 42
-0.065856
  0
VERTEX
  8
0
 10
182.616682
 20
54.360003
 42
-0.184400
  0
VERTEX
  8
0
 10
182.051813
 20
54.467978
 42
0.079897
  0
VERTEX
  8
0
 10
181.647832
 20
54.635985
 42
0.218667
  0
VERTEX
  8
0
 10
181.351746
 20
54.577231
 42
0.214874
  0
VERTEX
  8
0
 10
181.199964
 20
54.312775
 42
0.077496
  0
VERTEX
  8
0
 10
181.225223
 20
53.869784
 42
-0.089796
  0
VERTEX
  8
0
 10
181.241221
 20
53.378173
 42
-0.111993
  0
VERTEX
  8
0
 10
181.076576
 20
52.953226
 42
-0.120446
  0
VERTEX
  8
0
 10
180.756641
 20
52.662055
 42
-0.115430
  0
VERTEX
  8
0
 10
180.333333
 20
52.545455
 42
0.062405
  0
VERTEX
  8
0
 10
179.825708
 20
52.461663
 42
0.039411
  0
VERTEX
  8
0
 10
179.264583
 20
52.245944
 42
0.039130
  0
VERTEX
  8
0
 10
178.737878
 20
51.941552
 42
0.056882
  0
VERTEX
  8
0
 10
178.333333
 20
51.589675
 42
0.025923
  0
VERTEX
  8
0
 10
178.057838
 20
51.255494
 42
0.476478
  0
VERTEX
  8
0
 10
178.087764
 20
51.139122
 42
0.226751
  0
VERTEX
  8
0
 10
178.271424
 20
51.142093
 42
0.015014
  0
VERTEX
  8
0
 10
178.750000
 20
51.398692
 42
-0.204917
  0
VERTEX
  8
0
 10
179.612075
 20
51.500850
 42
-0.469965
  0
VERTEX
  8
0
 10
179.836077
 20
50.979556
 42
-0.063010
  0
VERTEX
  8
0
 10
178.670594
 20
49.271111
 42
-0.019125
  0
VERTEX
  8
0
 10
176.500000
 20
47.000000
 42
-0.014720
  0
VERTEX
  8
0
 10
174.977675
 20
45.609031
 42
-0.053653
  0
VERTEX
  8
0
 10
173.901665
 20
44.867035
 42
-0.167315
  0
VERTEX
  8
0
 10
173.286859
 20
44.764701
 42
-0.366211
  0
VERTEX
  8
0
 10
173.000000
 20
45.103833
 42
-0.065694
  0
VERTEX
  8
0
 10
173.087144
 20
45.764223
 42
-0.039108
  0
VERTEX
  8
0
 10
173.352500
 20
46.513001
 42
-0.038489
  0
VERTEX
  8
0
 10
173.740614
 20
47.230772
 42
-0.053242
  0
VERTEX
  8
0
 10
174.200000
 20
47.800000
 42
0.020516
  0
VERTEX
  8
0
 10
174.750697
 20
48.397844
 42
0.170935
  0
VERTEX
  8
0
 10
174.880033
 20
48.736572
 42
0.349598
  0
VERTEX
  8
0
 10
174.728712
 20
48.937084
 42
0.063003
  0
VERTEX
  8
0
 10
174.231385
 20
49.000000
 42
-0.149143
  0
VERTEX
  8
0
 10
173.833866
 20
49.121272
 42
-0.152558
  0
VERTEX
  8
0
 10
173.576004
 20
49.442893
 42
-0.116715
  0
VERTEX
  8
0
 10
173.506885
 20
49.931073
 42
-0.068778
  0
VERTEX
  8
0
 10
173.641336
 20
50.507720
 42
0.112052
  0
VERTEX
  8
0
 10
173.749895
 20
51.260444
 42
0.044076
  0
VERTEX
  8
0
 10
173.573637
 20
52.299492
 42
0.040792
  0
VERTEX
  8
0
 10
173.176057
 20
53.431829
 42
0.040230
  0
VERTEX
  8
0
 10
172.598415
 20
54.490144
 42
-0.058521
  0
VERTEX
  8
0
 10
171.916384
 20
55.855966
 42
-0.017465
  0
VERTEX
  8
0
 10
171.201713
 20
58.077098
 42
-0.017256
  0
VERTEX
  8
0
 10
170.567640
 20
60.647381
 42
-0.017862
  0
VERTEX
  8
0
 10
170.120669
 20
63.225934
 42
-0.017781
  0
VERTEX
  8
0
 10
169.721267
 20
67.192367
 42
-0.070264
  0
VERTEX
  8
0
 10
169.905812
 20
69.632062
 42
-0.057396
  0
VERTEX
  8
0
 10
170.772464
 20
72.158442
 42
-0.009309
  0
VERTEX
  8
0
 10
173.098140
 20
76.808669
 42
-0.020205
  0
VERTEX
  8
0
 10
177.741938
 20
84.867453
 42
-0.065114
  0
VERTEX
  8
0
 10
181.686755
 20
89.615922
 42
-0.109041
  0
VERTEX
  8
0
 10
185.454166
 20
91.824903
 42
-0.143640
  0
VERTEX
  8
0
 10
189.415425
 20
91.934910
 42
0.022810
  0
VERTEX
  8
0
 10
191.032171
 20
91.587012
 42
0.006981
  0
VERTEX
  8
0
 10
193.503281
 20
91.207523
 42
0.006971
  0
VERTEX
  8
0
 10
196.285207
 20
90.859437
 42
0.007573
  0
SEQEND
  0
POLYLINE
  8
0
 66
1
 70
1
  0
VERTEX
  8
0
 10
250.000000
 20
92.622445
 42
-0.184603
  0
VERTEX
  8
0
 10
249.918850
 20
92.410139
 42
-0.013803
  0
VERTEX
  8
0
 10
249.485938
 20
91.952641
 42
-0.017649
  0
VERTEX
  8
0
 10
248.920402
 20
91.425681
 42
-0.012436
  0
VERTEX
  8
0
 10
248.250000
 20
90.872445
 42
-0.001576
  0
VERTEX
  8
0
 10
247.120493
 20
89.992360
 42
-0.377591
  0
VERTEX
  8
0
 10
247.000000
 20
90.000000
 42
-0.377591
  0
VERTEX
  8
0
 10
246.992360
 20
90.120493
 42
-0.001576
  0
VERTEX
  8
0
 10
247.872445
 20
91.250000
 42
-0.017685
  0
VERTEX
  8
0
 10
248.763320
 20
92.306759
 42
-0.065617
  0
VERTEX
  8
0
 10
249.426111
 20
92.869516
 42
-0.241985
  0
VERTEX
  8
0
 10
249.806605
 20
92.906950
 42
-0.307699
  0
SEQEND
  0
POLYLINE
  8
0
 66
1
 70
1
  0
VERTEX
  8
0
 10
272.000000
 20
92.559017
 42
-0.151918
  0
VERTEX
  8
0
 10
271.934461
 20
92.348290
 42
-0.038439
  0
VERTEX
  8
0
 10
271.706250
 20
92.066025
 42
-0.035638
  0
VERTEX
  8
0
 10
271.382774
 20
91.768994
 42
-0.029505
  0
VERTEX
  8
0
 10
271.000000
 20
91.500000
 42
-0.082592
  0
VERTEX
  8
0
 10
270.617900
 20
91.343488
 42
-0.161196
  0
VERTEX
  8
0
 10
270.293750
 20
91.374600
 42
-0.182303
  0
VERTEX
  8
0
 10
270.078288
 20
91.586039
 42
-0.108972
  0
VERTEX
  8
0
 10
270.000000
 20
91.940983
 42
-0.093332
  0
VERTEX
  8
0
 10
270.076123
 20
92.345238
 42
-0.096420
  0
VERTEX
  8
0
 10
270.293750
 20
92.688914
 42
-0.099167
  0
VERTEX
  8
0
 10
270.618444
 20
92.918938
 42
-0.105053
  0
VERTEX
  8
0
 10
271.000000
 20
93.000000
 42
-0.042167
  0
VERTEX
  8
0
 10
271.382849
 20
92.967655
 42
-0.061769
  0
VERTEX
  8
0
 10
271.706250
 20
92.870461
 42
-0.081139
  0
VERTEX
  8
0
 10
271.925540
 20
92.727648
 42
-0.210953
  0
SEQEND
  0
POLYLINE
  8
0
 66
1
 70
1
  0
VERTEX
  8
0
 10
299.856763
 20
90.890313
 42
-0.076662
  0
VERTEX
  8
0
 10
298.352886
 20
90.233536
 42
-0.072052
  0
VERTEX
  8
0
 10
296.687970
 20
90.041430
 42
-0.137329
  0
VERTEX
  8
0
 10
295.657090
 20
90.362499
 42
-0.407987
  0
VERTEX
  8
0
 10
295.510081
 20
91.016312
 42
-0.083440
  0
VERTEX
  8
0
 10
295.815187
 20
91.364134
 42
-0.092847
  0
VERTEX
  8
0
 10
296.206842
 20
91.577624
 42
-0.100558
  0
VERTEX
  8
0
 10
296.623007
 20
91.625047
 42
-0.117181
  0
VERTEX
  8
0
 10
297.000000
 20
91.500000
 42
0.119070
  0
VERTEX
  8
0
 10
297.377779
 20
91.376253
 42
0.100657
  0
VERTEX
  8
0
 10
297.796119
 20
91.427168
 42
0.092249
  0
VERTEX
  8
0
 10
298.191085
 20
91.645885
 42
0.082063
  0
VERTEX
  8
0
 10
298.500000
 20
92.000000
 42
-0.099537
  0
VERTEX
  8
0
 10
298.822792
 20
92.345110
 42
-0.098061
  0
VERTEX
  8
0
 10
299.255540
 20
92.540905
 42
-0.097826
  0
VERTEX
  8
0
 10
299.731131
 20
92.557251
 42
-0.098542
  0
VERTEX
  8
0
 10
300.175861
 20
92.391312
 42
-0.104504
  0
VERTEX
  8
0
 10
300.522517
 20
92.060625
 42
-0.205363
  0
VERTEX
  8
0
 10
300.595243
 20
91.693612
 42
-0.149363
  0
VERTEX
  8
0
 10
300.376774
 20
91.299355
 42
-0.050912
  0
SEQEND
  0
POLYLINE
  8
0
 66
1
 70
1
  0
VERTEX
  8
0
 10
329.789979
 20
90.417134
 42
-0.007131
  0
VERTEX
  8
0
 10
329.955269
 20
89.207979
 42
-0.401634
  0
VERTEX
  8
0
 10
329.830901
 20
89.041717
 42
-0.266433
  0
VERTEX
  8
0
 10
329.592285
 20
89.130454
 42
-0.004700
  0
VERTEX
  8
0
 10
328.691102
 20
90.234456
 42
0.047387
  0
VERTEX
  8
0
 10
328.099817
 20
90.844363
 42
0.070020
  0
VERTEX
  8
0
 10
327.471860
 20
91.243670
 42
0.093513
  0
VERTEX
  8
0
 10
326.906664
 20
91.382038
 42
0.199912
  0
VERTEX
  8
0
 10
326.490798
 20
91.234456
 42
-0.053789
  0
VERTEX
  8
0
 10
326.235363
 20
91.048934
 42
-0.542155
  0
VERTEX
  8
0
 10
326.138602
 20
91.098440
 42
-0.141193
  0
VERTEX
  8
0
 10
326.180237
 20
91.332214
 42
-0.016677
  0
VERTEX
  8
0
 10
326.431315
 20
91.802786
 42
-0.149643
  0
VERTEX
  8
0
 10
327.311208
 20
92.622869
 42
-0.214302
  0
VERTEX
  8
0
 10
328.362026
 20
92.655381
 42
-0.165371
  0
VERTEX
  8
0
 10
329.290486
 20
91.842596
 42
-0.093733
  0
SEQEND
  0
POLYLINE
  8
0
 66
1
 70
1
  0
VERTEX
  8
0
 10
268.729167
 20
91.395833
 42
-0.126455
  0
VERTEX
  8
0
 10
268.402231
 20
91.202593
 42
-0.060344
  0
VERTEX
  8
0
 10
267.916927
 20
91.123424
 42
-0.054150
  0
VERTEX
  8
0
 10
267.359369
 20
91.160852
 42
-0.051402
  0
VERTEX
  8
0
 10
266.812500
 20
91.316886
 42
-0.054073
  0
VERTEX
  8
0
 10
266.395823
 20
91.538436
 42
-0.470617
  0
VERTEX
  8
0
 10
266.378580
 20
91.720685
 42
-0.168741
  0
VERTEX
  8
0
 10
266.670344
 20
91.862007
 42
-0.018894
  0
VERTEX
  8
0
 10
267.416667
 20
91.921053
 42
-0.028489
  0
VERTEX
  8
0
 10
268.112848
 20
91.910055
 42
-0.077125
  0
VERTEX
  8
0
 10
268.592839
 20
91.799335
 42
-0.208169
  0
VERTEX
  8
0
 10
268.775380
 20
91.614691
 42
-0.296942
  0
SEQEND
  0
POLYLINE
  8
0
 66
1
 70
1
  0
VERTEX
  8
0
 10
289.000000
 20
89.603488
 42
-0.413175
  0
VERTEX
  8
0
 10
288.892174
 20
89.495279
 42
-0.015893
  0
VERTEX
  8
0
 10
288.269049
 20
89.512879
 42
-0.020333
  0
VERTEX
  8
0
 10
287.465895
 20
89.594016
 42
-0.011886
  0
VERTEX
  8
0
 10
286.511655
 20
89.753021
 42
-0.037109
  0
VERTEX
  8
0
 10
285.597093
 20
89.999320
 42
-0.069041
  0
VERTEX
  8
0
 10
284.915539
 20
90.349923
 42
-0.113162
  0
VERTEX
  8
0
 10
284.563607
 20
90.741243
 42
-0.271560
  0
VERTEX
  8
0
 10
284.572343
 20
91.117054
 42
-0.307011
  0
VERTEX
  8
0
 10
285.272746
 20
91.431069
 42
-0.038796
  0
VERTEX
  8
0
 10
286.963840
 20
90.995951
 42
-0.038737
  0
VERTEX
  8
0
 10
288.579494
 20
90.299827
 42
-0.278518
  0
SEQEND
  0
POLYLINE
  8
0
 66
1
 70
1
  0
VERTEX
  8
0
 10
304.000000
 20
91.559017
 42
-0.151918
  0
VERTEX
  8
0
 10
303.934461
 20
91.348290
 42
-0.038439
  0
VERTEX
  8
0
 10
303.706250
 20
91.066025
 42
-0.035638
  0
VERTEX
  8
0
 10
303.382774
 20
90.768994
 42
-0.029505
  0
VERTEX
  8
0
 10
303.000000
 20
90.500000
 42
-0.082592
  0
VERTEX
  8
0
 10
302.617900
 20
90.343488
 42
-0.161196
  0
VERTEX
  8
0
 10
302.293750
 20
90.374600
 42
-0.182303
  0
VERTEX
  8
0
 10
302.078288
 20
90.586039
 42
-0.108972
  0
VERTEX
  8
0
 10
302.000000
 20
90.940983
 42
-0.093332
  0
VERTEX
  8
0
 10
302.076123
 20
91.345238
 42
-0.096420
  0
VERTEX
  8
0
 10
302.293750
 20
91.688914
 42
-0.099167
  0
VERTEX
  8
0
 10
302.618444
 20
91.918938
 42
-0.105053
  0
VERTEX
  8
0
 10
303.000000
 20
92.000000
 42
-0.042167
  0
VERTEX
  8
0
 10
303.382849
 20
91.967655
 42
-0.061769
  0
VERTEX
  8
0
 10
303.706250
 20
91.870461
 42
-0.081139
  0
VERTEX
  8
0
 10
303.925540
 20
91.727648
 42
-0.210953
  0
SEQEND
  0
POLYLINE
  8
0
 66
1
 70
1
  0
VERTEX
  8
0
 10
339.000000
 20
91.606989
 42
-0.225200
  0
VERTEX
  8
0
 10
338.911231
 20
91.419896
 42
-0.029412
  0
VERTEX
  8
0
 10
338.544118
 20
91.154486
 42
-0.029555
  0
VERTEX
  8
0
 10
338.042538
 20
90.875192
 42
-0.020646
  0
VERTEX
  8
0
 10
337.448062
 20
90.618443
 42
-0.036408
  0
VERTEX
  8
0
 10
336.868281
 20
90.443138
 42
-0.155351
  0
VERTEX
  8
0
 10
336.512472
 20
90.474315
 42
-0.329480
  0
VERTEX
  8
0
 10
336.393111
 20
90.674071
 42
-0.114400
  0
VERTEX
  8
0
 10
336.507079
 20
91.011454
 42
-0.115814
  0
VERTEX
  8
0
 10
337.098109
 20
91.603931
 42
-0.080554
  0
VERTEX
  8
0
 10
337.973761
 20
91.969265
 42
-0.115534
  0
VERTEX
  8
0
 10
338.708846
 20
91.972535
 42
-0.349578
  0
SEQEND
  0
POLYLINE
  8
0
 66
1
 70
1
  0
VERTEX
  8
0
 10
344.654923
 20
89.456872
 42
-0.039294
  0
VERTEX
  8
0
 10
345.077527
 20
88.029559
 42
-0.394747
  0
VERTEX
  8
0
 10
344.784216
 20
87.543144
 42
-0.297319
  0
VERTEX
  8
0
 10
344.142842
 20
87.742784
 42
-0.033211
  0
VERTEX
  8
0
 10
343.203671
 20
89.045478
 42
-0.027617
  0
VERTEX
  8
0
 10
342.744864
 20
89.879309
 42
-0.089132
  0
VERTEX
  8
0
 10
342.576771
 20
90.486641
 42
-0.202213
  0
VERTEX
  8
0
 10
342.690854
 20
90.846721
 42
-0.219666
  0
VERTEX
  8
0
 10
343.022911
 20
91.000000
 42
-0.126136
  0
VERTEX
  8
0
 10
343.464453
 20
90.886811
 42
-0.063967
  0
VERTEX
  8
0
 10
343.931256
 20
90.546706
 42
-0.057328
  0
VERTEX
  8
0
 10
344.351147
 20
90.047033
 42
-0.054533
  0
SEQEND
  0
POLYLINE
  8
0
 66
1
 70
1
  0
VERTEX
  8
0
 10
251.916667
 20
86.282968
 42
-0.577336
  0
VERTEX
  8
0
 10
251.908829
 20
86.175724
 42
-0.068561
  0
VERTEX
  8
0
 10
251.623438
 20
86.083122
 42
-0.030968
  0
VERTEX
  8
0
 10
251.073376
 20
86.019622
 42
-0.013255
  0
VERTEX
  8
0
 10
250.333333
 20
86.000000
 42
-0.072409
  0
VERTEX
  8
0
 10
249.568327
 20
86.111371
 42
-0.087540
  0
VERTEX
  8
0
 10
248.920232
 20
86.435515
 42
-0.100711
  0
VERTEX
  8
0
 10
248.487345
 20
86.917630
 42
-0.133511
  0
VERTEX
  8
0
 10
248.333333
 20
87.484124
 42
-0.048639
  0
VERTEX
  8
0
 10
248.402572
 20
88.194200
 42
-0.309211
  0
VERTEX
  8
0
 10
248.647711
 20
88.435074
 42
-0.187875
  0
VERTEX
  8
0
 10
249.077699
 20
88.350338
 42
-0.020755
  0
VERTEX
  8
0
 10
249.916667
 20
87.767091
 42
0.001212
  0
VERTEX
  8
0
 10
250.553425
 20
87.286457
 42
0.001438
  0
VERTEX
  8
0
 10
251.157292
 20
86.835653
 42
0.001248
  0
VERTEX
  8
0
 10
251.668881
 20
86.457998
 42
0.009209
  0
SEQEND
  0
POLYLINE
  8
0
 66
1
 70
1
  0
VERTEX
  8
0
 10
256.729167
 20
88.395833
 42
-0.126455
  0
VERTEX
  8
0
 10
256.402231
 20
88.202593
 42
-0.060344
  0
VERTEX
  8
0
 10
255.916927
 20
88.123424
 42
-0.054150
  0
VERTEX
  8
0
 10
255.359369
 20
88.160852
 42
-0.051402
  0
VERTEX
  8
0
 10
254.812500
 20
88.316886
 42
-0.054073
  0
VERTEX
  8
0
 10
254.395823
 20
88.538436
 42
-0.470617
  0
VERTEX
  8
0
 10
254.378580
 20
88.720685
 42
-0.168741
  0
VERTEX
  8
0
 10
254.670344
 20
88.862007
 42
-0.018894
  0
VERTEX
  8
0
 10
255.416667
 20
88.921053
 42
-0.028489
  0
VERTEX
  8
0
 10
256.112848
 20
88.910055
 42
-0.077125
  0
VERTEX
  8
0
 10
256.592839
 20
88.799335
 42
-0.208169
  0
VERTEX
  8
0
 10
256.775380
 20
88.614691
 42
-0.296942
  0
SEQEND
  0
POLYLINE
  8
0
 66
1
 70
1
  0
VERTEX
  8
0
 10
264.000000
 20
87.500000
 42
-0.024748
  0
VERTEX
  8
0
 10
263.971531
 20
86.925176
 42
-0.039339
  0
VERTEX
  8
0
 10
263.884553
 20
86.440625
 42
-0.046727
  0
VERTEX
  8
0
 10
263.758929
 20
86.096084
 42
-0.289661
  0
VERTEX
  8
0
 10
263.606989
 20
86.000000
 42
-0.222225
  0
VERTEX
  8
0
 10
263.420671
 20
86.087111
 42
-0.030693
  0
VERTEX
  8
0
 10
263.160341
 20
86.440625
 42
-0.030395
  0
VERTEX
  8
0
 10
262.887494
 20
86.925442
 42
-0.021360
  0
VERTEX
  8
0
 10
262.638374
 20
87.500000
 42
-0.055937
  0
VERTEX
  8
0
 10
262.488865
 20
88.074366
 42
-0.100118
  0
VERTEX
  8
0
 10
262.516384
 20
88.559375
 42
-0.147206
  0
VERTEX
  8
0
 10
262.710807
 20
88.877514
 42
-0.184534
  0
VERTEX
  8
0
 10
263.031385
 20
89.000000
 42
-0.152681
  0
VERTEX
  8
0
 10
263.400789
 20
88.884506
 42
-0.098158
  0
VERTEX
  8
0
 10
263.715469
 20
88.559375
 42
-0.080880
  0
VERTEX
  8
0
 10
263.927770
 20
88.073532
 42
-0.062722
  0
SEQEND
  0
POLYLINE
  8
0
 66
1
 70
1
  0
VERTEX
  8
0
 10
295.458665
 20
87.933118
 42
0.097575
  0
VERTEX
  8
0
 10
295.311340
 20
87.540575
 42
0.210354
  0
VERTEX
  8
0
 10
295.389651
 20
87.234084
 42
0.185919
  0
VERTEX
  8
0
 10
295.681803
 20
87.059620
 42
0.076930
  0
VERTEX
  8
0
 10
296.149648
 20
87.051601
 42
-0.019971
  0
VERTEX
  8
0
 10
296.774728
 20
87.112098
 42
-0.010938
  0
VERTEX
  8
0
 10
297.543959
 20
87.138778
 42
-0.010887
  0
VERTEX
  8
0
 10
298.327478
 20
87.131744
 42
-0.017048
  0
VERTEX
  8
0
 10
299.000000
 20
87.088074
 42
-0.035042
  0
VERTEX
  8
0
 10
299.699293
 20
86.968761
 42
-0.416641
  0
VERTEX
  8
0
 10
299.827490
 20
86.755965
 42
-0.188548
  0
VERTEX
  8
0
 10
299.612211
 20
86.454445
 42
-0.012779
  0
VERTEX
  8
0
 10
298.697642
 20
85.890600
 42
-0.050047
  0
VERTEX
  8
0
 10
297.783404
 20
85.474728
 42
-0.093077
  0
VERTEX
  8
0
 10
296.979895
 20
85.360448
 42
-0.099284
  0
VERTEX
  8
0
 10
296.224857
 20
85.547029
 42
-0.063220
  0
VERTEX
  8
0
 10
295.458652
 20
86.034316
 42
-0.104585
  0
VERTEX
  8
0
 10
294.769521
 20
86.904761
 42
-0.129450
  0
VERTEX
  8
0
 10
294.560992
 20
87.913875
 42
-0.177112
  0
VERTEX
  8
0
 10
294.891296
 20
88.685894
 42
-0.206860
  0
VERTEX
  8
0
 10
295.618034
 20
89.000000
 42
-0.306577
  0
VERTEX
  8
0
 10
295.751401
 20
88.909742
 42
-0.133067
  0
VERTEX
  8
0
 10
295.777469
 20
88.686604
 42
-0.068930
  0
VERTEX
  8
0
 10
295.676356
 20
88.342657
 42
-0.032514
  0
SEQEND
  0
POLYLINE
  8
0
 66
1
 70
1
  0
VERTEX
  8
0
 10
334.500000
 20
88.000000
 42
0.100119
  0
VERTEX
  8
0
 10
334.359099
 20
87.618743
 42
0.176926
  0
VERTEX
  8
0
 10
334.423558
 20
87.293750
 42
0.168389
  0
VERTEX
  8
0
 10
334.686733
 20
87.076045
 42
0.089607
  0
VERTEX
  8
0
 10
335.107650
 20
87.000000
 42
-0.048234
  0
VERTEX
  8
0
 10
335.537385
 20
86.958448
 42
-0.143953
  0
VERTEX
  8
0
 10
335.796999
 20
86.823710
 42
-0.260520
  0
VERTEX
  8
0
 10
335.857082
 20
86.626986
 42
-0.144010
  0
VERTEX
  8
0
 10
335.733198
 20
86.399864
 42
-0.227088
  0
VERTEX
  8
0
 10
334.966060
 20
86.129537
 42
-0.136681
  0
VERTEX
  8
0
 10
334.051758
 20
86.494172
 42
-0.139161
  0
VERTEX
  8
0
 10
333.468051
 20
87.273115
 42
-0.234175
  0
VERTEX
  8
0
 10
333.542705
 20
88.069098
 42
-0.035762
  0
VERTEX
  8
0
 10
333.799758
 20
88.425331
 42
-0.040197
  0
VERTEX
  8
0
 10
334.095906
 20
88.726548
 42
-0.044085
  0
VERTEX
  8
0
 10
334.386195
 20
88.936173
 42
-0.135141
  0
VERTEX
  8
0
 10
334.618034
 20
89.000000
 42
-0.287043
  0
VERTEX
  8
0
 10
334.754342
 20
88.914721
 42
-0.143517
  0
VERTEX
  8
0
 10
334.789612
 20
88.706250
 42
-0.074368
  0
VERTEX
  8
0
 10
334.701786
 20
88.383844
 42
-0.034804
  0
SEQEND
  0
POLYLINE
  8
0
 66
1
 70
1
  0
VERTEX
  8
0
 10
306.436723
 20
87.103390
 42
-0.151940
  0
VERTEX
  8
0
 10
305.547262
 20
86.635994
 42
-0.045822
  0
VERTEX
  8
0
 10
304.008692
 20
86.496106
 42
-0.061579
  0
VERTEX
  8
0
 10
302.750143
 20
86.652856
 42
-0.507167
  0
VERTEX
  8
0
 10
302.566070
 20
87.106904
 42
-0.143614
  0
VERTEX
  8
0
 10
302.882499
 20
87.391192
 42
-0.048784
  0
VERTEX
  8
0
 10
303.469458
 20
87.604903
 42
-0.043714
  0
VERTEX
  8
0
 10
304.200479
 20
87.726114
 42
-0.038051
  0
VERTEX
  8
0
 10
304.976785
 20
87.726796
 42
-0.024976
  0
VERTEX
  8
0
 10
305.687867
 20
87.637352
 42
-0.057188
  0
VERTEX
  8
0
 10
306.204821
 20
87.483470
 42
-0.126488
  0
VERTEX
  8
0
 10
306.448449
 20
87.296251
 42
-0.379072
  0
SEQEND
  0
POLYLINE
  8
0
 66
1
 70
1
  0
VERTEX
  8
0
 10
257.662415
 20
85.562650
 42
0.107536
  0
VERTEX
  8
0
 10
257.570204
 20
84.961319
 42
0.121401
  0
VERTEX
  8
0
 10
257.744609
 20
84.404831
 42
0.111684
  0
VERTEX
  8
0
 10
258.174085
 20
83.959944
 42
0.080891
  0
VERTEX
  8
0
 10
258.805426
 20
83.678651
 42
-0.002344
  0
VERTEX
  8
0
 10
259.910469
 20
83.381842
 42
-0.348028
  0
VERTEX
  8
0
 10
259.983813
 20
83.282063
 42
-0.381360
  0
VERTEX
  8
0
 10
259.902365
 20
83.197160
 42
-0.002488
  0
VERTEX
  8
0
 10
258.785184
 20
83.116001
 42
-0.103970
  0
VERTEX
  8
0
 10
258.049964
 20
83.219349
 42
-0.062052
  0
VERTEX
  8
0
 10
257.259674
 20
83.621575
 42
-0.058154
  0
VERTEX
  8
0
 10
256.537024
 20
84.243862
 42
-0.063161
  0
VERTEX
  8
0
 10
256.000000
 20
85.000000
 42
-0.022964
  0
VERTEX
  8
0
 10
255.493896
 20
86.059931
 42
-0.171150
  0
VERTEX
  8
0
 10
255.460646
 20
86.608475
 42
-0.272843
  0
VERTEX
  8
0
 10
255.777635
 20
86.909519
 42
-0.056782
  0
VERTEX
  8
0
 10
256.571805
 20
87.000000
 42
-0.075065
  0
VERTEX
  8
0
 10
257.215677
 20
86.902787
 42
-0.156768
  0
VERTEX
  8
0
 10
257.626606
 20
86.615150
 42
-0.167402
  0
VERTEX
  8
0
 10
257.777008
 20
86.157250
 42
-0.088237
  0
SEQEND
  0
POLYLINE
  8
0
 66
1
 70
1
  0
VERTEX
  8
0
 10
287.919901
 20
84.250000
 42
0.006780
  0
VERTEX
  8
0
 10
288.566457
 20
83.173758
 42
0.322211
  0
VERTEX
  8
0
 10
288.788110
 20
83.081908
 42
0.333948
  0
VERTEX
  8
0
 10
288.939189
 20
83.262876
 42
0.007040
  0
VERTEX
  8
0
 10
288.984904
 20
84.500000
 42
-0.012331
  0
VERTEX
  8
0
 10
289.035537
 20
85.564743
 42
-0.256591
  0
VERTEX
  8
0
 10
289.203166
 20
85.823682
 42
-0.372187
  0
VERTEX
  8
0
 10
289.453229
 20
85.768111
 42
-0.018906
  0
VERTEX
  8
0
 10
289.962526
 20
85.026393
 42
-0.158583
  0
VERTEX
  8
0
 10
290.290919
 20
83.736824
 42
-0.247126
  0
VERTEX
  8
0
 10
289.705131
 20
82.780813
 42
-0.225138
  0
VERTEX
  8
0
 10
288.523996
 20
82.669904
 42
-0.145575
  0
VERTEX
  8
0
 10
287.401123
 20
83.503114
 42
0.048234
  0
VERTEX
  8
0
 10
286.932654
 20
84.016494
 42
0.074895
  0
VERTEX
  8
0
 10
286.433774
 20
84.347067
 42
0.103745
  0
VERTEX
  8
0
 10
285.984809
 20
84.451689
 42
0.204686
  0
VERTEX
  8
0
 10
285.651123
 20
84.317790
 42
-0.115054
  0
VERTEX
  8
0
 10
285.403651
 20
84.163911
 42
-0.254517
  0
VERTEX
  8
0
 10
285.191267
 20
84.200642
 42
-0.170330
  0
VERTEX
  8
0
 10
285.045718
 20
84.430916
 42
-0.056622
  0
VERTEX
  8
0
 10
285.000000
 20
84.833333
 42
-0.175051
  0
VERTEX
  8
0
 10
285.309558
 20
85.690432
 42
-0.275358
  0
VERTEX
  8
0
 10
286.026287
 20
85.944140
 42
-0.146603
  0
VERTEX
  8
0
 10
287.013063
 20
85.419941
 42
-0.066080
  0
SEQEND
  0
POLYLINE
  8
0
 66
1
 70
1
  0
VERTEX
  8
0
 10
250.000000
 20
84.616631
 42
-0.269386
  0
VERTEX
  8
0
 10
249.897136
 20
84.439563
 42
-0.023188
  0
VERTEX
  8
0
 10
249.412500
 20
84.192243
 42
-0.025621
  0
VERTEX
  8
0
 10
248.766387
 20
83.938458
 42
-0.016817
  0
VERTEX
  8
0
 10
248.000000
 20
83.710251
 42
-0.040966
  0
VERTEX
  8
0
 10
247.233678
 20
83.575635
 42
-0.070464
  0
VERTEX
  8
0
 10
246.587500
 20
83.607123
 42
-0.106581
  0
VERTEX
  8
0
 10
246.157535
 20
83.789795
 42
-0.243840
  0
VERTEX
  8
0
 10
246.000000
 20
84.093620
 42
-0.206609
  0
VERTEX
  8
0
 10
246.149557
 20
84.440102
 42
-0.082769
  0
VERTEX
  8
0
 10
246.587500
 20
84.733751
 42
-0.063112
  0
VERTEX
  8
0
 10
247.234359
 20
84.933456
 42
-0.043375
  0
VERTEX
  8
0
 10
248.000000
 20
85.000000
 42
-0.018041
  0
VERTEX
  8
0
 10
248.766644
 20
84.972329
 42
-0.029316
  0
VERTEX
  8
0
 10
249.412500
 20
84.887385
 42
-0.029396
  0
VERTEX
  8
0
 10
249.890445
 20
84.766282
 42
-0.326917
  0
SEQEND
  0
POLYLINE
  8
0
 66
1
 70
1
  0
VERTEX
  8
0
 10
281.683114
 20
82.812500
 42
-0.054073
  0
VERTEX
  8
0
 10
281.461564
 20
82.395823
 42
-0.470617
  0
VERTEX
  8
0
 10
281.279315
 20
82.378580
 42
-0.168741
  0
VERTEX
  8
0
 10
281.137993
 20
82.670344
 42
-0.018894
  0
VERTEX
  8
0
 10
281.078947
 20
83.416667
 42
-0.028489
  0
VERTEX
  8
0
 10
281.089945
 20
84.112848
 42
-0.077125
  0
VERTEX
  8
0
 10
281.200665
 20
84.592839
 42
-0.208169
  0
VERTEX
  8
0
 10
281.385309
 20
84.775380
 42
-0.296942
  0
VERTEX
  8
0
 10
281.604167
 20
84.729167
 42
-0.126455
  0
VERTEX
  8
0
 10
281.797407
 20
84.402231
 42
-0.060344
  0
VERTEX
  8
0
 10
281.876576
 20
83.916927
 42
-0.054150
  0
VERTEX
  8
0
 10
281.839148
 20
83.359369
 42
-0.051402
  0
SEQEND
  0
POLYLINE
  8
0
 66
1
 70
1
  0
VERTEX
  8
0
 10
256.442363
 20
82.093259
 42
-0.236417
  0
VERTEX
  8
0
 10
256.468510
 20
81.801120
 42
-0.238295
  0
VERTEX
  8
0
 10
256.250238
 20
81.606613
 42
-0.095442
  0
VERTEX
  8
0
 10
255.733252
 20
81.570513
 42
-0.033809
  0
VERTEX
  8
0
 10
255.001380
 20
81.709890
 42
-0.020231
  0
VERTEX
  8
0
 10
253.524947
 20
82.160521
 42
-0.209047
  0
VERTEX
  8
0
 10
253.069405
 20
82.583925
 42
-0.493596
  0
VERTEX
  8
0
 10
253.252137
 20
82.912738
 42
-0.036651
  0
VERTEX
  8
0
 10
254.440983
 20
83.000000
 42
-0.056553
  0
VERTEX
  8
0
 10
255.033747
 20
82.932740
 42
-0.049897
  0
VERTEX
  8
0
 10
255.623294
 20
82.733645
 42
-0.052741
  0
VERTEX
  8
0
 10
256.122626
 20
82.440555
 42
-0.095554
  0
SEQEND
  0
POLYLINE
  8
0
 66
1
 70
1
  0
VERTEX
  8
0
 10
344.728887
 20
81.050980
 42
-0.032457
  0
VERTEX
  8
0
 10
344.599295
 20
80.131893
 42
-0.207360
  0
VERTEX
  8
0
 10
344.334337
 20
79.755924
 42
-0.265860
  0
VERTEX
  8
0
 10
343.928854
 20
79.744454
 42
-0.050369
  0
VERTEX
  8
0
 10
343.291036
 20
80.173425
 42
-0.027095
  0
VERTEX
  8
0
 10
342.362680
 20
81.032919
 42
-0.139329
  0
VERTEX
  8
0
 10
342.034222
 20
81.644522
 42
-0.573918
  0
VERTEX
  8
0
 10
342.247394
 20
81.841022
 42
-0.064152
  0
VERTEX
  8
0
 10
343.000000
 20
81.500000
 42
0.082592
  0
VERTEX
  8
0
 10
343.382100
 20
81.343488
 42
0.161196
  0
VERTEX
  8
0
 10
343.706250
 20
81.374600
 42
0.182303
  0
VERTEX
  8
0
 10
343.921712
 20
81.586039
 42
0.108972
  0
VERTEX
  8
0
 10
344.000000
 20
81.940983
 42
-0.039453
  0
VERTEX
  8
0
 10
344.032047
 20
82.346493
 42
-0.058647
  0
VERTEX
  8
0
 10
344.128619
 20
82.688914
 42
-0.077126
  0
VERTEX
  8
0
 10
344.270268
 20
82.922039
 42
-0.221220
  0
VERTEX
  8
0
 10
344.437851
 20
83.000000
 42
-0.327127
  0
VERTEX
  8
0
 10
344.598865
 20
82.882032
 42
-0.039508
  0
VERTEX
  8
0
 10
344.703956
 20
82.427475
 42
-0.034791
  0
VERTEX
  8
0
 10
344.753575
 20
81.798103
 42
-0.021080
  0
SEQEND
  0
POLYLINE
  8
0
 66
1
 70
1
  0
VERTEX
  8
0
 10
151.428571
 20
79.428571
 42
-0.139911
  0
VERTEX
  8
0
 10
152.612081
 20
77.299667
 42
-0.059387
  0
VERTEX
  8
0
 10
152.976122
 20
74.025385
 42
-0.059724
  0
VERTEX
  8
0
 10
152.564432
 20
70.806658
 42
-0.159305
  0
VERTEX
  8
0
 10
151.345096
 20
68.872445
 42
0.052158
  0
VERTEX
  8
0
 10
150.619016
 20
68.129933
 42
0.021693
  0
VERTEX
  8
0
 10
149.795741
 20
66.992709
 42
0.021180
  0
VERTEX
  8
0
 10
149.012032
 20
65.687874
 42
0.025651
  0
VERTEX
  8
0
 10
148.394603
 20
64.400606
 42
-0.037952
  0
VERTEX
  8
0
 10
147.552735
 20
62.750658
 42
-0.008339
  0
VERTEX
  8
0
 10
145.849426
 20
60.059912
 42
-0.008631
  0
VERTEX
  8
0
 10
143.769068
 20
57.007868
 42
-0.008200
  0
VERTEX
  8
0
 10
141.549507
 20
53.976118
 42
0.005720
  0
VERTEX
  8
0
 10
139.423036
 20
51.101543
 42
0.008458
  0
VERTEX
  8
0
 10
137.630168
 20
48.528432
 42
0.004505
  0
VERTEX
  8
0
 10
136.180140
 20
46.327868
 42
0.144396
  0
VERTEX
  8
0
 10
136.000000
 20
45.717104
 42
-0.299413
  0
VERTEX
  8
0
 10
135.797087
 20
45.408630
 42
-0.078413
  0
VERTEX
  8
0
 10
135.194371
 20
45.254336
 42
-0.053351
  0
VERTEX
  8
0
 10
134.307053
 20
45.265419
 42
-0.030355
  0
VERTEX
  8
0
 10
133.250000
 20
45.457533
 42
0.002645
  0
VERTEX
  8
0
 10
131.424134
 20
45.895039
 42
0.266062
  0
VERTEX
  8
0
 10
131.181429
 20
45.822564
 42
0.445532
  0
VERTEX
  8
0
 10
131.196369
 20
45.630746
 42
0.003991
  0
VERTEX
  8
0
 10
132.487247
 20
44.655877
 42
-0.163498
  0
VERTEX
  8
0
 10
133.338601
 20
43.432130
 42
-0.172417
  0
VERTEX
  8
0
 10
133.254183
 20
41.972615
 42
-0.045488
  0
VERTEX
  8
0
 10
131.937463
 20
39.504997
 42
-0.003053
  0
VERTEX
  8
0
 10
127.501970
 20
32.839936
 42
0.000236
  0
VERTEX
  8
0
 10
124.814840
 20
28.850989
 42
0.000375
  0
VERTEX
  8
0
 10
122.519405
 20
25.434504
 42
0.000072
  0
VERTEX
  8
0
 10
120.497516
 20
22.419339
 42
0.018873
  0
VERTEX
  8
0
 10
120.331254
 20
22.149864
 42
-0.235655
  0
VERTEX
  8
0
 10
120.191183
 20
22.055499
 42
-0.076559
  0
VERTEX
  8
0
 10
119.934366
 20
22.061363
 42
-0.057249
  0
VERTEX
  8
0
 10
119.607894
 20
22.158795
 42
-0.037312
  0
VERTEX
  8
0
 10
119.258460
 20
22.340263
 42
-0.242376
  0
VERTEX
  8
0
 10
118.943087
 20
22.864432
 42
-0.016072
  0
VERTEX
  8
0
 10
118.881553
 20
24.677929
 42
-0.019838
  0
VERTEX
  8
0
 10
118.968856
 20
26.980720
 42
-0.012072
  0
VERTEX
  8
0
 10
119.245403
 20
29.690399
 42
0.005630
  0
VERTEX
  8
0
 10
119.595721
 20
32.734139
 42
0.003648
  0
VERTEX
  8
0
 10
119.935578
 20
36.262180
 42
0.003667
  0
VERTEX
  8
0
 10
120.217168
 20
39.713668
 42
0.006936
  0
VERTEX
  8
0
 10
120.385104
 20
42.500000
 42
-0.000813
  0
VERTEX
  8
0
 10
120.503950
 20
44.976515
 42
-0.000810
  0
VERTEX
  8
0
 10
120.631010
 20
47.456061
 42
-0.000792
  0
VERTEX
  8
0
 10
120.748987
 20
49.622517
 42
-0.003184
  0
VERTEX
  8
0
 10
120.831629
 20
50.946167
 42
0.000000
  0
VERTEX
  8
0
 10
121.000000
 20
53.392334
 42
0.000000
  0
VERTEX
  8
0
 10
124.297607
 20
50.196167
 42
0.004157
  0
VERTEX
  8
0
 10
127.426825
 20
47.213264
 42
0.304853
  0
VERTEX
  8
0
 10
128.090954
 20
47.105172
 42
0.502905
  0
VERTEX
  8
0
 10
128.190586
 20
47.576317
 42
0.004506
  0
VERTEX
  8
0
 10
125.384870
 20
50.695417
 42
-0.053158
  0
VERTEX
  8
0
 10
123.163165
 20
53.708550
 42
-0.096458
  0
VERTEX
  8
0
 10
122.155051
 20
56.587592
 42
-0.068856
  0
VERTEX
  8
0
 10
122.129296
 20
60.267955
 42
-0.016925
  0
VERTEX
  8
0
 10
123.121473
 20
66.250662
 42
-0.021991
  0
VERTEX
  8
0
 10
123.940967
 20
69.568255
 42
-0.079593
  0
VERTEX
  8
0
 10
124.874221
 20
71.525199
 42
-0.073833
  0
VERTEX
  8
0
 10
126.408458
 20
73.167992
 42
-0.017260
  0
VERTEX
  8
0
 10
129.444657
 20
75.417444
 42
-0.018400
  0
VERTEX
  8
0
 10
132.426429
 20
77.313233
 42
-0.050825
  0
VERTEX
  8
0
 10
134.687718
 20
78.344742
 42
-0.055499
  0
VERTEX
  8
0
 10
136.994520
 20
78.849743
 42
-0.025459
  0
VERTEX
  8
0
 10
140.073185
 20
79.015313
 42
0.016191
  0
VERTEX
  8
0
 10
142.260803
 20
79.092351
 42
0.018409
  0
VERTEX
  8
0
 10
144.346498
 20
79.310881
 42
0.017880
  0
VERTEX
  8
0
 10
146.090779
 20
79.622824
 42
0.090499
  0
VERTEX
  8
0
 10
147.000000
 20
80.000000
 42
-0.035510
  0
VERTEX
  8
0
 10
148.363410
 20
80.749699
 42
-0.140941
  0
VERTEX
  8
0
 10
149.298548
 20
80.892672
 42
-0.134113
  0
VERTEX
  8
0
 10
150.193237
 20
80.519709
 42
-0.030961
  0
SEQEND
  0
POLYLINE
  8
0
 66
1
 70
1
  0
VERTEX
  8
0
 10
247.729167
 20
80.395833
 42
-0.126455
  0
VERTEX
  8
0
 10
247.402231
 20
80.202593
 42
-0.060344
  0
VERTEX
  8
0
 10
246.916927
 20
80.123424
 42
-0.054150
  0
VERTEX
  8
0
 10
246.359369
 20
80.160852
 42
-0.051402
  0
VERTEX
  8
0
 10
245.812500
 20
80.316886
 42
-0.054073
  0
VERTEX
  8
0
 10
245.395823
 20
80.538436
 42
-0.470617
  0
VERTEX
  8
0
 10
245.378580
 20
80.720685
 42
-0.168741
  0
VERTEX
  8
0
 10
245.670344
 20
80.862007
 42
-0.018894
  0
VERTEX
  8
0
 10
246.416667
 20
80.921053
 42
-0.028489
  0
VERTEX
  8
0
 10
247.112848
 20
80.910055
 42
-0.077125
  0
VERTEX
  8
0
 10
247.592839
 20
80.799335
 42
-0.208169
  0
VERTEX
  8
0
 10
247.775380
 20
80.614691
 42
-0.296942
  0
SEQEND
  0
POLYLINE
  8
0
 66
1
 70
1
  0
VERTEX
  8
0
 10
299.526461
 20
79.193128
 42
-0.207420
  0
VERTEX
  8
0
 10
299.220211
 20
79.072099
 42
-0.082976
  0
VERTEX
  8
0
 10
298.768815
 20
79.162781
 42
-0.063152
  0
VERTEX
  8
0
 10
298.246577
 20
79.441312
 42
-0.043285
  0
VERTEX
  8
0
 10
297.733333
 20
79.875912
 42
-0.011214
  0
VERTEX
  8
0
 10
297.106486
 20
80.536448
 42
-0.400052
  0
VERTEX
  8
0
 10
297.111181
 20
80.729672
 42
-0.286372
  0
VERTEX
  8
0
 10
297.336218
 20
80.781790
 42
-0.008399
  0
VERTEX
  8
0
 10
298.293128
 20
80.435707
 42
-0.036269
  0
VERTEX
  8
0
 10
298.940734
 20
80.133723
 42
-0.070189
  0
VERTEX
  8
0
 10
299.395085
 20
79.789051
 42
-0.120343
  0
VERTEX
  8
0
 10
299.592490
 20
79.461316
 42
-0.278911
  0
SEQEND
  0
POLYLINE
  8
0
 66
1
 70
1
  0
VERTEX
  8
0
 10
317.591142
 20
79.420032
 42
-0.067516
  0
VERTEX
  8
0
 10
317.397731
 20
78.748829
 42
-0.043534
  0
VERTEX
  8
0
 10
317.007417
 20
78.038418
 42
-0.043165
  0
VERTEX
  8
0
 10
316.493914
 20
77.397783
 42
-0.061231
  0
VERTEX
  8
0
 10
315.929626
 20
76.935345
 42
0.085250
  0
VERTEX
  8
0
 10
315.333199
 20
76.396951
 42
0.412116
  0
VERTEX
  8
0
 10
315.380661
 20
75.987539
 42
0.175418
  0
VERTEX
  8
0
 10
316.018057
 20
75.771870
 42
0.033904
  0
VERTEX
  8
0
 10
317.250000
 20
75.881579
 42
-0.154667
  0
VERTEX
  8
0
 10
317.535518
 20
75.838340
 42
-0.118556
  0
VERTEX
  8
0
 10
317.779688
 20
75.635496
 42
-0.094521
  0
VERTEX
  8
0
 10
317.944061
 20
75.297888
 42
-0.066250
  0
VERTEX
  8
0
 10
318.000000
 20
74.877555
 42
0.169818
  0
VERTEX
  8
0
 10
318.127794
 20
74.512139
 42
0.267665
  0
VERTEX
  8
0
 10
318.428673
 20
74.393748
 42
0.108446
  0
VERTEX
  8
0
 10
318.941785
 20
74.589372
 42
0.026571
  0
VERTEX
  8
0
 10
319.674646
 20
75.127555
 42
-0.010377
  0
VERTEX
  8
0
 10
320.608582
 20
75.861093
 42
-0.647736
  0
VERTEX
  8
0
 10
320.747788
 20
75.784224
 42
-0.121180
  0
VERTEX
  8
0
 10
320.616678
 20
75.394441
 42
-0.002816
  0
VERTEX
  8
0
 10
319.559636
 20
73.750000
 42
-0.015477
  0
VERTEX
  8
0
 10
318.289542
 20
71.924537
 42
-0.089008
  0
VERTEX
  8
0
 10
317.434872
 20
71.121248
 42
-0.588982
  0
VERTEX
  8
0
 10
317.107005
 20
71.295156
 42
-0.086085
  0
VERTEX
  8
0
 10
317.254438
 20
72.250000
 42
0.124712
  0
VERTEX
  8
0
 10
317.298171
 20
72.818329
 42
0.067655
  0
VERTEX
  8
0
 10
317.085435
 20
73.490658
 42
0.060732
  0
VERTEX
  8
0
 10
316.663567
 20
74.159277
 42
0.058108
  0
VERTEX
  8
0
 10
316.087771
 20
74.718197
 42
0.034974
  0
VERTEX
  8
0
 10
314.816907
 20
75.559064
 42
0.087585
  0
VERTEX
  8
0
 10
313.772067
 20
75.928517
 42
0.341751
  0
VERTEX
  8
0
 10
313.360495
 20
75.707155
 42
0.247977
  0
VERTEX
  8
0
 10
313.396994
 20
75.166667
 42
-0.361668
  0
VERTEX
  8
0
 10
313.313415
 20
74.575669
 42
-0.226196
  0
VERTEX
  8
0
 10
312.604202
 20
74.362995
 42
-0.085156
  0
VERTEX
  8
0
 10
311.284781
 20
74.805320
 42
-0.081698
  0
VERTEX
  8
0
 10
310.166667
 20
75.666667
 42
-0.020638
  0
VERTEX
  8
0
 10
309.555410
 20
76.377689
 42
-0.225138
  0
VERTEX
  8
0
 10
309.473111
 20
76.735739
 42
-0.313895
  0
VERTEX
  8
0
 10
309.702945
 20
76.947939
 42
-0.034317
  0
VERTEX
  8
0
 10
310.460573
 20
77.000000
 42
0.063114
  0
VERTEX
  8
0
 10
311.049166
 20
77.074593
 42
0.081170
  0
VERTEX
  8
0
 10
311.547793
 20
77.293750
 42
0.098304
  0
VERTEX
  8
0
 10
311.881454
 20
77.618630
 42
0.151839
  0
VERTEX
  8
0
 10
312.000000
 20
78.000000
 42
-0.105053
  0
VERTEX
  8
0
 10
312.081062
 20
78.381556
 42
-0.099167
  0
VERTEX
  8
0
 10
312.311086
 20
78.706250
 42
-0.096420
  0
VERTEX
  8
0
 10
312.654762
 20
78.923877
 42
-0.093332
  0
VERTEX
  8
0
 10
313.059017
 20
79.000000
 42
-0.108972
  0
VERTEX
  8
0
 10
313.413961
 20
78.921712
 42
-0.182303
  0
VERTEX
  8
0
 10
313.625400
 20
78.706250
 42
-0.161196
  0
VERTEX
  8
0
 10
313.656512
 20
78.382100
 42
-0.082592
  0
VERTEX
  8
0
 10
313.500000
 20
78.000000
 42
0.063641
  0
VERTEX
  8
0
 10
313.196125
 20
77.331186
 42
0.437283
  0
VERTEX
  8
0
 10
313.357407
 20
77.052806
 42
0.135579
  0
VERTEX
  8
0
 10
313.946837
 20
77.081285
 42
0.012154
  0
VERTEX
  8
0
 10
315.355070
 20
77.582759
 42
0.092199
  0
VERTEX
  8
0
 10
315.893432
 20
77.913044
 42
0.096073
  0
VERTEX
  8
0
 10
316.267858
 20
78.410647
 42
0.099378
  0
VERTEX
  8
0
 10
316.421065
 20
78.997394
 42
0.106326
  0
VERTEX
  8
0
 10
316.329869
 20
79.582759
 42
-0.063084
  0
VERTEX
  8
0
 10
316.196918
 20
80.125091
 42
-0.109833
  0
VERTEX
  8
0
 10
316.244963
 20
80.583685
 42
-0.151360
  0
VERTEX
  8
0
 10
316.461832
 20
80.885151
 42
-0.163109
  0
VERTEX
  8
0
 10
316.804527
 20
81.000000
 42
-0.163604
  0
VERTEX
  8
0
 10
317.174051
 20
80.875763
 42
-0.115557
  0
VERTEX
  8
0
 10
317.455729
 20
80.535884
 42
-0.090043
  0
VERTEX
  8
0
 10
317.604133
 20
80.024299
 42
-0.062196
  0
SEQEND
  0
POLYLINE
  8
0
 66
1
 70
1
  0
VERTEX
  8
0
 10
336.000000
 20
80.240547
 42
-0.174005
  0
VERTEX
  8
0
 10
335.864302
 20
79.862427
 42
-0.030245
  0
VERTEX
  8
0
 10
335.339063
 20
79.298162
 42
-0.029718
  0
VERTEX
  8
0
 10
334.611539
 20
78.683742
 42
-0.022758
  0
VERTEX
  8
0
 10
333.750000
 20
78.098893
 42
-0.001408
  0
VERTEX
  8
0
 10
332.151131
 20
77.122881
 42
-0.449461
  0
VERTEX
  8
0
 10
332.024907
 20
77.161867
 42
-0.295422
  0
VERTEX
  8
0
 10
332.049676
 20
77.327905
 42
-0.001098
  0
VERTEX
  8
0
 10
333.404988
 20
78.858346
 42
-0.009245
  0
VERTEX
  8
0
 10
334.758426
 20
80.324427
 42
-0.079523
  0
VERTEX
  8
0
 10
335.466776
 20
80.860827
 42
-0.379767
  0
VERTEX
  8
0
 10
335.832959
 20
80.772584
 42
-0.153294
  0
SEQEND
  0
POLYLINE
  8
0
 66
1
 70
1
  0
VERTEX
  8
0
 10
339.729167
 20
80.395833
 42
-0.126455
  0
VERTEX
  8
0
 10
339.402231
 20
80.202593
 42
-0.060344
  0
VERTEX
  8
0
 10
338.916927
 20
80.123424
 42
-0.054150
  0
VERTEX
  8
0
 10
338.359369
 20
80.160852
 42
-0.051402
  0
VERTEX
  8
0
 10
337.812500
 20
80.316886
 42
-0.054073
  0
VERTEX
  8
0
 10
337.395823
 20
80.538436
 42
-0.470617
  0
VERTEX
  8
0
 10
337.378580
 20
80.720685
 42
-0.168741
  0
VERTEX
  8
0
 10
337.670344
 20
80.862007
 42
-0.018894
  0
VERTEX
  8
0
 10
338.416667
 20
80.921053
 42
-0.028489
  0
VERTEX
  8
0
 10
339.112848
 20
80.910055
 42
-0.077125
  0
VERTEX
  8
0
 10
339.592839
 20
80.799335
 42
-0.208169
  0
VERTEX
  8
0
 10
339.775380
 20
80.614691
 42
-0.296942
  0
SEQEND
  0
POLYLINE
  8
0
 66
1
 70
1
  0
VERTEX
  8
0
 10
280.124088
 20
77.733333
 42
-0.011214
  0
VERTEX
  8
0
 10
279.463552
 20
77.106486
 42
-0.400052
  0
VERTEX
  8
0
 10
279.270328
 20
77.111181
 42
-0.286372
  0
VERTEX
  8
0
 10
279.218210
 20
77.336218
 42
-0.008399
  0
VERTEX
  8
0
 10
279.564293
 20
78.293128
 42
-0.036269
  0
VERTEX
  8
0
 10
279.866277
 20
78.940734
 42
-0.070189
  0
VERTEX
  8
0
 10
280.210949
 20
79.395085
 42
-0.120343
  0
VERTEX
  8
0
 10
280.538684
 20
79.592490
 42
-0.278911
  0
VERTEX
  8
0
 10
280.806872
 20
79.526461
 42
-0.207420
  0
VERTEX
  8
0
 10
280.927901
 20
79.220211
 42
-0.082976
  0
VERTEX
  8
0
 10
280.837219
 20
78.768815
 42
-0.063152
  0
VERTEX
  8
0
 10
280.558688
 20
78.246577
 42
-0.043285
  0
SEQEND
  0
POLYLINE
  8
0
 66
1
 70
1
  0
VERTEX
  8
0
 10
295.000000
 20
79.000000
 42
-0.105053
  0
VERTEX
  8
0
 10
294.918938
 20
78.618444
 42
-0.099167
  0
VERTEX
  8
0
 10
294.688914
 20
78.293750
 42
-0.096420
  0
VERTEX
  8
0
 10
294.345238
 20
78.076123
 42
-0.093332
  0
VERTEX
  8
0
 10
293.940983
 20
78.000000
 42
-0.108972
  0
VERTEX
  8
0
 10
293.586039
 20
78.078288
 42
-0.182303
  0
VERTEX
  8
0
 10
293.374600
 20
78.293750
 42
-0.161196
  0
VERTEX
  8
0
 10
293.343488
 20
78.617900
 42
-0.082592
  0
VERTEX
  8
0
 10
293.500000
 20
79.000000
 42
-0.029505
  0
VERTEX
  8
0
 10
293.768994
 20
79.382774
 42
-0.035638
  0
VERTEX
  8
0
 10
294.066025
 20
79.706250
 42
-0.038439
  0
VERTEX
  8
0
 10
294.348290
 20
79.934461
 42
-0.151918
  0
VERTEX
  8
0
 10
294.559017
 20
80.000000
 42
-0.210953
  0
VERTEX
  8
0
 10
294.727648
 20
79.925540
 42
-0.081139
  0
VERTEX
  8
0
 10
294.870461
 20
79.706250
 42
-0.061769
  0
VERTEX
  8
0
 10
294.967655
 20
79.382849
 42
-0.042167
  0
SEQEND
  0
POLYLINE
  8
0
 66
1
 70
1
  0
VERTEX
  8
0
 10
323.311172
 20
77.694469
 42
-0.049057
  0
VERTEX
  8
0
 10
322.978261
 20
77.258007
 42
-0.243285
  0
VERTEX
  8
0
 10
322.696707
 20
77.157188
 42
-0.236445
  0
VERTEX
  8
0
 10
322.445786
 20
77.328044
 42
-0.046755
  0
VERTEX
  8
0
 10
322.219669
 20
77.840992
 42
0.084043
  0
VERTEX
  8
0
 10
321.929520
 20
78.385699
 42
0.238760
  0
VERTEX
  8
0
 10
321.552363
 20
78.565528
 42
0.136605
  0
VERTEX
  8
0
 10
321.017569
 20
78.402815
 42
0.024134
  0
VERTEX
  8
0
 10
320.152754
 20
77.791738
 42
-0.001926
  0
VERTEX
  8
0
 10
319.115558
 20
76.987516
 42
-0.403993
  0
VERTEX
  8
0
 10
318.999512
 20
77.000591
 42
-0.350255
  0
VERTEX
  8
0
 10
318.997363
 20
77.127652
 42
-0.001794
  0
VERTEX
  8
0
 10
319.823113
 20
78.190559
 42
-0.127882
  0
VERTEX
  8
0
 10
321.038523
 20
79.119020
 42
-0.135632
  0
VERTEX
  8
0
 10
322.524171
 20
79.310744
 42
-0.247640
  0
VERTEX
  8
0
 10
323.359294
 20
78.705939
 42
-0.258558
  0
SEQEND
  0
POLYLINE
  8
0
 66
1
 70
1
  0
VERTEX
  8
0
 10
251.000000
 20
78.000000
 42
-0.042167
  0
VERTEX
  8
0
 10
250.967655
 20
77.617151
 42
-0.061769
  0
VERTEX
  8
0
 10
250.870461
 20
77.293750
 42
-0.081139
  0
VERTEX
  8
0
 10
250.727648
 20
77.074460
 42
-0.210953
  0
VERTEX
  8
0
 10
250.559017
 20
77.000000
 42
-0.151918
  0
VERTEX
  8
0
 10
250.348290
 20
77.065539
 42
-0.038439
  0
VERTEX
  8
0
 10
250.066025
 20
77.293750
 42
-0.035638
  0
VERTEX
  8
0
 10
249.768994
 20
77.617226
 42
-0.029505
  0
VERTEX
  8
0
 10
249.500000
 20
78.000000
 42
-0.082592
  0
VERTEX
  8
0
 10
249.343488
 20
78.382100
 42
-0.161196
  0
VERTEX
  8
0
 10
249.374600
 20
78.706250
 42
-0.182303
  0
VERTEX
  8
0
 10
249.586039
 20
78.921712
 42
-0.108972
  0
VERTEX
  8
0
 10
249.940983
 20
79.000000
 42
-0.093332
  0
VERTEX
  8
0
 10
250.345238
 20
78.923877
 42
-0.096420
  0
VERTEX
  8
0
 10
250.688914
 20
78.706250
 42
-0.099167
  0
VERTEX
  8
0
 10
250.918938
 20
78.381556
 42
-0.105053
  0
SEQEND
  0
POLYLINE
  8
0
 66
1
 70
1
  0
VERTEX
  8
0
 10
272.683114
 20
76.812500
 42
-0.054073
  0
VERTEX
  8
0
 10
272.461564
 20
76.395823
 42
-0.470617
  0
VERTEX
  8
0
 10
272.279315
 20
76.378580
 42
-0.168741
  0
VERTEX
  8
0
 10
272.137993
 20
76.670344
 42
-0.018894
  0
VERTEX
  8
0
 10
272.078947
 20
77.416667
 42
-0.028489
  0
VERTEX
  8
0
 10
272.089945
 20
78.112848
 42
-0.077125
  0
VERTEX
  8
0
 10
272.200665
 20
78.592839
 42
-0.208169
  0
VERTEX
  8
0
 10
272.385309
 20
78.775380
 42
-0.296942
  0
VERTEX
  8
0
 10
272.604167
 20
78.729167
 42
-0.126455
  0
VERTEX
  8
0
 10
272.797407
 20
78.402231
 42
-0.060344
  0
VERTEX
  8
0
 10
272.876576
 20
77.916927
 42
-0.054150
  0
VERTEX
  8
0
 10
272.839148
 20
77.359369
 42
-0.051402
  0
SEQEND
  0
POLYLINE
  8
0
 66
1
 70
1
  0
VERTEX
  8
0
 10
326.720023
 20
77.066696
 42
-0.078328
  0
VERTEX
  8
0
 10
326.651961
 20
76.229838
 42
-0.051123
  0
VERTEX
  8
0
 10
326.328544
 20
75.314521
 42
-0.050222
  0
VERTEX
  8
0
 10
325.815897
 20
74.463471
 42
-0.066181
  0
VERTEX
  8
0
 10
325.182827
 20
73.816696
 42
-0.001824
  0
VERTEX
  8
0
 10
324.127812
 20
72.997406
 42
-0.349889
  0
VERTEX
  8
0
 10
324.000599
 20
72.999506
 42
-0.404218
  0
VERTEX
  8
0
 10
323.987443
 20
73.115574
 42
-0.001960
  0
VERTEX
  8
0
 10
324.785087
 20
74.144740
 42
0.028309
  0
VERTEX
  8
0
 10
325.265626
 20
74.837213
 42
0.031262
  0
VERTEX
  8
0
 10
325.647586
 20
75.557570
 42
0.032907
  0
VERTEX
  8
0
 10
325.891241
 20
76.206371
 42
0.118311
  0
VERTEX
  8
0
 10
325.916666
 20
76.644740
 42
-0.039337
  0
VERTEX
  8
0
 10
325.836351
 20
77.453654
 42
-0.044121
  0
VERTEX
  8
0
 10
325.889387
 20
78.234043
 42
-0.049208
  0
VERTEX
  8
0
 10
326.044537
 20
78.830748
 42
-0.314296
  0
VERTEX
  8
0
 10
326.287196
 20
79.000000
 42
-0.330663
  0
VERTEX
  8
0
 10
326.407023
 20
78.911027
 42
-0.018294
  0
VERTEX
  8
0
 10
326.532807
 20
78.432092
 42
-0.022402
  0
VERTEX
  8
0
 10
326.643478
 20
77.807800
 42
-0.013868
  0
SEQEND
  0
POLYLINE
  8
0
 66
1
 70
1
  0
VERTEX
  8
0
 10
230.000000
 20
75.893011
 42
-0.117841
  0
VERTEX
  8
0
 10
229.918592
 20
75.552395
 42
-0.100596
  0
VERTEX
  8
0
 10
229.688914
 20
75.262322
 42
-0.092639
  0
VERTEX
  8
0
 10
229.345436
 20
75.067567
 42
-0.082954
  0
VERTEX
  8
0
 10
228.940983
 20
75.000000
 42
0.108972
  0
VERTEX
  8
0
 10
228.586039
 20
74.921712
 42
0.182303
  0
VERTEX
  8
0
 10
228.374600
 20
74.706250
 42
0.161196
  0
VERTEX
  8
0
 10
228.343488
 20
74.382100
 42
0.082592
  0
VERTEX
  8
0
 10
228.500000
 20
74.000000
 42
-0.088621
  0
VERTEX
  8
0
 10
228.651081
 20
73.618194
 42
-0.167455
  0
VERTEX
  8
0
 10
228.608064
 20
73.293750
 42
-0.177706
  0
VERTEX
  8
0
 10
228.378351
 20
73.077418
 42
-0.101261
  0
VERTEX
  8
0
 10
228.000000
 20
73.000000
 42
0.101261
  0
VERTEX
  8
0
 10
227.621649
 20
72.922582
 42
0.177706
  0
VERTEX
  8
0
 10
227.391936
 20
72.706250
 42
0.167455
  0
VERTEX
  8
0
 10
227.348919
 20
72.381806
 42
0.088621
  0
VERTEX
  8
0
 10
227.500000
 20
72.000000
 42
-0.076677
  0
VERTEX
  8
0
 10
227.661905
 20
71.617613
 42
-0.154089
  0
VERTEX
  8
0
 10
227.643000
 20
71.293750
 42
-0.186331
  0
VERTEX
  8
0
 10
227.450068
 20
71.079254
 42
-0.118003
  0
VERTEX
  8
0
 10
227.118930
 20
71.000000
 42
-0.330662
  0
VERTEX
  8
0
 10
226.630154
 20
71.362920
 42
-0.064082
  0
VERTEX
  8
0
 10
226.437486
 20
72.516921
 42
-0.037080
  0
VERTEX
  8
0
 10
226.506903
 20
74.408396
 42
-0.011637
  0
VERTEX
  8
0
 10
226.885980
 20
77.218615
 42
-0.385784
  0
VERTEX
  8
0
 10
227.371804
 20
77.609125
 42
-0.085993
  0
VERTEX
  8
0
 10
228.503408
 20
77.343105
 42
-0.069864
  0
VERTEX
  8
0
 10
229.633150
 20
76.662898
 42
-0.226072
  0
SEQEND
  0
POLYLINE
  8
0
 66
1
 70
1
  0
VERTEX
  8
0
 10
304.831787
 20
76.984687
 42
-0.038826
  0
VERTEX
  8
0
 10
305.431621
 20
76.932496
 42
-0.171296
  0
VERTEX
  8
0
 10
305.737648
 20
76.763837
 42
-0.326926
  0
VERTEX
  8
0
 10
305.760868
 20
76.522324
 42
-0.100604
  0
VERTEX
  8
0
 10
305.500000
 20
76.234687
 42
0.152979
  0
VERTEX
  8
0
 10
305.115668
 20
75.711494
 42
0.031169
  0
VERTEX
  8
0
 10
304.807970
 20
74.589416
 42
0.030176
  0
VERTEX
  8
0
 10
304.603247
 20
73.187372
 42
0.024325
  0
VERTEX
  8
0
 10
304.548407
 20
71.665452
 42
-0.008043
  0
VERTEX
  8
0
 10
304.541251
 20
69.598746
 42
-0.110152
  0
VERTEX
  8
0
 10
304.364575
 20
68.873544
 42
-0.481442
  0
VERTEX
  8
0
 10
304.023841
 20
68.799127
 42
-0.064356
  0
VERTEX
  8
0
 10
303.438164
 20
69.415452
 42
0.064642
  0
VERTEX
  8
0
 10
302.855643
 20
70.027757
 42
0.045452
  0
VERTEX
  8
0
 10
302.064752
 20
70.557730
 42
0.045720
  0
VERTEX
  8
0
 10
301.198248
 20
70.932440
 42
0.068865
  0
VERTEX
  8
0
 10
300.389757
 20
71.078947
 42
-0.023579
  0
VERTEX
  8
0
 10
299.717721
 20
71.138850
 42
-0.151966
  0
VERTEX
  8
0
 10
299.412726
 20
71.281570
 42
-0.454164
  0
VERTEX
  8
0
 10
299.416544
 20
71.462266
 42
-0.078541
  0
VERTEX
  8
0
 10
299.750000
 20
71.662281
 42
0.082980
  0
VERTEX
  8
0
 10
300.227887
 20
71.954689
 42
0.064791
  0
VERTEX
  8
0
 10
300.632812
 20
72.410170
 42
0.064977
  0
VERTEX
  8
0
 10
300.906662
 20
72.952585
 42
0.084643
  0
VERTEX
  8
0
 10
301.000000
 20
73.500000
 42
-0.084054
  0
VERTEX
  8
0
 10
301.093176
 20
74.050346
 42
-0.063105
  0
VERTEX
  8
0
 10
301.367188
 20
74.601363
 42
-0.062756
  0
VERTEX
  8
0
 10
301.772059
 20
75.069683
 42
-0.080761
  0
VERTEX
  8
0
 10
302.250000
 20
75.376982
 42
0.257520
  0
VERTEX
  8
0
 10
302.343931
 20
75.498898
 42
0.472442
  0
VERTEX
  8
0
 10
302.271014
 20
75.580322
 42
0.033099
  0
VERTEX
  8
0
 10
301.624194
 20
75.509907
 42
0.007994
  0
VERTEX
  8
0
 10
300.566216
 20
75.305780
 42
-0.006861
  0
VERTEX
  8
0
 10
298.788832
 20
74.958671
 42
-0.194795
  0
VERTEX
  8
0
 10
298.339016
 20
75.052492
 42
-0.431821
  0
VERTEX
  8
0
 10
298.287409
 20
75.362167
 42
-0.018587
  0
VERTEX
  8
0
 10
299.066216
 20
76.310982
 42
-0.055831
  0
VERTEX
  8
0
 10
299.713595
 20
76.895920
 42
-0.057000
  0
VERTEX
  8
0
 10
300.470039
 20
77.318398
 42
-0.062953
  0
VERTEX
  8
0
 10
301.216709
 20
77.524831
 42
-0.120646
  0
VERTEX
  8
0
 10
301.831787
 20
77.465517
 42
0.029113
  0
VERTEX
  8
0
 10
302.461449
 20
77.285777
 42
0.015233
  0
VERTEX
  8
0
 10
303.262400
 20
77.132247
 42
0.015100
  0
VERTEX
  8
0
 10
304.095916
 20
77.024355
 42
0.022341
  0
SEQEND
  0
POLYLINE
  8
0
 66
1
 70
1
  0
VERTEX
  8
0
 10
330.391222
 20
76.577125
 42
0.263071
  0
VERTEX
  8
0
 10
330.517533
 20
75.730357
 42
0.258915
  0
VERTEX
  8
0
 10
331.310948
 20
75.393474
 42
0.096116
  0
VERTEX
  8
0
 10
332.857607
 20
75.866522
 42
0.043119
  0
VERTEX
  8
0
 10
334.649118
 20
77.026598
 42
-0.003038
  0
VERTEX
  8
0
 10
335.772630
 20
77.889153
 42
-0.663446
  0
VERTEX
  8
0
 10
335.860016
 20
77.838786
 42
-0.145487
  0
VERTEX
  8
0
 10
335.757601
 20
77.604784
 42
-0.001399
  0
VERTEX
  8
0
 10
334.543411
 20
76.175748
 42
0.000000
  0
VERTEX
  8
0
 10
332.586822
 20
73.885962
 42
0.000000
  0
VERTEX
  8
0
 10
335.276915
 20
74.373769
 42
0.012028
  0
VERTEX
  8
0
 10
336.369121
 20
74.599086
 42
0.012807
  0
VERTEX
  8
0
 10
337.426431
 20
74.872567
 42
0.012468
  0
VERTEX
  8
0
 10
338.322063
 20
75.153213
 42
0.056304
  0
VERTEX
  8
0
 10
338.816837
 20
75.386799
 42
-0.124319
  0
VERTEX
  8
0
 10
339.139945
 20
75.488949
 42
-0.188388
  0
VERTEX
  8
0
 10
339.417029
 20
75.399098
 42
-0.149314
  0
VERTEX
  8
0
 10
339.603722
 20
75.119284
 42
-0.073113
  0
VERTEX
  8
0
 10
339.666667
 20
74.691120
 42
-0.349208
  0
VERTEX
  8
0
 10
339.012027
 20
73.868102
 42
-0.040616
  0
VERTEX
  8
0
 10
336.517584
 20
73.501983
 42
-0.041334
  0
VERTEX
  8
0
 10
333.863654
 20
73.549957
 42
-0.172846
  0
VERTEX
  8
0
 10
332.442602
 20
74.224185
 42
0.315432
  0
VERTEX
  8
0
 10
331.983462
 20
74.304990
 42
0.042380
  0
VERTEX
  8
0
 10
331.084813
 20
73.788536
 42
0.036505
  0
VERTEX
  8
0
 10
329.993996
 20
72.907706
 42
0.022330
  0
VERTEX
  8
0
 10
328.837449
 20
71.724185
 42
-0.009240
  0
VERTEX
  8
0
 10
327.534033
 20
70.318590
 42
-0.072970
  0
VERTEX
  8
0
 10
326.833424
 20
69.776036
 42
-0.543830
  0
VERTEX
  8
0
 10
326.590856
 20
69.903225
 42
-0.108504
  0
VERTEX
  8
0
 10
326.665532
 20
70.500000
 42
0.008621
  0
VERTEX
  8
0
 10
327.068402
 20
71.701981
 42
0.352140
  0
VERTEX
  8
0
 10
326.975000
 20
71.942083
 42
0.302867
  0
VERTEX
  8
0
 10
326.697989
 20
71.923904
 42
0.007359
  0
VERTEX
  8
0
 10
325.641722
 20
71.089786
 42
0.047984
  0
VERTEX
  8
0
 10
325.010872
 20
70.466918
 42
0.055524
  0
VERTEX
  8
0
 10
324.544844
 20
69.763207
 42
0.064040
  0
VERTEX
  8
0
 10
324.301257
 20
69.087722
 42
0.147199
  0
VERTEX
  8
0
 10
324.340877
 20
68.554072
 42
-0.172628
  0
VERTEX
  8
0
 10
324.351356
 20
68.126820
 42
-0.149823
  0
VERTEX
  8
0
 10
324.091777
 20
67.759187
 42
-0.105393
  0
VERTEX
  8
0
 10
323.576719
 20
67.511302
 42
-0.059707
  0
VERTEX
  8
0
 10
322.886386
 20
67.428571
 42
-0.030027
  0
VERTEX
  8
0
 10
322.163681
 20
67.472012
 42
-0.046721
  0
VERTEX
  8
0
 10
321.554126
 20
67.604133
 42
-0.059246
  0
VERTEX
  8
0
 10
321.129707
 20
67.796307
 42
-0.262616
  0
VERTEX
  8
0
 10
321.000000
 20
68.026227
 42
-0.227258
  0
VERTEX
  8
0
 10
321.357983
 20
68.773164
 42
-0.006476
  0
VERTEX
  8
0
 10
324.223429
 20
71.015454
 42
-0.008219
  0
VERTEX
  8
0
 10
327.100399
 20
73.133457
 42
-0.150476
  0
VERTEX
  8
0
 10
328.166667
 20
73.486166
 42
0.116951
  0
VERTEX
  8
0
 10
328.991252
 20
73.699876
 42
0.140669
  0
VERTEX
  8
0
 10
329.566450
 20
74.253114
 42
0.299650
  0
VERTEX
  8
0
 10
329.538037
 20
74.751760
 42
0.237206
  0
VERTEX
  8
0
 10
329.044222
 20
75.000000
 42
-0.058317
  0
VERTEX
  8
0
 10
328.448170
 20
75.069757
 42
-0.339266
  0
VERTEX
  8
0
 10
328.261022
 20
75.299474
 42
-0.164723
  0
VERTEX
  8
0
 10
328.385015
 20
75.704551
 42
-0.017294
  0
VERTEX
  8
0
 10
329.000000
 20
76.500000
 42
-0.013096
  0
VERTEX
  8
0
 10
330.051857
 20
77.701918
 42
-0.194994
  0
VERTEX
  8
0
 10
330.547296
 20
77.935486
 42
-0.508382
  0
VERTEX
  8
0
 10
330.748491
 20
77.689473
 42
-0.027822
  0
SEQEND
  0
POLYLINE
  8
0
 66
1
 70
1
  0
VERTEX
  8
0
 10
249.000000
 20
76.559017
 42
-0.151918
  0
VERTEX
  8
0
 10
248.934461
 20
76.348290
 42
-0.038439
  0
VERTEX
  8
0
 10
248.706250
 20
76.066025
 42
-0.035638
  0
VERTEX
  8
0
 10
248.382774
 20
75.768994
 42
-0.029505
  0
VERTEX
  8
0
 10
248.000000
 20
75.500000
 42
-0.082592
  0
VERTEX
  8
0
 10
247.617900
 20
75.343488
 42
-0.161196
  0
VERTEX
  8
0
 10
247.293750
 20
75.374600
 42
-0.182303
  0
VERTEX
  8
0
 10
247.078288
 20
75.586039
 42
-0.108972
  0
VERTEX
  8
0
 10
247.000000
 20
75.940983
 42
-0.093332
  0
VERTEX
  8
0
 10
247.076123
 20
76.345238
 42
-0.096420
  0
VERTEX
  8
0
 10
247.293750
 20
76.688914
 42
-0.099167
  0
VERTEX
  8
0
 10
247.618444
 20
76.918938
 42
-0.105053
  0
VERTEX
  8
0
 10
248.000000
 20
77.000000
 42
-0.042167
  0
VERTEX
  8
0
 10
248.382849
 20
76.967655
 42
-0.061769
  0
VERTEX
  8
0
 10
248.706250
 20
76.870461
 42
-0.081139
  0
VERTEX
  8
0
 10
248.925540
 20
76.727648
 42
-0.210953
  0
SEQEND
  0
POLYLINE
  8
0
 66
1
 70
1
  0
VERTEX
  8
0
 10
286.124088
 20
74.733333
 42
-0.011214
  0
VERTEX
  8
0
 10
285.463552
 20
74.106486
 42
-0.400052
  0
VERTEX
  8
0
 10
285.270328
 20
74.111181
 42
-0.286372
  0
VERTEX
  8
0
 10
285.218210
 20
74.336218
 42
-0.008399
  0
VERTEX
  8
0
 10
285.564293
 20
75.293128
 42
-0.036269
  0
VERTEX
  8
0
 10
285.866277
 20
75.940734
 42
-0.070189
  0
VERTEX
  8
0
 10
286.210949
 20
76.395085
 42
-0.120343
  0
VERTEX
  8
0
 10
286.538684
 20
76.592490
 42
-0.278911
  0
VERTEX
  8
0
 10
286.806872
 20
76.526461
 42
-0.207420
  0
VERTEX
  8
0
 10
286.927901
 20
76.220211
 42
-0.082976
  0
VERTEX
  8
0
 10
286.837219
 20
75.768815
 42
-0.063152
  0
VERTEX
  8
0
 10
286.558688
 20
75.246577
 42
-0.043285
  0
SEQEND
  0
POLYLINE
  8
0
 66
1
 70
1
  0
VERTEX
  8
0
 10
307.750000
 20
74.750000
 42
0.082949
  0
VERTEX
  8
0
 10
307.735233
 20
74.286879
 42
0.131556
  0
VERTEX
  8
0
 10
307.887133
 20
73.922794
 42
0.151481
  0
VERTEX
  8
0
 10
308.181168
 20
73.715859
 42
0.122614
  0
VERTEX
  8
0
 10
308.567898
 20
73.689299
 42
-0.444707
  0
VERTEX
  8
0
 10
309.260940
 20
73.149818
 42
-0.051468
  0
VERTEX
  8
0
 10
309.193539
 20
70.932151
 42
-0.044991
  0
VERTEX
  8
0
 10
308.643320
 20
68.507517
 42
-0.177879
  0
VERTEX
  8
0
 10
307.714765
 20
67.323715
 42
-0.093107
  0
VERTEX
  8
0
 10
307.324805
 20
67.173408
 42
-0.354584
  0
VERTEX
  8
0
 10
307.111742
 20
67.289608
 42
-0.161087
  0
VERTEX
  8
0
 10
307.085259
 20
67.664239
 42
-0.029396
  0
VERTEX
  8
0
 10
307.298676
 20
68.335955
 42
0.041352
  0
VERTEX
  8
0
 10
307.484692
 20
68.973826
 42
0.076712
  0
VERTEX
  8
0
 10
307.510488
 20
69.511187
 42
0.124707
  0
VERTEX
  8
0
 10
307.380161
 20
69.864607
 42
0.247202
  0
VERTEX
  8
0
 10
307.123044
 20
70.000000
 42
-0.381474
  0
VERTEX
  8
0
 10
306.713062
 20
70.366066
 42
-0.018609
  0
VERTEX
  8
0
 10
306.563368
 20
72.335995
 42
-0.026321
  0
VERTEX
  8
0
 10
306.592026
 20
74.383134
 42
-0.077931
  0
VERTEX
  8
0
 10
306.900807
 20
75.750000
 42
-0.208376
  0
VERTEX
  8
0
 10
307.195583
 20
76.042898
 42
-0.319804
  0
VERTEX
  8
0
 10
307.530728
 20
75.958134
 42
-0.140599
  0
VERTEX
  8
0
 10
307.767818
 20
75.433798
 42
-0.085882
  0
SEQEND
  0
POLYLINE
  8
0
 66
1
 70
1
  0
VERTEX
  8
0
 10
254.000000
 20
73.105815
 42
-0.260386
  0
VERTEX
  8
0
 10
253.849387
 20
72.836214
 42
-0.053496
  0
VERTEX
  8
0
 10
253.339063
 20
72.592847
 42
-0.043733
  0
VERTEX
  8
0
 10
252.611988
 20
72.406664
 42
-0.028516
  0
VERTEX
  8
0
 10
251.750000
 20
72.314724
 42
-0.015369
  0
VERTEX
  8
0
 10
250.948576
 20
72.299891
 42
-0.086840
  0
VERTEX
  8
0
 10
250.529955
 20
72.378437
 42
-0.540023
  0
VERTEX
  8
0
 10
250.498746
 20
72.516850
 42
-0.109147
  0
VERTEX
  8
0
 10
250.756231
 20
72.687330
 42
0.078285
  0
VERTEX
  8
0
 10
251.194044
 20
72.940132
 42
0.106528
  0
VERTEX
  8
0
 10
251.479481
 20
73.294091
 42
0.123980
  0
VERTEX
  8
0
 10
251.568358
 20
73.692130
 42
0.132404
  0
VERTEX
  8
0
 10
251.454293
 20
74.073956
 42
-0.152126
  0
VERTEX
  8
0
 10
251.380213
 20
74.362105
 42
-0.314911
  0
VERTEX
  8
0
 10
251.515968
 20
74.536857
 42
-0.131081
  0
VERTEX
  8
0
 10
251.886365
 20
74.551496
 42
-0.036325
  0
VERTEX
  8
0
 10
252.448062
 20
74.381557
 42
-0.035679
  0
VERTEX
  8
0
 10
253.042062
 20
74.103555
 42
-0.044772
  0
VERTEX
  8
0
 10
253.544118
 20
73.761150
 42
-0.051244
  0
VERTEX
  8
0
 10
253.893296
 20
73.408441
 42
-0.171134
  0
SEQEND
  0
POLYLINE
  8
0
 66
1
 70
1
  0
VERTEX
  8
0
 10
259.500000
 20
74.000000
 42
-0.082592
  0
VERTEX
  8
0
 10
259.656512
 20
73.617900
 42
-0.161196
  0
VERTEX
  8
0
 10
259.625400
 20
73.293750
 42
-0.182303
  0
VERTEX
  8
0
 10
259.413961
 20
73.078288
 42
-0.108972
  0
VERTEX
  8
0
 10
259.059017
 20
73.000000
 42
-0.093332
  0
VERTEX
  8
0
 10
258.654762
 20
73.076123
 42
-0.096420
  0
VERTEX
  8
0
 10
258.311086
 20
73.293750
 42
-0.099167
  0
VERTEX
  8
0
 10
258.081062
 20
73.618444
 42
-0.105053
  0
VERTEX
  8
0
 10
258.000000
 20
74.000000
 42
-0.042167
  0
VERTEX
  8
0
 10
258.032345
 20
74.382849
 42
-0.061769
  0
VERTEX
  8
0
 10
258.129539
 20
74.706250
 42
-0.081139
  0
VERTEX
  8
0
 10
258.272352
 20
74.925540
 42
-0.210953
  0
VERTEX
  8
0
 10
258.440983
 20
75.000000
 42
-0.151918
  0
VERTEX
  8
0
 10
258.651710
 20
74.934461
 42
-0.038439
  0
VERTEX
  8
0
 10
258.933975
 20
74.706250
 42
-0.035638
  0
VERTEX
  8
0
 10
259.231006
 20
74.382774
 42
-0.029505
  0
SEQEND
  0
POLYLINE
  8
0
 66
1
 70
1
  0
VERTEX
  8
0
 10
271.168450
 20
71.768450
 42
-0.069225
  0
VERTEX
  8
0
 10
270.729330
 20
71.436586
 42
-0.470166
  0
VERTEX
  8
0
 10
270.508441
 20
71.522275
 42
-0.131195
  0
VERTEX
  8
0
 10
270.479614
 20
71.995419
 42
-0.013933
  0
VERTEX
  8
0
 10
270.731213
 20
73.080159
 42
-0.025930
  0
VERTEX
  8
0
 10
271.004403
 20
73.940026
 42
-0.106885
  0
VERTEX
  8
0
 10
271.298474
 20
74.396366
 42
-0.353106
  0
VERTEX
  8
0
 10
271.564152
 20
74.424773
 42
-0.170804
  0
VERTEX
  8
0
 10
271.787763
 20
74.136710
 42
-0.085105
  0
VERTEX
  8
0
 10
271.876600
 20
73.556574
 42
-0.059552
  0
VERTEX
  8
0
 10
271.786200
 20
72.899953
 42
-0.058506
  0
VERTEX
  8
0
 10
271.539971
 20
72.270088
 42
-0.074100
  0
SEQEND
  0
POLYLINE
  8
0
 66
1
 70
1
  0
VERTEX
  8
0
 10
344.666667
 20
73.353764
 42
-0.110926
  0
VERTEX
  8
0
 10
344.552648
 20
72.846146
 42
-0.251505
  0
VERTEX
  8
0
 10
344.245651
 20
72.619425
 42
-0.131609
  0
VERTEX
  8
0
 10
343.703881
 20
72.683869
 42
-0.027830
  0
VERTEX
  8
0
 10
342.833333
 20
73.089197
 42
-0.015932
  0
VERTEX
  8
0
 10
342.131004
 20
73.494368
 42
-0.022869
  0
VERTEX
  8
0
 10
341.538542
 20
73.900432
 42
-0.019964
  0
VERTEX
  8
0
 10
341.093325
 20
74.265275
 42
-0.214285
  0
VERTEX
  8
0
 10
341.000000
 20
74.473035
 42
-0.329984
  0
VERTEX
  8
0
 10
341.109684
 20
74.621134
 42
-0.038155
  0
VERTEX
  8
0
 10
341.538542
 20
74.716852
 42
-0.034039
  0
VERTEX
  8
0
 10
342.130545
 20
74.761495
 42
-0.020603
  0
VERTEX
  8
0
 10
342.833333
 20
74.737601
 42
-0.065137
  0
VERTEX
  8
0
 10
343.534178
 20
74.591680
 42
-0.077961
  0
VERTEX
  8
0
 10
344.128125
 20
74.274133
 42
-0.091128
  0
VERTEX
  8
0
 10
344.526737
 20
73.839734
 42
-0.141103
  0
SEQEND
  0
POLYLINE
  8
0
 66
1
 70
1
  0
VERTEX
  8
0
 10
284.000000
 20
72.000000
 42
0.010487
  0
VERTEX
  8
0
 10
283.197428
 20
71.457144
 42
0.221176
  0
VERTEX
  8
0
 10
283.057755
 20
71.213071
 42
0.410559
  0
VERTEX
  8
0
 10
283.189894
 20
71.054499
 42
0.021532
  0
VERTEX
  8
0
 10
283.916667
 20
71.015313
 42
-0.040751
  0
VERTEX
  8
0
 10
284.420809
 20
70.968665
 42
-0.115533
  0
VERTEX
  8
0
 10
284.743491
 20
70.830802
 42
-0.247775
  0
VERTEX
  8
0
 10
284.839429
 20
70.632810
 42
-0.189947
  0
VERTEX
  8
0
 10
284.742027
 20
70.408694
 42
-0.166862
  0
VERTEX
  8
0
 10
284.369093
 20
70.226370
 42
-0.040793
  0
VERTEX
  8
0
 10
283.675967
 20
70.196894
 42
-0.037316
  0
VERTEX
  8
0
 10
282.831705
 20
70.293250
 42
-0.029783
  0
VERTEX
  8
0
 10
281.943233
 20
70.518017
 42
-0.020356
  0
VERTEX
  8
0
 10
280.853792
 20
70.913274
 42
-0.176710
  0
VERTEX
  8
0
 10
280.478659
 20
71.254810
 42
-0.326512
  0
VERTEX
  8
0
 10
280.534000
 20
71.624066
 42
-0.056625
  0
VERTEX
  8
0
 10
281.117872
 20
72.094011
 42
-0.040543
  0
VERTEX
  8
0
 10
281.756480
 20
72.429353
 42
-0.026914
  0
VERTEX
  8
0
 10
282.534625
 20
72.712236
 42
-0.027109
  0
VERTEX
  8
0
 10
283.325349
 20
72.906295
 42
-0.046648
  0
VERTEX
  8
0
 10
284.000000
 20
72.969374
 42
-0.012417
  0
VERTEX
  8
0
 10
284.866753
 20
72.947847
 42
-0.399741
  0
VERTEX
  8
0
 10
285.000000
 20
72.807812
 42
-0.246842
  0
VERTEX
  8
0
 10
284.886021
 20
72.591006
 42
-0.007261
  0
SEQEND
  0
POLYLINE
  8
0
 66
1
 70
1
  0
VERTEX
  8
0
 10
322.417402
 20
72.133647
 42
-0.206161
  0
VERTEX
  8
0
 10
322.485163
 20
71.675847
 42
-0.059465
  0
VERTEX
  8
0
 10
322.214980
 20
70.996374
 42
-0.049082
  0
VERTEX
  8
0
 10
321.693852
 20
70.226977
 42
-0.035466
  0
VERTEX
  8
0
 10
320.976419
 20
69.478659
 42
0.042192
  0
VERTEX
  8
0
 10
319.726944
 20
68.139854
 42
0.087857
  0
VERTEX
  8
0
 10
319.055749
 20
66.885426
 42
0.414518
  0
VERTEX
  8
0
 10
319.293701
 20
66.416848
 42
0.220622
  0
VERTEX
  8
0
 10
320.003017
 20
66.501864
 42
-0.215423
  0
VERTEX
  8
0
 10
320.365742
 20
66.548996
 42
-0.233573
  0
VERTEX
  8
0
 10
320.623902
 20
66.306526
 42
-0.098011
  0
VERTEX
  8
0
 10
320.721805
 20
65.709037
 42
-0.031534
  0
VERTEX
  8
0
 10
320.635287
 20
64.810881
 42
-0.050815
  0
VERTEX
  8
0
 10
320.358290
 20
63.772227
 42
-0.123422
  0
VERTEX
  8
0
 10
319.908502
 20
63.125609
 42
-0.144850
  0
VERTEX
  8
0
 10
319.258787
 20
62.827850
 42
-0.081012
  0
VERTEX
  8
0
 10
318.382271
 20
62.845069
 42
-0.011615
  0
VERTEX
  8
0
 10
316.924224
 20
63.147531
 42
-0.147456
  0
VERTEX
  8
0
 10
316.443819
 20
63.422959
 42
-0.109907
  0
VERTEX
  8
0
 10
316.135347
 20
63.939339
 42
-0.005213
  0
VERTEX
  8
0
 10
315.517094
 20
65.875229
 42
-0.018746
  0
VERTEX
  8
0
 10
315.233307
 20
66.936828
 42
-0.111052
  0
VERTEX
  8
0
 10
315.231863
 20
67.508045
 42
-0.356569
  0
VERTEX
  8
0
 10
315.465247
 20
67.691844
 42
-0.134717
  0
VERTEX
  8
0
 10
315.892866
 20
67.566212
 42
0.072602
  0
VERTEX
  8
0
 10
316.316435
 20
67.382808
 42
0.148598
  0
VERTEX
  8
0
 10
316.674779
 20
67.394050
 42
0.188653
  0
VERTEX
  8
0
 10
316.911443
 20
67.593114
 42
0.125287
  0
VERTEX
  8
0
 10
317.000000
 20
67.940983
 42
0.093332
  0
VERTEX
  8
0
 10
316.923877
 20
68.345238
 42
0.096420
  0
VERTEX
  8
0
 10
316.706250
 20
68.688914
 42
0.099167
  0
VERTEX
  8
0
 10
316.381556
 20
68.918938
 42
0.105053
  0
VERTEX
  8
0
 10
316.000000
 20
69.000000
 42
-0.105053
  0
VERTEX
  8
0
 10
315.618444
 20
69.081062
 42
-0.099167
  0
VERTEX
  8
0
 10
315.293750
 20
69.311086
 42
-0.096420
  0
VERTEX
  8
0
 10
315.076123
 20
69.654762
 42
-0.093332
  0
VERTEX
  8
0
 10
315.000000
 20
70.059017
 42
-0.117525
  0
VERTEX
  8
0
 10
315.083706
 20
70.410220
 42
-0.186151
  0
VERTEX
  8
0
 10
315.310445
 20
70.615082
 42
-0.154458
  0
VERTEX
  8
0
 10
315.652730
 20
70.635702
 42
-0.076964
  0
VERTEX
  8
0
 10
316.056835
 20
70.464874
 42
0.106624
  0
VERTEX
  8
0
 10
316.640983
 20
70.257497
 42
0.032838
  0
VERTEX
  8
0
 10
317.579022
 20
70.198292
 42
0.031186
  0
VERTEX
  8
0
 10
318.666060
 20
70.269020
 42
0.029653
  0
VERTEX
  8
0
 10
319.754681
 20
70.474565
 42
0.016020
  0
VERTEX
  8
0
 10
321.083931
 20
70.853835
 42
0.154631
  0
VERTEX
  8
0
 10
321.557062
 20
71.189333
 42
0.364701
  0
VERTEX
  8
0
 10
321.537397
 20
71.565233
 42
0.063843
  0
VERTEX
  8
0
 10
320.947845
 20
72.053395
 42
-0.025368
  0
VERTEX
  8
0
 10
320.393190
 20
72.445037
 42
-0.160390
  0
VERTEX
  8
0
 10
320.204198
 20
72.729022
 42
-0.392098
  0
VERTEX
  8
0
 10
320.300052
 20
72.913939
 42
-0.083282
  0
VERTEX
  8
0
 10
320.690983
 20
72.984687
 42
-0.065217
  0
VERTEX
  8
0
 10
321.186267
 20
72.926276
 42
-0.052636
  0
VERTEX
  8
0
 10
321.689399
 20
72.741011
 42
-0.054286
  0
VERTEX
  8
0
 10
322.124792
 20
72.464107
 42
-0.085784
  0
SEQEND
  0
POLYLINE
  8
0
 66
1
 70
1
  0
VERTEX
  8
0
 10
203.000000
 20
71.622445
 42
-0.184603
  0
VERTEX
  8
0
 10
202.918850
 20
71.410139
 42
-0.013803
  0
VERTEX
  8
0
 10
202.485938
 20
70.952641
 42
-0.017649
  0
VERTEX
  8
0
 10
201.920402
 20
70.425681
 42
-0.012436
  0
VERTEX
  8
0
 10
201.250000
 20
69.872445
 42
-0.001576
  0
VERTEX
  8
0
 10
200.120493
 20
68.992360
 42
-0.377591
  0
VERTEX
  8
0
 10
200.000000
 20
69.000000
 42
-0.377591
  0
VERTEX
  8
0
 10
199.992360
 20
69.120493
 42
-0.001576
  0
VERTEX
  8
0
 10
200.872445
 20
70.250000
 42
-0.017685
  0
VERTEX
  8
0
 10
201.763320
 20
71.306759
 42
-0.065617
  0
VERTEX
  8
0
 10
202.426111
 20
71.869516
 42
-0.241985
  0
VERTEX
  8
0
 10
202.806605
 20
71.906950
 42
-0.307699
  0
SEQEND
  0
POLYLINE
  8
0
 66
1
 70
1
  0
VERTEX
  8
0
 10
220.034989
 20
68.178330
 42
0.131049
  0
VERTEX
  8
0
 10
219.618370
 20
67.903965
 42
0.206136
  0
VERTEX
  8
0
 10
219.485126
 20
67.503554
 42
0.114479
  0
VERTEX
  8
0
 10
219.668344
 20
66.938013
 42
0.030543
  0
VERTEX
  8
0
 10
220.208262
 20
66.152754
 42
-0.001951
  0
VERTEX
  8
0
 10
221.017454
 20
65.109039
 42
-0.438205
  0
VERTEX
  8
0
 10
220.998527
 20
64.999047
 42
-0.318293
  0
VERTEX
  8
0
 10
220.863756
 20
65.004700
 42
-0.001663
  0
VERTEX
  8
0
 10
219.761010
 20
65.863307
 42
-0.046852
  0
VERTEX
  8
0
 10
219.138023
 20
66.453676
 42
-0.062350
  0
VERTEX
  8
0
 10
218.701779
 20
67.099476
 42
-0.077441
  0
VERTEX
  8
0
 10
218.506081
 20
67.700076
 42
-0.180418
  0
VERTEX
  8
0
 10
218.597100
 20
68.157112
 42
0.149153
  0
VERTEX
  8
0
 10
218.723236
 20
68.636180
 42
0.059136
  0
VERTEX
  8
0
 10
218.615836
 20
69.315471
 42
0.051560
  0
VERTEX
  8
0
 10
218.315371
 20
70.072190
 42
0.044291
  0
VERTEX
  8
0
 10
217.853323
 20
70.793805
 42
-0.013782
  0
VERTEX
  8
0
 10
217.315880
 20
71.530171
 42
-0.698228
  0
VERTEX
  8
0
 10
217.388887
 20
71.633271
 42
-0.106735
  0
VERTEX
  8
0
 10
217.742838
 20
71.450307
 42
-0.004397
  0
VERTEX
  8
0
 10
218.843960
 20
70.525576
 42
-0.030330
  0
VERTEX
  8
0
 10
219.670395
 20
69.727436
 42
-0.068258
  0
VERTEX
  8
0
 10
220.165537
 20
69.012723
 42
-0.135069
  0
VERTEX
  8
0
 10
220.272891
 20
68.485970
 42
-0.304298
  0
SEQEND
  0
POLYLINE
  8
0
 66
1
 70
1
  0
VERTEX
  8
0
 10
257.729167
 20
71.395833
 42
-0.126455
  0
VERTEX
  8
0
 10
257.402231
 20
71.202593
 42
-0.060344
  0
VERTEX
  8
0
 10
256.916927
 20
71.123424
 42
-0.054150
  0
VERTEX
  8
0
 10
256.359369
 20
71.160852
 42
-0.051402
  0
VERTEX
  8
0
 10
255.812500
 20
71.316886
 42
-0.054073
  0
VERTEX
  8
0
 10
255.395823
 20
71.538436
 42
-0.470617
  0
VERTEX
  8
0
 10
255.378580
 20
71.720685
 42
-0.168741
  0
VERTEX
  8
0
 10
255.670344
 20
71.862007
 42
-0.018894
  0
VERTEX
  8
0
 10
256.416667
 20
71.921053
 42
-0.028489
  0
VERTEX
  8
0
 10
257.112848
 20
71.910055
 42
-0.077125
  0
VERTEX
  8
0
 10
257.592839
 20
71.799335
 42
-0.208169
  0
VERTEX
  8
0
 10
257.775380
 20
71.614691
 42
-0.296942
  0
SEQEND
  0
POLYLINE
  8
0
 66
1
 70
1
  0
VERTEX
  8
0
 10
295.666667
 20
70.500000
 42
-0.083601
  0
VERTEX
  8
0
 10
295.570210
 20
69.927149
 42
-0.092916
  0
VERTEX
  8
0
 10
295.292336
 20
69.440625
 42
-0.100545
  0
VERTEX
  8
0
 10
294.878415
 20
69.115280
 42
-0.116963
  0
VERTEX
  8
0
 10
294.392350
 20
69.000000
 42
-0.111025
  0
VERTEX
  8
0
 10
293.277107
 20
69.250732
 42
-0.169462
  0
VERTEX
  8
0
 10
292.577325
 20
69.940270
 42
-0.238080
  0
VERTEX
  8
0
 10
292.585629
 20
70.737025
 42
-0.179307
  0
VERTEX
  8
0
 10
293.243769
 20
71.335642
 42
-0.018448
  0
VERTEX
  8
0
 10
294.606089
 20
71.827278
 42
-0.161780
  0
VERTEX
  8
0
 10
295.238982
 20
71.820102
 42
-0.264872
  0
VERTEX
  8
0
 10
295.570683
 20
71.442538
 42
-0.050787
  0
SEQEND
  0
POLYLINE
  8
0
 66
1
 70
1
  0
VERTEX
  8
0
 10
331.349337
 20
70.532025
 42
-0.052140
  0
VERTEX
  8
0
 10
331.509264
 20
69.936181
 42
-0.063531
  0
VERTEX
  8
0
 10
331.527236
 20
69.359336
 42
-0.075558
  0
VERTEX
  8
0
 10
331.408436
 20
68.887340
 42
-0.156206
  0
VERTEX
  8
0
 10
331.163912
 20
68.601303
 42
-0.259868
  0
VERTEX
  8
0
 10
330.868239
 20
68.587963
 42
-0.140997
  0
VERTEX
  8
0
 10
330.592392
 20
68.841638
 42
-0.079088
  0
VERTEX
  8
0
 10
330.379055
 20
69.361741
 42
-0.039075
  0
VERTEX
  8
0
 10
330.269735
 20
70.069278
 42
-0.016440
  0
VERTEX
  8
0
 10
330.207033
 20
71.550408
 42
-0.302580
  0
VERTEX
  8
0
 10
330.451701
 20
71.925310
 42
-0.402215
  0
VERTEX
  8
0
 10
330.807591
 20
71.791397
 42
-0.019920
  0
SEQEND
  0
POLYLINE
  8
0
 66
1
 70
1
  0
VERTEX
  8
0
 10
336.342009
 20
70.675343
 42
-0.411377
  0
VERTEX
  8
0
 10
336.589903
 20
70.676544
 42
-0.124544
  0
VERTEX
  8
0
 10
336.806715
 20
70.320747
 42
-0.052658
  0
VERTEX
  8
0
 10
336.954279
 20
69.570662
 42
-0.022261
  0
VERTEX
  8
0
 10
337.000000
 20
68.544222
 42
0.015995
  0
VERTEX
  8
0
 10
337.046691
 20
67.085039
 42
0.160443
  0
VERTEX
  8
0
 10
337.271086
 20
66.526709
 42
0.345495
  0
VERTEX
  8
0
 10
337.674980
 20
66.442663
 42
0.058209
  0
VERTEX
  8
0
 10
338.383217
 20
66.903079
 42
-0.038808
  0
VERTEX
  8
0
 10
339.094459
 20
67.405648
 42
-0.172031
  0
VERTEX
  8
0
 10
339.589116
 20
67.504295
 42
-0.208680
  0
VERTEX
  8
0
 10
339.976560
 20
67.263895
 42
-0.059469
  0
VERTEX
  8
0
 10
340.314316
 20
66.623289
 42
-0.041478
  0
VERTEX
  8
0
 10
340.484864
 20
66.037910
 42
-0.047754
  0
VERTEX
  8
0
 10
340.545904
 20
65.459581
 42
-0.054039
  0
VERTEX
  8
0
 10
340.497700
 20
64.970554
 42
-0.145813
  0
VERTEX
  8
0
 10
340.333333
 20
64.666667
 42
-0.259663
  0
VERTEX
  8
0
 10
339.335502
 20
64.382657
 42
-0.106105
  0
VERTEX
  8
0
 10
338.017775
 20
65.006609
 42
-0.064708
  0
VERTEX
  8
0
 10
336.504462
 20
66.512329
 42
-0.031419
  0
VERTEX
  8
0
 10
334.970607
 20
68.774390
 42
-0.013301
  0
VERTEX
  8
0
 10
334.241458
 20
70.088882
 42
-0.049202
  0
VERTEX
  8
0
 10
333.888640
 20
70.968341
 42
-0.344151
  0
VERTEX
  8
0
 10
333.987775
 20
71.216749
 42
-0.315069
  0
VERTEX
  8
0
 10
334.266531
 20
71.193762
 42
0.047996
  0
VERTEX
  8
0
 10
334.857520
 20
70.792210
 42
0.064116
  0
VERTEX
  8
0
 10
335.460916
 20
70.556207
 42
0.079985
  0
VERTEX
  8
0
 10
335.984706
 20
70.511501
 42
0.179624
  0
SEQEND
  0
POLYLINE
  8
0
 66
1
 70
1
  0
VERTEX
  8
0
 10
345.000000
 20
65.893011
 42
-0.013557
  0
VERTEX
  8
0
 10
344.931627
 20
63.371794
 42
-0.068088
  0
VERTEX
  8
0
 10
344.665441
 20
61.989131
 42
-0.149215
  0
VERTEX
  8
0
 10
344.151345
 20
61.272659
 42
-0.164498
  0
VERTEX
  8
0
 10
343.345012
 20
61.000000
 42
0.025779
  0
VERTEX
  8
0
 10
342.394959
 20
60.950984
 42
0.384330
  0
VERTEX
  8
0
 10
342.190025
 20
60.723753
 42
0.177905
  0
VERTEX
  8
0
 10
342.338887
 20
60.318620
 42
0.007828
  0
VERTEX
  8
0
 10
343.345012
 20
59.171259
 42
-0.111229
  0
VERTEX
  8
0
 10
344.192178
 20
57.670909
 42
-0.043729
  0
VERTEX
  8
0
 10
344.678444
 20
55.333015
 42
-0.024307
  0
VERTEX
  8
0
 10
344.933819
 20
51.641136
 42
-0.005114
  0
VERTEX
  8
0
 10
345.000000
 20
45.171259
 42
-0.005961
  0
VERTEX
  8
0
 10
344.937098
 20
39.894950
 42
-0.015739
  0
VERTEX
  8
0
 10
344.728248
 20
36.123245
 42
-0.012711
  0
VERTEX
  8
0
 10
344.423681
 20
33.420448
 42
-0.374453
  0
VERTEX
  8
0
 10
343.940983
 20
33.000000
 42
-0.145277
  0
VERTEX
  8
0
 10
343.597738
 20
33.101882
 42
-0.184316
  0
VERTEX
  8
0
 10
343.404631
 20
33.367188
 42
-0.132474
  0
VERTEX
  8
0
 10
343.404134
 20
33.771431
 42
-0.065232
  0
VERTEX
  8
0
 10
343.602233
 20
34.250000
 42
0.336818
  0
VERTEX
  8
0
 10
343.577335
 20
34.444961
 42
0.340241
  0
VERTEX
  8
0
 10
343.383685
 20
34.471875
 42
0.043270
  0
VERTEX
  8
0
 10
342.757638
 20
34.039613
 42
0.011724
  0
VERTEX
  8
0
 10
341.846799
 20
33.250000
 42
-0.020759
  0
VERTEX
  8
0
 10
340.030430
 20
31.731970
 42
-0.088922
  0
VERTEX
  8
0
 10
338.781894
 20
31.086289
 42
-0.498322
  0
VERTEX
  8
0
 10
338.385196
 20
31.372327
 42
-0.138524
  0
VERTEX
  8
0
 10
338.612877
 20
32.250000
 42
0.153575
  0
VERTEX
  8
0
 10
338.677434
 20
32.532909
 42
0.503681
  0
VERTEX
  8
0
 10
338.540689
 20
32.618109
 42
0.071136
  0
VERTEX
  8
0
 10
338.073645
 20
32.351931
 42
0.014664
  0
VERTEX
  8
0
 10
337.340743
 20
31.747818
 42
-0.028498
  0
VERTEX
  8
0
 10
336.532020
 20
31.117942
 42
-0.043389
  0
VERTEX
  8
0
 10
335.759032
 20
30.677399
 42
-0.052683
  0
VERTEX
  8
0
 10
335.121870
 20
30.461987
 42
-0.256979
  0
VERTEX
  8
0
 10
334.768984
 20
30.564349
 42
0.152321
  0
VERTEX
  8
0
 10
334.504627
 20
30.703013
 42
0.129945
  0
VERTEX
  8
0
 10
334.189642
 20
30.678496
 42
0.102551
  0
VERTEX
  8
0
 10
333.869073
 20
30.486117
 42
0.068187
  0
VERTEX
  8
0
 10
333.595373
 20
30.154316
 42
0.328937
  0
VERTEX
  8
0
 10
333.638684
 20
29.627323
 42
0.231799
  0
VERTEX
  8
0
 10
334.208357
 20
29.388036
 42
0.080930
  0
VERTEX
  8
0
 10
335.406245
 20
29.655147
 42
0.044402
  0
VERTEX
  8
0
 10
336.750000
 20
30.337137
 42
-0.058112
  0
VERTEX
  8
0
 10
337.229043
 20
30.564010
 42
-0.125586
  0
VERTEX
  8
0
 10
337.632812
 20
30.594896
 42
-0.192178
  0
VERTEX
  8
0
 10
337.896272
 20
30.432188
 42
-0.160821
  0
VERTEX
  8
0
 10
338.000000
 20
30.118034
 42
-0.166563
  0
VERTEX
  8
0
 10
337.711851
 20
29.277045
 42
-0.066791
  0
VERTEX
  8
0
 10
336.833354
 20
28.412799
 42
-0.062825
  0
VERTEX
  8
0
 10
335.666693
 20
27.747362
 42
-0.088594
  0
VERTEX
  8
0
 10
334.500000
 20
27.491190
 42
0.157984
  0
VERTEX
  8
0
 10
334.127602
 20
27.354074
 42
0.101324
  0
VERTEX
  8
0
 10
333.827354
 20
26.999532
 42
0.081988
  0
VERTEX
  8
0
 10
333.645111
 20
26.479551
 42
0.061532
  0
VERTEX
  8
0
 10
333.614395
 20
25.872839
 42
-0.126106
  0
VERTEX
  8
0
 10
333.483912
 20
25.149876
 42
-0.189884
  0
VERTEX
  8
0
 10
333.027882
 20
24.711163
 42
-0.101743
  0
VERTEX
  8
0
 10
332.138526
 20
24.542005
 42
-0.023730
  0
VERTEX
  8
0
 10
330.614395
 20
24.637055
 42
0.014105
  0
VERTEX
  8
0
 10
329.337933
 20
24.741351
 42
0.081803
  0
VERTEX
  8
0
 10
328.668423
 20
24.667458
 42
0.451260
  0
VERTEX
  8
0
 10
328.561703
 20
24.446434
 42
0.152377
  0
VERTEX
  8
0
 10
328.823889
 20
24.135411
 42
-0.066747
  0
VERTEX
  8
0
 10
329.421454
 20
23.630797
 42
-0.213671
  0
VERTEX
  8
0
 10
329.579382
 20
23.146503
 42
-0.144286
  0
VERTEX
  8
0
 10
329.341424
 20
22.571502
 42
-0.026613
  0
VERTEX
  8
0
 10
328.566259
 20
21.709116
 42
0.052006
  0
VERTEX
  8
0
 10
327.815576
 20
20.783617
 42
0.119053
  0
VERTEX
  8
0
 10
327.517465
 20
19.942401
 42
0.101538
  0
VERTEX
  8
0
 10
327.613711
 20
18.971432
 42
0.031597
  0
VERTEX
  8
0
 10
328.138598
 20
17.595156
 42
0.038587
  0
VERTEX
  8
0
 10
328.650551
 20
16.668327
 42
0.061803
  0
VERTEX
  8
0
 10
329.235667
 20
15.981001
 42
0.086687
  0
VERTEX
  8
0
 10
329.799034
 20
15.620567
 42
0.242014
  0
VERTEX
  8
0
 10
330.252991
 20
15.656357
 42
0.082180
  0
VERTEX
  8
0
 10
330.585949
 20
15.946953
 42
0.185969
  0
VERTEX
  8
0
 10
330.689963
 20
16.259253
 42
0.173853
  0
VERTEX
  8
0
 10
330.559614
 20
16.575909
 42
0.070731
  0
VERTEX
  8
0
 10
330.196438
 20
16.878594
 42
-0.401471
  0
VERTEX
  8
0
 10
329.914333
 20
17.966717
 42
-0.053451
  0
VERTEX
  8
0
 10
331.423302
 20
20.095320
 42
-0.048710
  0
VERTEX
  8
0
 10
333.541655
 20
22.068681
 42
-0.164622
  0
VERTEX
  8
0
 10
335.308673
 20
22.666667
 42
-0.073728
  0
VERTEX
  8
0
 10
335.954936
 20
22.570850
 42
-0.088056
  0
VERTEX
  8
0
 10
336.503173
 20
22.292336
 42
-0.100597
  0
VERTEX
  8
0
 10
336.869669
 20
21.878309
 42
-0.131769
  0
VERTEX
  8
0
 10
337.000000
 20
21.392350
 42
0.131630
  0
VERTEX
  8
0
 10
337.267583
 20
20.393543
 42
0.095742
  0
VERTEX
  8
0
 10
338.024735
 20
19.520477
 42
0.116306
  0
VERTEX
  8
0
 10
338.932771
 20
19.099727
 42
0.252079
  0
VERTEX
  8
0
 10
339.647551
 20
19.314218
 42
0.217246
  0
VERTEX
  8
0
 10
339.773162
 20
19.650422
 42
0.041340
  0
VERTEX
  8
0
 10
339.671125
 20
20.312470
 42
0.037351
  0
VERTEX
  8
0
 10
339.410736
 20
21.124735
 42
0.026634
  0
VERTEX
  8
0
 10
339.005326
 20
21.990048
 42
-0.007193
  0
VERTEX
  8
0
 10
338.317840
 20
23.320275
 42
-0.275439
  0
VERTEX
  8
0
 10
338.341986
 20
23.641957
 42
-0.367846
  0
VERTEX
  8
0
 10
338.613381
 20
23.712227
 42
-0.009947
  0
VERTEX
  8
0
 10
339.792823
 20
23.110878
 42
0.036365
  0
VERTEX
  8
0
 10
340.583450
 20
22.759038
 42
0.047163
  0
VERTEX
  8
0
 10
341.351420
 20
22.561515
 42
0.055176
  0
VERTEX
  8
0
 10
341.990831
 20
22.531282
 42
0.182591
  0
VERTEX
  8
0
 10
342.368517
 20
22.701850
 42
-0.095567
  0
VERTEX
  8
0
 10
342.609350
 20
22.864796
 42
-0.241070
  0
VERTEX
  8
0
 10
342.814502
 20
22.850654
 42
-0.194002
  0
VERTEX
  8
0
 10
342.954771
 20
22.664450
 42
-0.065687
  0
VERTEX
  8
0
 10
343.000000
 20
22.321654
 42
-0.124494
  0
VERTEX
  8
0
 10
342.871733
 20
21.814486
 42
-0.030305
  0
VERTEX
  8
0
 10
342.412500
 20
21.075476
 42
-0.029203
  0
VERTEX
  8
0
 10
341.765540
 20
20.267206
 42
-0.025466
  0
VERTEX
  8
0
 10
341.000000
 20
19.500000
 42
0.065029
  0
VERTEX
  8
0
 10
340.230780
 20
18.596617
 42
0.042446
  0
VERTEX
  8
0
 10
339.584794
 20
17.387383
 42
0.042113
  0
VERTEX
  8
0
 10
339.146273
 20
16.071261
 42
0.059432
  0
VERTEX
  8
0
 10
339.000000
 20
14.845012
 42
-0.026699
  0
VERTEX
  8
0
 10
338.890253
 20
12.791186
 42
-0.276899
  0
VERTEX
  8
0
 10
338.400667
 20
12.143183
 42
-0.295963
  0
VERTEX
  8
0
 10
337.629721
 20
12.293046
 42
-0.029181
  0
VERTEX
  8
0
 10
336.286085
 20
13.750000
 42
0.010092
  0
VERTEX
  8
0
 10
335.759878
 20
14.366186
 42
0.097447
  0
VERTEX
  8
0
 10
335.487086
 20
14.573363
 42
0.665483
  0
VERTEX
  8
0
 10
335.407475
 20
14.503664
 42
0.038993
  0
VERTEX
  8
0
 10
335.580351
 20
14.095492
 42
-0.024348
  0
VERTEX
  8
0
 10
335.854793
 20
13.496914
 42
-0.237710
  0
VERTEX
  8
0
 10
335.831714
 20
13.227812
 42
-0.368293
  0
VERTEX
  8
0
 10
335.628097
 20
13.161974
 42
-0.040160
  0
VERTEX
  8
0
 10
335.154508
 20
13.404508
 42
-0.122838
  0
VERTEX
  8
0
 10
334.305883
 20
14.274841
 42
-0.159567
  0
VERTEX
  8
0
 10
334.073094
 20
15.357164
 42
-0.112823
  0
VERTEX
  8
0
 10
334.518189
 20
16.659567
 42
-0.045422
  0
VERTEX
  8
0
 10
335.654988
 20
18.171259
 42
0.054415
  0
VERTEX
  8
0
 10
336.546310
 20
19.401881
 42
0.468597
  0
VERTEX
  8
0
 10
336.338376
 20
19.957161
 42
0.232101
  0
VERTEX
  8
0
 10
335.436455
 20
19.848357
 42
0.038030
  0
VERTEX
  8
0
 10
333.998228
 20
18.750000
 42
-0.002547
  0
VERTEX
  8
0
 10
333.166535
 20
18.015928
 42
-0.606101
  0
VERTEX
  8
0
 10
333.091500
 20
18.045182
 42
-0.190155
  0
VERTEX
  8
0
 10
333.134831
 20
18.203868
 42
-0.001505
  0
VERTEX
  8
0
 10
333.940729
 20
19.274166
 42
0.037362
  0
VERTEX
  8
0
 10
334.978288
 20
20.879734
 42
0.453841
  0
VERTEX
  8
0
 10
334.753972
 20
21.488467
 42
0.278595
  0
VERTEX
  8
0
 10
333.891046
 20
21.333439
 42
0.030922
  0
VERTEX
  8
0
 10
332.410536
 20
19.860031
 42
0.020451
  0
VERTEX
  8
0
 10
331.524691
 20
18.775898
 42
0.104990
  0
VERTEX
  8
0
 10
331.199319
 20
18.075648
 42
0.233905
  0
VERTEX
  8
0
 10
331.313696
 20
17.595367
 42
0.136248
  0
VERTEX
  8
0
 10
331.811131
 20
17.250190
 42
-0.091384
  0
VERTEX
  8
0
 10
332.368138
 20
16.932700
 42
-0.253721
  0
VERTEX
  8
0
 10
332.527242
 20
16.526732
 42
-0.131823
  0
VERTEX
  8
0
 10
332.296341
 20
15.957860
 42
-0.021967
  0
VERTEX
  8
0
 10
331.537021
 20
15.040907
 42
0.109624
  0
VERTEX
  8
0
 10
330.568459
 20
13.338189
 42
0.178258
  0
VERTEX
  8
0
 10
330.657213
 20
11.696189
 42
0.163875
  0
VERTEX
  8
0
 10
331.814747
 20
10.407080
 42
0.090801
  0
VERTEX
  8
0
 10
333.834634
 20
9.708088
 42
-0.714245
  0
VERTEX
  8
0
 10
333.863177
 20
9.549707
 42
-0.104739
  0
VERTEX
  8
0
 10
333.367049
 20
9.396272
 42
-0.015381
  0
VERTEX
  8
0
 10
331.409991
 20
9.277805
 42
-0.004939
  0
VERTEX
  8
0
 10
328.500000
 20
9.220117
 42
-0.006438
  0
VERTEX
  8
0
 10
325.050957
 20
9.230232
 42
-0.028369
  0
VERTEX
  8
0
 10
323.023651
 20
9.377535
 42
-0.160784
  0
VERTEX
  8
0
 10
322.437789
 20
9.659163
 42
-0.536218
  0
VERTEX
  8
0
 10
322.500000
 20
10.000000
 42
0.009924
  0
VERTEX
  8
0
 10
323.638394
 20
10.516185
 42
0.495865
  0
VERTEX
  8
0
 10
323.681752
 20
10.725158
 42
0.205760
  0
VERTEX
  8
0
 10
323.376052
 20
10.872393
 42
0.004494
  0
VERTEX
  8
0
 10
321.690983
 20
10.929715
 42
0.030274
  0
VERTEX
  8
0
 10
320.609693
 20
10.891299
 42
0.076465
  0
VERTEX
  8
0
 10
319.848743
 20
10.698071
 42
0.162994
  0
VERTEX
  8
0
 10
319.494162
 20
10.384273
 42
0.275888
  0
VERTEX
  8
0
 10
319.500000
 20
10.000000
 42
-0.384351
  0
VERTEX
  8
0
 10
319.426337
 20
9.595907
 42
-0.099296
  0
VERTEX
  8
0
 10
318.778519
 20
9.276033
 42
-0.048038
  0
VERTEX
  8
0
 10
317.551583
 20
9.072099
 42
-0.018067
  0
VERTEX
  8
0
 10
315.809017
 20
9.015313
 42
-0.009870
  0
VERTEX
  8
0
 10
313.763292
 20
9.062973
 42
-0.073665
  0
VERTEX
  8
0
 10
312.811761
 20
9.246067
 42
-0.417353
  0
VERTEX
  8
0
 10
312.657925
 20
9.570405
 42
-0.163739
  0
VERTEX
  8
0
 10
313.000000
 20
10.000000
 42
0.023743
  0
VERTEX
  8
0
 10
313.523625
 20
10.374779
 42
0.074819
  0
VERTEX
  8
0
 10
313.818080
 20
10.689119
 42
0.264328
  0
VERTEX
  8
0
 10
313.834851
 20
10.882392
 42
0.288062
  0
VERTEX
  8
0
 10
313.678571
 20
10.984687
 42
-0.392284
  0
VERTEX
  8
0
 10
313.518005
 20
11.139239
 42
-0.131896
  0
VERTEX
  8
0
 10
313.590625
 20
11.487690
 42
-0.055880
  0
VERTEX
  8
0
 10
313.945722
 20
12.030404
 42
-0.023595
  0
VERTEX
  8
0
 10
314.532676
 20
12.675533
 42
-0.040426
  0
VERTEX
  8
0
 10
315.473115
 20
13.475062
 42
-0.121635
  0
VERTEX
  8
0
 10
316.249154
 20
13.786553
 42
-0.128089
  0
VERTEX
  8
0
 10
317.056455
 20
13.693162
 42
-0.047107
  0
VERTEX
  8
0
 10
318.090535
 20
13.175533
 42
0.013221
  0
VERTEX
  8
0
 10
319.867990
 20
12.129773
 42
0.239194
  0
VERTEX
  8
0
 10
320.507503
 20
12.106868
 42
0.404058
  0
VERTEX
  8
0
 10
320.683433
 20
12.561759
 42
0.023112
  0
VERTEX
  8
0
 10
319.974280
 20
14.048058
 42
0.056893
  0
VERTEX
  8
0
 10
319.381684
 20
14.904916
 42
0.096795
  0
VERTEX
  8
0
 10
318.695389
 20
15.436546
 42
0.108307
  0
VERTEX
  8
0
 10
317.916971
 20
15.635576
 42
0.085679
  0
VERTEX
  8
0
 10
317.054005
 20
15.517141
 42
-0.122911
  0
VERTEX
  8
0
 10
315.264251
 20
15.404710
 42
-0.044199
  0
VERTEX
  8
0
 10
312.786260
 20
16.091041
 42
-0.042090
  0
VERTEX
  8
0
 10
310.592103
 20
17.131165
 42
-0.267093
  0
VERTEX
  8
0
 10
310.000000
 20
18.160515
 42
-0.222383
  0
VERTEX
  8
0
 10
310.292567
 20
18.785785
 42
-0.219336
  0
VERTEX
  8
0
 10
310.962691
 20
18.966692
 42
-0.138219
  0
VERTEX
  8
0
 10
311.801582
 20
18.568827
 42
-0.104282
  0
VERTEX
  8
0
 10
312.418174
 20
17.750000
 42
0.560603
  0
VERTEX
  8
0
 10
312.567530
 20
17.733310
 42
0.165405
  0
VERTEX
  8
0
 10
312.662914
 20
18.009666
 42
0.028515
  0
VERTEX
  8
0
 10
312.612343
 20
18.971838
 42
0.009185
  0
VERTEX
  8
0
 10
312.430064
 20
20.389289
 42
0.000000
  0
VERTEX
  8
0
 10
311.857112
 20
24.278578
 42
0.000000
  0
VERTEX
  8
0
 10
314.986592
 20
23.652682
 42
0.005694
  0
VERTEX
  8
0
 10
316.899999
 20
23.292613
 42
0.179389
  0
VERTEX
  8
0
 10
317.363920
 20
23.377216
 42
0.467670
  0
VERTEX
  8
0
 10
317.411141
 20
23.668881
 42
0.017754
  0
VERTEX
  8
0
 10
316.558036
 20
24.584821
 42
-0.047336
  0
VERTEX
  8
0
 10
315.962873
 20
25.304769
 42
-0.037868
  0
VERTEX
  8
0
 10
315.462171
 20
26.178265
 42
-0.039150
  0
VERTEX
  8
0
 10
315.121473
 20
27.065780
 42
-0.074486
  0
VERTEX
  8
0
 10
315.015313
 20
27.821429
 42
-0.038690
  0
VERTEX
  8
0
 10
315.067584
 20
28.424472
 42
-0.169483
  0
VERTEX
  8
0
 10
315.236402
 20
28.733798
 42
-0.327214
  0
VERTEX
  8
0
 10
315.478085
 20
28.758773
 42
-0.102273
  0
VERTEX
  8
0
 10
315.765313
 20
28.500000
 42
0.182635
  0
VERTEX
  8
0
 10
316.851781
 20
27.794561
 42
0.022915
  0
VERTEX
  8
0
 10
319.666675
 20
27.314927
 42
0.020323
  0
VERTEX
  8
0
 10
322.456592
 20
27.084774
 42
0.426471
  0
VERTEX
  8
0
 10
323.000000
 20
27.605998
 42
0.116927
  0
VERTEX
  8
0
 10
322.703848
 20
28.855075
 42
0.050735
  0
VERTEX
  8
0
 10
321.781240
 20
30.304094
 42
0.051908
  0
VERTEX
  8
0
 10
320.698597
 20
31.415959
 42
0.322690
  0
VERTEX
  8
0
 10
319.949827
 20
31.468991
 42
-0.301153
  0
VERTEX
  8
0
 10
319.283738
 20
31.489950
 42
-0.291434
  0
VERTEX
  8
0
 10
319.028283
 20
32.116480
 42
-0.099304
  0
VERTEX
  8
0
 10
319.524562
 20
33.366373
 42
-0.088152
  0
VERTEX
  8
0
 10
320.481342
 20
34.389757
 42
0.063853
  0
VERTEX
  8
0
 10
321.080026
 20
34.971101
 42
0.114918
  0
VERTEX
  8
0
 10
321.372330
 20
35.586033
 42
0.120508
  0
VERTEX
  8
0
 10
321.355850
 20
36.246052
 42
0.074521
  0
VERTEX
  8
0
 10
321.042392
 20
36.960237
 42
0.066225
  0
VERTEX
  8
0
 10
320.465502
 20
37.652681
 42
0.223341
  0
VERTEX
  8
0
 10
319.917759
 20
37.824795
 42
0.131878
  0
VERTEX
  8
0
 10
319.233147
 20
37.537557
 42
0.019019
  0
VERTEX
  8
0
 10
318.061050
 20
36.555249
 42
0.023300
  0
VERTEX
  8
0
 10
317.272068
 20
35.771368
 42
0.027578
  0
VERTEX
  8
0
 10
316.605433
 20
34.958546
 42
0.028154
  0
VERTEX
  8
0
 10
316.128765
 20
34.223758
 42
0.130528
  0
VERTEX
  8
0
 10
316.000000
 20
33.738917
 42
-0.129166
  0
VERTEX
  8
0
 10
315.853231
 20
33.180253
 42
-0.012435
  0
VERTEX
  8
0
 10
315.126614
 20
31.964457
 42
-0.015165
  0
VERTEX
  8
0
 10
314.165490
 20
30.540979
 42
-0.011411
  0
VERTEX
  8
0
 10
313.026770
 20
29.033801
 42
0.013693
  0
VERTEX
  8
0
 10
311.922984
 20
27.558916
 42
0.021938
  0
VERTEX
  8
0
 10
311.073037
 20
26.236422
 42
0.017613
  0
VERTEX
  8
0
 10
310.490145
 20
25.149179
 42
0.320962
  0
VERTEX
  8
0
 10
310.550936
 20
24.782397
 42
-0.257355
  0
VERTEX
  8
0
 10
310.632265
 20
24.501285
 42
-0.074935
  0
VERTEX
  8
0
 10
310.462688
 20
24.066330
 42
-0.054902
  0
VERTEX
  8
0
 10
310.089137
 20
23.555104
 42
-0.034350
  0
VERTEX
  8
0
 10
309.552045
 20
23.043193
 42
-0.052986
  0
VERTEX
  8
0
 10
308.716428
 20
22.487504
 42
-0.150101
  0
VERTEX
  8
0
 10
308.035449
 20
22.361474
 42
-0.131560
  0
VERTEX
  8
0
 10
307.344225
 20
22.634833
 42
-0.036813
  0
VERTEX
  8
0
 10
306.456450
 20
23.400693
 42
-0.008939
  0
VERTEX
  8
0
 10
305.519362
 20
24.371901
 42
-0.185125
  0
VERTEX
  8
0
 10
305.370371
 20
24.741129
 42
-0.388262
  0
VERTEX
  8
0
 10
305.557811
 20
24.953439
 42
-0.026717
  0
VERTEX
  8
0
 10
306.428571
 20
25.000000
 42
0.061768
  0
VERTEX
  8
0
 10
307.029450
 20
25.074515
 42
0.080164
  0
VERTEX
  8
0
 10
307.538393
 20
25.293750
 42
0.097780
  0
VERTEX
  8
0
 10
307.879052
 20
25.618614
 42
0.154765
  0
VERTEX
  8
0
 10
308.000000
 20
26.000000
 42
0.192110
  0
VERTEX
  8
0
 10
307.713299
 20
26.718651
 42
0.242371
  0
VERTEX
  8
0
 10
307.046747
 20
26.951464
 42
0.127840
  0
VERTEX
  8
0
 10
306.077187
 20
26.548565
 42
0.057547
  0
VERTEX
  8
0
 10
305.073886
 20
25.589028
 42
0.040308
  0
VERTEX
  8
0
 10
304.585774
 20
24.893837
 42
0.124697
  0
VERTEX
  8
0
 10
304.426553
 20
24.347273
 42
0.170936
  0
VERTEX
  8
0
 10
304.567895
 20
23.895552
 42
0.094120
  0
VERTEX
  8
0
 10
305.000000
 20
23.500000
 42
-0.096354
  0
VERTEX
  8
0
 10
305.429446
 20
23.103374
 42
-0.170683
  0
VERTEX
  8
0
 10
305.567944
 20
22.647403
 42
-0.123127
  0
VERTEX
  8
0
 10
305.403834
 20
22.093912
 42
-0.039887
  0
VERTEX
  8
0
 10
304.908748
 20
21.390048
 42
0.091962
  0
VERTEX
  8
0
 10
304.014943
 20
19.789570
 42
0.046121
  0
VERTEX
  8
0
 10
303.476569
 20
17.528288
 42
0.071211
  0
VERTEX
  8
0
 10
303.477633
 20
15.826698
 42
0.540333
  0
VERTEX
  8
0
 10
304.076061
 20
15.547008
 42
-0.168656
  0
VERTEX
  8
0
 10
304.358801
 20
15.610058
 42
-0.310400
  0
VERTEX
  8
0
 10
304.528840
 20
15.461912
 42
-0.120801
  0
VERTEX
  8
0
 10
304.533471
 20
15.066554
 42
-0.034434
  0
VERTEX
  8
0
 10
304.352161
 20
14.475334
 42
-0.138649
  0
VERTEX
  8
0
 10
303.339711
 20
13.121024
 42
-0.064857
  0
VERTEX
  8
0
 10
301.427568
 20
12.016602
 42
-0.064372
  0
VERTEX
  8
0
 10
299.271129
 20
11.429822
 42
-0.126548
  0
VERTEX
  8
0
 10
297.517113
 20
11.631807
 42
0.100067
  0
VERTEX
  8
0
 10
296.882530
 20
11.738738
 42
0.105335
  0
VERTEX
  8
0
 10
296.268792
 20
11.586967
 42
0.101601
  0
VERTEX
  8
0
 10
295.753646
 20
11.191411
 42
0.086981
  0
VERTEX
  8
0
 10
295.401441
 20
10.603754
 42
-0.068149
  0
VERTEX
  8
0
 10
295.064490
 20
9.990613
 42
-0.062754
  0
VERTEX
  8
0
 10
294.566824
 20
9.471103
 42
-0.066690
  0
VERTEX
  8
0
 10
293.990901
 20
9.119313
 42
-0.104164
  0
VERTEX
  8
0
 10
293.424396
 20
9.000000
 42
-0.110993
  0
VERTEX
  8
0
 10
292.932776
 20
9.110494
 42
-0.157987
  0
VERTEX
  8
0
 10
292.609288
 20
9.415225
 42
-0.139038
  0
VERTEX
  8
0
 10
292.501426
 20
9.885283
 42
-0.079080
  0
VERTEX
  8
0
 10
292.623120
 20
10.460249
 42
0.074783
  0
VERTEX
  8
0
 10
292.763391
 20
11.096119
 42
0.230220
  0
VERTEX
  8
0
 10
292.602505
 20
11.493469
 42
0.180430
  0
VERTEX
  8
0
 10
292.147029
 20
11.673548
 42
0.045981
  0
VERTEX
  8
0
 10
291.341735
 20
11.615134
 42
-0.091746
  0
VERTEX
  8
0
 10
290.510569
 20
11.630655
 42
-0.050101
  0
VERTEX
  8
0
 10
289.533679
 20
11.934740
 42
-0.047626
  0
VERTEX
  8
0
 10
288.570062
 20
12.457509
 42
-0.055040
  0
VERTEX
  8
0
 10
287.772918
 20
13.131966
 42
-0.020248
  0
VERTEX
  8
0
 10
286.769103
 20
14.280839
 42
-0.213069
  0
VERTEX
  8
0
 10
286.613817
 20
14.869871
 42
-0.209082
  0
VERTEX
  8
0
 10
286.947315
 20
15.385260
 42
-0.019453
  0
VERTEX
  8
0
 10
288.272918
 20
16.189534
 42
-0.019840
  0
VERTEX
  8
0
 10
289.180564
 20
16.646907
 42
-0.024039
  0
VERTEX
  8
0
 10
290.066107
 20
16.999606
 42
-0.023675
  0
VERTEX
  8
0
 10
290.825312
 20
17.220896
 42
-0.128784
  0
VERTEX
  8
0
 10
291.250000
 20
17.212452
 42
0.135841
  0
VERTEX
  8
0
 10
291.535385
 20
17.210737
 42
0.137301
  0
VERTEX
  8
0
 10
291.779688
 20
17.356158
 42
0.114349
  0
VERTEX
  8
0
 10
291.943621
 20
17.633859
 42
0.076540
  0
VERTEX
  8
0
 10
292.000000
 20
18.000000
 42
0.206653
  0
VERTEX
  8
0
 10
291.739381
 20
18.603642
 42
0.111293
  0
VERTEX
  8
0
 10
291.029153
 20
19.023587
 42
0.077057
  0
VERTEX
  8
0
 10
289.948461
 20
19.196326
 42
0.045603
  0
VERTEX
  8
0
 10
288.644740
 20
19.083334
 42
-0.112476
  0
VERTEX
  8
0
 10
288.220533
 20
19.103038
 42
-0.037340
  0
VERTEX
  8
0
 10
287.631008
 20
19.314944
 42
-0.034976
  0
VERTEX
  8
0
 10
286.991568
 20
19.655718
 42
-0.033303
  0
VERTEX
  8
0
 10
286.394740
 20
20.087358
 42
0.087322
  0
VERTEX
  8
0
 10
285.690072
 20
20.489442
 42
0.365083
  0
VERTEX
  8
0
 10
285.266371
 20
20.331998
 42
0.117712
  0
VERTEX
  8
0
 10
285.044874
 20
19.563389
 42
0.011558
  0
VERTEX
  8
0
 10
285.000000
 20
17.622445
 42
-0.025265
  0
VERTEX
  8
0
 10
284.929813
 20
16.234299
 42
-0.040082
  0
VERTEX
  8
0
 10
284.715469
 20
15.064093
 42
-0.048015
  0
VERTEX
  8
0
 10
284.405643
 20
14.234017
 42
-0.286906
  0
VERTEX
  8
0
 10
284.031385
 20
14.000000
 42
0.376454
  0
VERTEX
  8
0
 10
283.424056
 20
13.467235
 42
0.214103
  0
VERTEX
  8
0
 10
283.724836
 20
12.463766
 42
0.081446
  0
VERTEX
  8
0
 10
285.230460
 20
11.207884
 42
0.079283
  0
VERTEX
  8
0
 10
287.072072
 20
10.484170
 42
-0.016137
  0
VERTEX
  8
0
 10
290.048441
 20
9.729012
 42
-0.525787
  0
VERTEX
  8
0
 10
290.247667
 20
9.131676
 42
-0.241544
  0
VERTEX
  8
0
 10
289.328583
 20
8.687048
 42
-0.011762
  0
VERTEX
  8
0
 10
285.840239
 20
8.850946
 42
-0.010191
  0
VERTEX
  8
0
 10
283.967911
 20
9.021521
 42
-0.019567
  0
VERTEX
  8
0
 10
282.477512
 20
9.247324
 42
-0.019857
  0
VERTEX
  8
0
 10
281.431246
 20
9.491416
 42
-0.574984
  0
VERTEX
  8
0
 10
281.374168
 20
9.707501
 42
0.218161
  0
VERTEX
  8
0
 10
281.481789
 20
9.997097
 42
0.071164
  0
VERTEX
  8
0
 10
281.381725
 20
10.453412
 42
0.055493
  0
VERTEX
  8
0
 10
281.108468
 20
10.992917
 42
0.038151
  0
VERTEX
  8
0
 10
280.689889
 20
11.536765
 42
0.059685
  0
VERTEX
  8
0
 10
280.008584
 20
12.133517
 42
0.201167
  0
VERTEX
  8
0
 10
279.440441
 20
12.250504
 42
0.146955
  0
VERTEX
  8
0
 10
278.839196
 20
11.933057
 42
0.028116
  0
VERTEX
  8
0
 10
278.000000
 20
11.008385
 42
-0.076911
  0
VERTEX
  8
0
 10
276.791093
 20
9.912246
 42
-0.070946
  0
VERTEX
  8
0
 10
275.274582
 20
9.195816
 42
-0.060295
  0
VERTEX
  8
0
 10
273.401958
 20
8.856518
 42
-0.035642
  0
VERTEX
  8
0
 10
271.127555
 20
8.884846
 42
-0.055139
  0
VERTEX
  8
0
 10
270.482046
 20
9.011586
 42
-0.306037
  0
VERTEX
  8
0
 10
270.272959
 20
9.273996
 42
-0.174376
  0
VERTEX
  8
0
 10
270.389373
 20
9.700480
 42
-0.020246
  0
VERTEX
  8
0
 10
271.000000
 20
10.500000
 42
0.037052
  0
VERTEX
  8
0
 10
271.414547
 20
11.082328
 42
0.095981
  0
VERTEX
  8
0
 10
271.592042
 20
11.563778
 42
0.208269
  0
VERTEX
  8
0
 10
271.514808
 20
11.867729
 42
0.231849
  0
VERTEX
  8
0
 10
271.244889
 20
12.000000
 42
0.108636
  0
VERTEX
  8
0
 10
270.774419
 20
11.896560
 42
0.039072
  0
VERTEX
  8
0
 10
270.172953
 20
11.559375
 42
0.036518
  0
VERTEX
  8
0
 10
269.550187
 20
11.073987
 42
0.035768
  0
VERTEX
  8
0
 10
269.000000
 20
10.500000
 42
-0.135069
  0
VERTEX
  8
0
 10
267.574189
 20
9.504408
 42
-0.063377
  0
VERTEX
  8
0
 10
265.358666
 20
9.021839
 42
-0.111504
  0
VERTEX
  8
0
 10
263.778010
 20
9.235266
 42
-0.473247
  0
VERTEX
  8
0
 10
263.510081
 20
10.016312
 42
-0.090427
  0
VERTEX
  8
0
 10
263.820631
 20
10.360589
 42
-0.095498
  0
VERTEX
  8
0
 10
264.227140
 20
10.565079
 42
-0.099685
  0
VERTEX
  8
0
 10
264.665803
 20
10.598899
 42
-0.108373
  0
VERTEX
  8
0
 10
265.069098
 20
10.457295
 42
0.090666
  0
VERTEX
  8
0
 10
265.424430
 20
10.318355
 42
0.169366
  0
VERTEX
  8
0
 10
265.726548
 20
10.362055
 42
0.176081
  0
VERTEX
  8
0
 10
265.928183
 20
10.581552
 42
0.098926
  0
VERTEX
  8
0
 10
266.000000
 20
10.940983
 42
0.217355
  0
VERTEX
  8
0
 10
265.815127
 20
11.346169
 42
0.078662
  0
VERTEX
  8
0
 10
265.265625
 20
11.688914
 42
0.059813
  0
VERTEX
  8
0
 10
264.457223
 20
11.922429
 42
0.040452
  0
VERTEX
  8
0
 10
263.500000
 20
12.000000
 42
-0.047945
  0
VERTEX
  8
0
 10
262.541027
 20
12.092168
 42
-0.066898
  0
VERTEX
  8
0
 10
261.725442
 20
12.367188
 42
-0.085855
  0
VERTEX
  8
0
 10
261.169716
 20
12.772478
 42
-0.188450
  0
VERTEX
  8
0
 10
260.969591
 20
13.250000
 42
0.149070
  0
VERTEX
  8
0
 10
260.865884
 20
13.562652
 42
0.366040
  0
VERTEX
  8
0
 10
260.648209
 20
13.618876
 42
0.120297
  0
VERTEX
  8
0
 10
260.314397
 20
13.344233
 42
0.028898
  0
VERTEX
  8
0
 10
259.915469
 20
12.742080
 42
0.046456
  0
VERTEX
  8
0
 10
259.569277
 20
11.996087
 42
0.048398
  0
VERTEX
  8
0
 10
259.372581
 20
11.209126
 42
0.053382
  0
VERTEX
  8
0
 10
259.343042
 20
10.498489
 42
0.122724
  0
VERTEX
  8
0
 10
259.504895
 20
9.992080
 42
-0.460177
  0
VERTEX
  8
0
 10
259.372606
 20
9.577668
 42
-0.055067
  0
VERTEX
  8
0
 10
258.323665
 20
9.265555
 42
-0.032585
  0
VERTEX
  8
0
 10
256.541837
 20
9.061474
 42
-0.012223
  0
VERTEX
  8
0
 10
254.027632
 20
9.000000
 42
-0.012613
  0
VERTEX
  8
0
 10
251.076545
 20
9.074455
 42
-0.042748
  0
VERTEX
  8
0
 10
249.169603
 20
9.335200
 42
-0.072438
  0
VERTEX
  8
0
 10
247.972600
 20
9.793918
 42
-0.175212
  0
VERTEX
  8
0
 10
247.361626
 20
10.500000
 42
0.102969
  0
VERTEX
  8
0
 10
246.992643
 20
11.073615
 42
0.066747
  0
VERTEX
  8
0
 10
246.367606
 20
11.559375
 42
0.063014
  0
VERTEX
  8
0
 10
245.593629
 20
11.887983
 42
0.069021
  0
VERTEX
  8
0
 10
244.786022
 20
12.000000
 42
0.049481
  0
VERTEX
  8
0
 10
243.920158
 20
11.914102
 42
0.154584
  0
VERTEX
  8
0
 10
243.413696
 20
11.634451
 42
0.197254
  0
VERTEX
  8
0
 10
243.231669
 20
11.165204
 42
0.086954
  0
VERTEX
  8
0
 10
243.361626
 20
10.500000
 42
-0.089071
  0
VERTEX
  8
0
 10
243.489607
 20
9.829971
 42
-0.201912
  0
VERTEX
  8
0
 10
243.298364
 20
9.361265
 42
-0.151488
  0
VERTEX
  8
0
 10
242.770893
 20
9.083812
 42
-0.045919
  0
VERTEX
  8
0
 10
241.860207
 20
9.000000
 42
-0.056196
  0
VERTEX
  8
0
 10
240.796510
 20
9.119929
 42
-0.214237
  0
VERTEX
  8
0
 10
240.276202
 20
9.512717
 42
-0.152096
  0
VERTEX
  8
0
 10
240.122767
 20
10.268923
 42
-0.025443
  0
VERTEX
  8
0
 10
240.350503
 20
11.750000
 42
0.000000
  0
VERTEX
  8
0
 10
240.917823
 20
14.500000
 42
0.000000
  0
VERTEX
  8
0
 10
239.708911
 20
12.000000
 42
-0.061017
  0
VERTEX
  8
0
 10
238.994932
 20
10.891701
 42
-0.069253
  0
VERTEX
  8
0
 10
238.060761
 20
10.041573
 42
-0.067367
  0
VERTEX
  8
0
 10
236.907094
 20
9.462044
 42
-0.053456
  0
VERTEX
  8
0
 10
235.545972
 20
9.151698
 42
-0.009281
  0
VERTEX
  8
0
 10
233.797376
 20
8.978365
 42
-0.192843
  0
VERTEX
  8
0
 10
233.303784
 20
9.131465
 42
-0.387974
  0
VERTEX
  8
0
 10
233.248385
 20
9.500946
 42
-0.025346
  0
VERTEX
  8
0
 10
233.953590
 20
10.444080
 42
0.037846
  0
VERTEX
  8
0
 10
234.572878
 20
11.316939
 42
0.121669
  0
VERTEX
  8
0
 10
234.781385
 20
11.992743
 42
0.146884
  0
VERTEX
  8
0
 10
234.633563
 20
12.611338
 42
0.064878
  0
VERTEX
  8
0
 10
234.115978
 20
13.284022
 42
0.050521
  0
VERTEX
  8
0
 10
233.475067
 20
13.807028
 42
0.181667
  0
VERTEX
  8
0
 10
232.969127
 20
13.922331
 42
0.173652
  0
VERTEX
  8
0
 10
232.497623
 20
13.677331
 42
0.045439
  0
VERTEX
  8
0
 10
231.968864
 20
12.991641
 42
0.048870
  0
VERTEX
  8
0
 10
231.637180
 20
12.336101
 42
0.043224
  0
VERTEX
  8
0
 10
231.422399
 20
11.601244
 42
0.045636
  0
VERTEX
  8
0
 10
231.347262
 20
10.900080
 42
0.091621
  0
VERTEX
  8
0
 10
231.439587
 20
10.353020
 42
-0.362487
  0
VERTEX
  8
0
 10
231.121230
 20
9.468790
 42
-0.068626
  0
VERTEX
  8
0
 10
229.412773
 20
8.761209
 42
-0.062144
  0
VERTEX
  8
0
 10
227.462424
 20
8.503267
 42
-0.261899
  0
VERTEX
  8
0
 10
226.466942
 20
9.053490
 42
-0.183347
  0
VERTEX
  8
0
 10
226.387968
 20
9.462125
 42
-0.062070
  0
VERTEX
  8
0
 10
226.567506
 20
10.051412
 42
-0.051825
  0
VERTEX
  8
0
 10
226.948910
 20
10.712515
 42
-0.039662
  0
VERTEX
  8
0
 10
227.490809
 20
11.347952
 42
0.024207
  0
VERTEX
  8
0
 10
228.633651
 20
12.607152
 42
0.164900
  0
VERTEX
  8
0
 10
228.926463
 20
13.381005
 42
0.337233
  0
VERTEX
  8
0
 10
228.598896
 20
13.844099
 42
0.076309
  0
VERTEX
  8
0
 10
227.583333
 20
14.000000
 42
-0.080074
  0
VERTEX
  8
0
 10
227.004061
 20
14.093368
 42
-0.064399
  0
VERTEX
  8
0
 10
226.434649
 20
14.367188
 42
-0.065245
  0
VERTEX
  8
0
 10
225.960859
 20
14.772091
 42
-0.087674
  0
VERTEX
  8
0
 10
225.662281
 20
15.250000
 42
0.134342
  0
VERTEX
  8
0
 10
225.465905
 20
15.507991
 42
0.451325
  0
VERTEX
  8
0
 10
225.282867
 20
15.471875
 42
0.102704
  0
VERTEX
  8
0
 10
225.140307
 20
15.046513
 42
0.020908
  0
VERTEX
  8
0
 10
225.078947
 20
14.250000
 42
-0.038298
  0
VERTEX
  8
0
 10
224.982370
 20
13.388456
 42
-0.056203
  0
VERTEX
  8
0
 10
224.756942
 20
12.660937
 42
-0.072670
  0
VERTEX
  8
0
 10
224.446604
 20
12.163568
 42
-0.220435
  0
VERTEX
  8
0
 10
224.093620
 20
12.000000
 42
-0.267968
  0
VERTEX
  8
0
 10
223.792785
 20
12.173701
 42
-0.095132
  0
VERTEX
  8
0
 10
223.623803
 20
12.660938
 42
-0.062920
  0
VERTEX
  8
0
 10
223.610380
 20
13.387664
 42
-0.036264
  0
VERTEX
  8
0
 10
223.767034
 20
14.250000
 42
0.009567
  0
VERTEX
  8
0
 10
224.083974
 20
15.585153
 42
0.284446
  0
VERTEX
  8
0
 10
223.972899
 20
15.898838
 42
0.341289
  0
VERTEX
  8
0
 10
223.668004
 20
15.904459
 42
0.011889
  0
VERTEX
  8
0
 10
222.673415
 20
15.127555
 42
-0.014548
  0
VERTEX
  8
0
 10
221.716873
 20
14.388527
 42
-0.196735
  0
VERTEX
  8
0
 10
221.296376
 20
14.285531
 42
-0.333078
  0
VERTEX
  8
0
 10
221.058130
 20
14.526625
 42
-0.034117
  0
VERTEX
  8
0
 10
221.000000
 20
15.377555
 42
0.057778
  0
VERTEX
  8
0
 10
220.928053
 20
15.998096
 42
0.076993
  0
VERTEX
  8
0
 10
220.715469
 20
16.523407
 42
0.095843
  0
VERTEX
  8
0
 10
220.400873
 20
16.875425
 42
0.164042
  0
VERTEX
  8
0
 10
220.031385
 20
17.000000
 42
0.148054
  0
VERTEX
  8
0
 10
219.700022
 20
16.899681
 42
0.149888
  0
VERTEX
  8
0
 10
219.481870
 20
16.632812
 42
0.115851
  0
VERTEX
  8
0
 10
219.417767
 20
16.228023
 42
0.069530
  0
VERTEX
  8
0
 10
219.520880
 20
15.750000
 42
-0.142289
  0
VERTEX
  8
0
 10
219.609479
 20
14.460627
 42
-0.089090
  0
VERTEX
  8
0
 10
219.027818
 20
13.052735
 42
-0.124496
  0
VERTEX
  8
0
 10
218.140150
 20
12.219827
 42
-0.334517
  0
VERTEX
  8
0
 10
217.333333
 20
12.333333
 42
-0.172351
  0
VERTEX
  8
0
 10
217.154530
 20
12.709178
 42
-0.118553
  0
VERTEX
  8
0
 10
217.217816
 20
13.181110
 42
-0.089551
  0
VERTEX
  8
0
 10
217.523612
 20
13.682196
 42
-0.059358
  0
VERTEX
  8
0
 10
218.028960
 20
14.130504
 42
0.028640
  0
VERTEX
  8
0
 10
218.705391
 20
14.660211
 42
0.178256
  0
VERTEX
  8
0
 10
218.911631
 20
15.041000
 42
0.274949
  0
VERTEX
  8
0
 10
218.778776
 20
15.361408
 42
0.063995
  0
VERTEX
  8
0
 10
218.250000
 20
15.659464
 42
-0.199040
  0
VERTEX
  8
0
 10
217.482938
 20
16.415876
 42
-0.060847
  0
VERTEX
  8
0
 10
217.026915
 20
18.014366
 42
-0.070688
  0
VERTEX
  8
0
 10
217.004230
 20
19.505092
 42
-0.377794
  0
VERTEX
  8
0
 10
217.565741
 20
20.000000
 42
-0.087622
  0
VERTEX
  8
0
 10
217.895646
 20
19.941739
 42
-0.011601
  0
VERTEX
  8
0
 10
218.558643
 20
19.682450
 42
-0.013157
  0
VERTEX
  8
0
 10
219.336541
 20
19.332904
 42
-0.010694
  0
VERTEX
  8
0
 10
220.151388
 20
18.918980
 42
0.049084
  0
VERTEX
  8
0
 10
221.721654
 20
18.267434
 42
0.233290
  0
VERTEX
  8
0
 10
222.653799
 20
18.420888
 42
0.349611
  0
VERTEX
  8
0
 10
222.858450
 20
19.141816
 42
0.074302
  0
VERTEX
  8
0
 10
222.133756
 20
20.338834
 42
-0.035877
  0
VERTEX
  8
0
 10
221.622102
 20
21.054012
 42
-0.402533
  0
VERTEX
  8
0
 10
221.690365
 20
21.364965
 42
-0.184262
  0
VERTEX
  8
0
 10
222.146383
 20
21.469281
 42
-0.012333
  0
VERTEX
  8
0
 10
223.491255
 20
21.246423
 42
-0.053842
  0
VERTEX
  8
0
 10
224.532867
 20
20.928246
 42
-0.082037
  0
VERTEX
  8
0
 10
225.328428
 20
20.420839
 42
-0.097684
  0
VERTEX
  8
0
 10
225.824790
 20
19.760522
 42
-0.112936
  0
VERTEX
  8
0
 10
226.000000
 20
18.994714
 42
0.130279
  0
VERTEX
  8
0
 10
226.220929
 20
18.161195
 42
0.111752
  0
VERTEX
  8
0
 10
226.835009
 20
17.489712
 42
0.075661
  0
VERTEX
  8
0
 10
227.902610
 20
16.965540
 42
0.029991
  0
VERTEX
  8
0
 10
229.491788
 20
16.567518
 42
0.006748
  0
VERTEX
  8
0
 10
230.848655
 20
16.331877
 42
0.010262
  0
VERTEX
  8
0
 10
232.033713
 20
16.167376
 42
0.005265
  0
VERTEX
  8
0
 10
233.029911
 20
16.060498
 42
0.198944
  0
VERTEX
  8
0
 10
233.241788
 20
16.125207
 42
-0.259960
  0
VERTEX
  8
0
 10
233.435468
 20
16.160553
 42
-0.012068
  0
VERTEX
  8
0
 10
234.085088
 20
15.921740
 42
-0.017404
  0
VERTEX
  8
0
 10
234.869025
 20
15.579875
 42
-0.011342
  0
VERTEX
  8
0
 10
235.750000
 20
15.133796
 42
0.018786
  0
VERTEX
  8
0
 10
237.075577
 20
14.487197
 42
0.218770
  0
VERTEX
  8
0
 10
237.637701
 20
14.495344
 42
0.259524
  0
VERTEX
  8
0
 10
237.939796
 20
14.920560
 42
0.025796
  0
VERTEX
  8
0
 10
238.015313
 20
16.214816
 42
-0.021753
  0
VERTEX
  8
0
 10
238.061772
 20
17.139526
 42
-0.133877
  0
VERTEX
  8
0
 10
238.228113
 20
17.581626
 42
-0.406971
  0
VERTEX
  8
0
 10
238.477965
 20
17.624966
 42
-0.101185
  0
VERTEX
  8
0
 10
238.796444
 20
17.295120
 42
0.149089
  0
VERTEX
  8
0
 10
239.318975
 20
16.847246
 42
0.053823
  0
VERTEX
  8
0
 10
240.262147
 20
16.550235
 42
0.046037
  0
VERTEX
  8
0
 10
241.460341
 20
16.423324
 42
0.034865
  0
VERTEX
  8
0
 10
242.781131
 20
16.497612
 42
-0.021208
  0
VERTEX
  8
0
 10
244.564313
 20
16.646817
 42
-0.137305
  0
VERTEX
  8
0
 10
245.433820
 20
16.441546
 42
-0.208081
  0
VERTEX
  8
0
 10
245.879174
 20
15.862653
 42
-0.057975
  0
VERTEX
  8
0
 10
246.030409
 20
14.702492
 42
0.006666
  0
VERTEX
  8
0
 10
246.066892
 20
13.358457
 42
0.293899
  0
VERTEX
  8
0
 10
246.221506
 20
13.138257
 42
0.364227
  0
VERTEX
  8
0
 10
246.451750
 20
13.212433
 42
0.008333
  0
VERTEX
  8
0
 10
247.091392
 20
14.270179
 42
0.111748
  0
VERTEX
  8
0
 10
247.655385
 20
16.063857
 42
0.093661
  0
VERTEX
  8
0
 10
247.446505
 20
18.051524
 42
0.129930
  0
VERTEX
  8
0
 10
246.617452
 20
19.404065
 42
0.289964
  0
VERTEX
  8
0
 10
245.482772
 20
19.631762
 42
-0.120666
  0
VERTEX
  8
0
 10
244.873367
 20
19.554422
 42
-0.068771
  0
VERTEX
  8
0
 10
244.150172
 20
19.740056
 42
-0.062257
  0
VERTEX
  8
0
 10
243.428666
 20
20.146427
 42
-0.060846
  0
VERTEX
  8
0
 10
242.823113
 20
20.720637
 42
-0.023116
  0
VERTEX
  8
0
 10
242.138187
 20
21.632555
 42
-0.408396
  0
VERTEX
  8
0
 10
242.197401
 20
21.962686
 42
-0.195225
  0
VERTEX
  8
0
 10
242.660602
 20
22.072253
 42
-0.008618
  0
VERTEX
  8
0
 10
244.322225
 20
21.786062
 42
0.035745
  0
VERTEX
  8
0
 10
245.803138
 20
21.612992
 42
0.120290
  0
VERTEX
  8
0
 10
246.753439
 20
21.800241
 42
0.139462
  0
VERTEX
  8
0
 10
247.430050
 20
22.383121
 42
0.054861
  0
VERTEX
  8
0
 10
247.995620
 20
23.488481
 42
-0.045928
  0
VERTEX
  8
0
 10
248.436479
 20
24.389337
 42
-0.039378
  0
VERTEX
  8
0
 10
249.054935
 20
25.245416
 42
-0.041230
  0
VERTEX
  8
0
 10
249.747352
 20
25.935965
 42
-0.084003
  0
VERTEX
  8
0
 10
250.406537
 20
26.325761
 42
0.087066
  0
VERTEX
  8
0
 10
250.962003
 20
26.658801
 42
0.094301
  0
VERTEX
  8
0
 10
251.352816
 20
27.153155
 42
0.100177
  0
VERTEX
  8
0
 10
251.519586
 20
27.730462
 42
0.112456
  0
VERTEX
  8
0
 10
251.437632
 20
28.301932
 42
-0.114145
  0
VERTEX
  8
0
 10
251.350507
 20
28.924227
 42
-0.069334
  0
VERTEX
  8
0
 10
251.518266
 20
29.651671
 42
-0.063731
  0
VERTEX
  8
0
 10
251.903081
 20
30.368995
 42
-0.064689
  0
VERTEX
  8
0
 10
252.454491
 20
30.962231
 42
0.046891
  0
VERTEX
  8
0
 10
253.045841
 20
31.554812
 42
0.041107
  0
VERTEX
  8
0
 10
253.546007
 20
32.272765
 42
0.043266
  0
VERTEX
  8
0
 10
253.889262
 20
33.002200
 42
0.088569
  0
VERTEX
  8
0
 10
254.000000
 20
33.622445
 42
-0.028748
  0
VERTEX
  8
0
 10
254.030372
 20
34.150244
 42
-0.044977
  0
VERTEX
  8
0
 10
254.122850
 20
34.595343
 42
-0.056358
  0
VERTEX
  8
0
 10
254.257160
 20
34.906623
 42
-0.268930
  0
VERTEX
  8
0
 10
254.418213
 20
35.000000
 42
0.058269
  0
VERTEX
  8
0
 10
254.674600
 20
35.029981
 42
0.006359
  0
VERTEX
  8
0
 10
255.251663
 20
35.174585
 42
0.007715
  0
VERTEX
  8
0
 10
255.936173
 20
35.366743
 42
0.006157
  0
VERTEX
  8
0
 10
256.668213
 20
35.594332
 42
-0.004062
  0
VERTEX
  8
0
 10
257.725068
 20
35.927768
 42
-0.332063
  0
VERTEX
  8
0
 10
257.877555
 20
35.873188
 42
-0.395985
  0
VERTEX
  8
0
 10
257.853004
 20
35.728624
 42
-0.004552
  0
VERTEX
  8
0
 10
257.000000
 20
35.094332
 42
0.026143
  0
VERTEX
  8
0
 10
256.207402
 20
34.450024
 42
0.205372
  0
VERTEX
  8
0
 10
256.013605
 20
34.028406
 42
0.227803
  0
VERTEX
  8
0
 10
256.194955
 20
33.624723
 42
0.032265
  0
VERTEX
  8
0
 10
256.947847
 20
33.068707
 42
-0.071224
  0
VERTEX
  8
0
 10
257.556386
 20
32.541610
 42
-0.309252
  0
VERTEX
  8
0
 10
257.608298
 20
32.091934
 42
-0.147859
  0
VERTEX
  8
0
 10
257.149240
 20
31.626500
 42
-0.017797
  0
VERTEX
  8
0
 10
255.844819
 20
30.975156
 42
0.051190
  0
VERTEX
  8
0
 10
254.490192
 20
30.181790
 42
0.133209
  0
VERTEX
  8
0
 10
253.791054
 20
29.306235
 42
0.099147
  0
VERTEX
  8
0
 10
253.517543
 20
28.031293
 42
0.021200
  0
VERTEX
  8
0
 10
253.582888
 20
25.756247
 42
0.055651
  0
VERTEX
  8
0
 10
254.102234
 20
22.938945
 42
0.068936
  0
VERTEX
  8
0
 10
255.215809
 20
20.518118
 42
0.111035
  0
VERTEX
  8
0
 10
256.529423
 20
19.216423
 42
0.349544
  0
VERTEX
  8
0
 10
257.680187
 20
19.346853
 42
0.137248
  0
VERTEX
  8
0
 10
257.962249
 20
19.848043
 42
0.021273
  0
VERTEX
  8
0
 10
258.187686
 20
20.975942
 42
0.022361
  0
VERTEX
  8
0
 10
258.341008
 20
22.363895
 42
0.017788
  0
VERTEX
  8
0
 10
258.385820
 20
23.870663
 42
-0.017592
  0
VERTEX
  8
0
 10
258.451957
 20
26.124184
 42
-0.143556
  0
VERTEX
  8
0
 10
258.801205
 20
27.081891
 42
-0.197904
  0
VERTEX
  8
0
 10
259.558262
 20
27.541051
 42
-0.038627
  0
VERTEX
  8
0
 10
261.181824
 20
27.666667
 42
-0.038844
  0
VERTEX
  8
0
 10
262.353684
 20
27.575489
 42
-0.076042
  0
VERTEX
  8
0
 10
263.243989
 20
27.293151
 42
-0.109505
  0
VERTEX
  8
0
 10
263.798731
 20
26.847275
 42
-0.170532
  0
VERTEX
  8
0
 10
264.000000
 20
26.274316
 42
0.076042
  0
VERTEX
  8
0
 10
264.074414
 20
25.787848
 42
0.153266
  0
VERTEX
  8
0
 10
264.293750
 20
25.472516
 42
0.186722
  0
VERTEX
  8
0
 10
264.619584
 20
25.375394
 42
0.119076
  0
VERTEX
  8
0
 10
265.000000
 20
25.500000
 42
0.133604
  0
VERTEX
  8
0
 10
265.817255
 20
26.374477
 42
0.278984
  0
VERTEX
  8
0
 10
265.765037
 20
27.270972
 42
0.127204
  0
VERTEX
  8
0
 10
264.706022
 20
28.191277
 42
0.028860
  0
VERTEX
  8
0
 10
262.500000
 20
29.136160
 42
-0.035588
  0
VERTEX
  8
0
 10
260.256302
 20
30.133084
 42
-0.125944
  0
VERTEX
  8
0
 10
259.101503
 20
31.187176
 42
-0.524854
  0
VERTEX
  8
0
 10
259.345614
 20
31.787386
 42
-0.103031
  0
VERTEX
  8
0
 10
260.750000
 20
31.804964
 42
0.136915
  0
VERTEX
  8
0
 10
262.313654
 20
31.929247
 42
0.067170
  0
VERTEX
  8
0
 10
264.094392
 20
32.869013
 42
0.076192
  0
VERTEX
  8
0
 10
265.368876
 20
34.109353
 42
0.309462
  0
VERTEX
  8
0
 10
265.416748
 20
35.134705
 42
0.151447
  0
VERTEX
  8
0
 10
265.123476
 20
35.390171
 42
0.076727
  0
VERTEX
  8
0
 10
264.645967
 20
35.518656
 42
0.064974
  0
VERTEX
  8
0
 10
264.065147
 20
35.506998
 42
0.054196
  0
VERTEX
  8
0
 10
263.467975
 20
35.349337
 42
-0.066643
  0
VERTEX
  8
0
 10
262.906415
 20
35.215885
 42
-0.114223
  0
VERTEX
  8
0
 10
262.431218
 20
35.276674
 42
-0.152290
  0
VERTEX
  8
0
 10
262.118415
 20
35.517917
 42
-0.154099
  0
VERTEX
  8
0
 10
262.000000
 20
35.893011
 42
-0.140289
  0
VERTEX
  8
0
 10
262.120821
 20
36.315148
 42
-0.099921
  0
VERTEX
  8
0
 10
262.460420
 20
36.674822
 42
-0.085147
  0
VERTEX
  8
0
 10
262.968315
 20
36.917059
 42
-0.068896
  0
VERTEX
  8
0
 10
263.567388
 20
37.000000
 42
0.088639
  0
VERTEX
  8
0
 10
264.242687
 20
37.120663
 42
0.197727
  0
VERTEX
  8
0
 10
264.619739
 20
37.467755
 42
0.144755
  0
VERTEX
  8
0
 10
264.710381
 20
38.072330
 42
0.042184
  0
VERTEX
  8
0
 10
264.500000
 20
39.000000
 42
-0.044629
  0
VERTEX
  8
0
 10
264.279002
 20
39.997015
 42
-0.187158
  0
VERTEX
  8
0
 10
264.422930
 20
40.582365
 42
-0.194006
  0
VERTEX
  8
0
 10
264.919018
 20
40.904844
 42
-0.048327
  0
VERTEX
  8
0
 10
265.901228
 20
41.000000
 42
-0.047760
  0
VERTEX
  8
0
 10
266.788036
 20
40.915099
 42
-0.153151
  0
VERTEX
  8
0
 10
267.304340
 20
40.636494
 42
-0.199484
  0
VERTEX
  8
0
 10
267.490690
 20
40.167516
 42
-0.087933
  0
VERTEX
  8
0
 10
267.361626
 20
39.500000
 42
0.061205
  0
VERTEX
  8
0
 10
267.218607
 20
38.925900
 42
0.107396
  0
VERTEX
  8
0
 10
267.263418
 20
38.440625
 42
0.150591
  0
VERTEX
  8
0
 10
267.483858
 20
38.121831
 42
0.168281
  0
VERTEX
  8
0
 10
267.835594
 20
38.000000
 42
0.307330
  0
VERTEX
  8
0
 10
268.361819
 20
38.357186
 42
0.108673
  0
VERTEX
  8
0
 10
268.516026
 20
39.302940
 42
0.035199
  0
VERTEX
  8
0
 10
268.276442
 20
41.205993
 42
0.004483
  0
VERTEX
  8
0
 10
267.437413
 20
45.250000
 42
-0.024853
  0
VERTEX
  8
0
 10
267.191343
 20
46.738406
 42
-0.153374
  0
VERTEX
  8
0
 10
267.336277
 20
47.491077
 42
-0.217203
  0
VERTEX
  8
0
 10
267.851646
 20
47.881585
 42
-0.055222
  0
VERTEX
  8
0
 10
268.920545
 20
48.000000
 42
-0.066507
  0
VERTEX
  8
0
 10
269.762887
 20
47.887459
 42
-0.098677
  0
VERTEX
  8
0
 10
270.427260
 20
47.556345
 42
-0.114336
  0
VERTEX
  8
0
 10
270.849111
 20
47.038972
 42
-0.114588
  0
VERTEX
  8
0
 10
271.000000
 20
46.389216
 42
0.092216
  0
VERTEX
  8
0
 10
271.115890
 20
45.766192
 42
0.413188
  0
VERTEX
  8
0
 10
271.421647
 20
45.629896
 42
0.115769
  0
VERTEX
  8
0
 10
271.965835
 20
45.998082
 42
0.012716
  0
VERTEX
  8
0
 10
272.966731
 20
47.139216
 42
-0.024120
  0
VERTEX
  8
0
 10
273.725699
 20
47.965731
 42
-0.062708
  0
VERTEX
  8
0
 10
274.365507
 20
48.456668
 42
-0.172745
  0
VERTEX
  8
0
 10
274.769412
 20
48.533146
 42
-0.361600
  0
VERTEX
  8
0
 10
274.966731
 20
48.309017
 42
-0.074992
  0
VERTEX
  8
0
 10
274.905368
 20
47.807618
 42
-0.054881
  0
VERTEX
  8
0
 10
274.696477
 20
47.286338
 42
-0.055032
  0
VERTEX
  8
0
 10
274.380103
 20
46.824626
 42
-0.076783
  0
VERTEX
  8
0
 10
274.000000
 20
46.500000
 42
0.091873
  0
VERTEX
  8
0
 10
273.140285
 20
45.720024
 42
0.268500
  0
VERTEX
  8
0
 10
273.043289
 20
44.955105
 42
0.292166
  0
VERTEX
  8
0
 10
273.646953
 20
44.538747
 42
0.098782
  0
VERTEX
  8
0
 10
274.750000
 20
44.718616
 42
-0.012607
  0
VERTEX
  8
0
 10
275.787348
 20
45.077827
 42
-0.448451
  0
VERTEX
  8
0
 10
275.982938
 20
44.961913
 42
-0.210427
  0
VERTEX
  8
0
 10
275.910177
 20
44.639746
 42
-0.005487
  0
VERTEX
  8
0
 10
275.000000
 20
43.437231
 42
-0.017566
  0
VERTEX
  8
0
 10
274.334064
 20
42.636909
 42
-0.014664
  0
VERTEX
  8
0
 10
273.573438
 20
41.834153
 42
-0.014916
  0
VERTEX
  8
0
 10
272.833647
 20
41.140553
 42
-0.038573
  0
VERTEX
  8
0
 10
272.250000
 20
40.700310
 42
0.131384
  0
VERTEX
  8
0
 10
271.484499
 20
39.862599
 42
0.074294
  0
VERTEX
  8
0
 10
271.034797
 20
38.553120
 42
0.097499
  0
VERTEX
  8
0
 10
271.048262
 20
37.421547
 42
0.355007
  0
VERTEX
  8
0
 10
271.567152
 20
37.000000
 42
0.178869
  0
VERTEX
  8
0
 10
271.917389
 20
37.129434
 42
0.006241
  0
VERTEX
  8
0
 10
273.024717
 20
38.101562
 42
0.010926
  0
VERTEX
  8
0
 10
274.312679
 20
39.313039
 42
0.007344
  0
VERTEX
  8
0
 10
275.732649
 20
40.750000
 42
-0.013317
  0
VERTEX
  8
0
 10
277.077519
 20
42.078837
 42
-0.039826
  0
VERTEX
  8
0
 10
278.087709
 20
42.884375
 42
-0.180256
  0
VERTEX
  8
0
 10
278.546088
 20
42.995028
 42
-0.482630
  0
VERTEX
  8
0
 10
278.696881
 20
42.750000
 42
0.052280
  0
VERTEX
  8
0
 10
278.525582
 20
42.059496
 42
0.103225
  0
VERTEX
  8
0
 10
278.563250
 20
41.498284
 42
0.154264
  0
VERTEX
  8
0
 10
278.798363
 20
41.138526
 42
0.173157
  0
VERTEX
  8
0
 10
279.186372
 20
41.000000
 42
-0.567351
  0
VERTEX
  8
0
 10
279.517298
 20
40.446254
 42
-0.066772
  0
VERTEX
  8
0
 10
278.468737
 20
38.998475
 42
-0.042510
  0
VERTEX
  8
0
 10
276.615995
 20
37.354845
 42
-0.083534
  0
VERTEX
  8
0
 10
274.868116
 20
36.458142
 42
0.115145
  0
VERTEX
  8
0
 10
273.645489
 20
35.730881
 42
0.161362
  0
VERTEX
  8
0
 10
273.057589
 20
34.615115
 42
0.190208
  0
VERTEX
  8
0
 10
273.295635
 20
33.503482
 42
0.157598
  0
VERTEX
  8
0
 10
274.250000
 20
32.745374
 42
0.116485
  0
VERTEX
  8
0
 10
275.778007
 20
32.550666
 42
0.123310
  0
VERTEX
  8
0
 10
277.196140
 20
33.069228
 42
0.117798
  0
VERTEX
  8
0
 10
278.248316
 20
34.220769
 42
0.100076
  0
VERTEX
  8
0
 10
278.746117
 20
35.794626
 42
-0.158300
  0
VERTEX
  8
0
 10
280.077807
 20
38.769905
 42
-0.061392
  0
VERTEX
  8
0
 10
283.532262
 20
41.759162
 42
-0.098775
  0
VERTEX
  8
0
 10
286.692702
 20
43.072295
 42
-0.473126
  0
VERTEX
  8
0
 10
288.000000
 20
42.000000
 42
-0.145266
  0
VERTEX
  8
0
 10
287.886819
 20
41.618655
 42
-0.099317
  0
VERTEX
  8
0
 10
287.568594
 20
41.293750
 42
-0.083434
  0
VERTEX
  8
0
 10
287.092793
 20
41.074778
 42
-0.066306
  0
VERTEX
  8
0
 10
286.531385
 20
41.000000
 42
0.093299
  0
VERTEX
  8
0
 10
285.944265
 20
40.889482
 42
0.186098
  0
VERTEX
  8
0
 10
285.600397
 20
40.575432
 42
0.151424
  0
VERTEX
  8
0
 10
285.515501
 20
40.056432
 42
0.057058
  0
VERTEX
  8
0
 10
285.701324
 20
39.335955
 42
-0.026179
  0
VERTEX
  8
0
 10
285.936014
 20
38.613414
 42
-0.196415
  0
VERTEX
  8
0
 10
285.891636
 20
38.263564
 42
-0.357523
  0
VERTEX
  8
0
 10
285.652308
 20
38.170736
 42
-0.059284
  0
VERTEX
  8
0
 10
285.169939
 20
38.394972
 42
0.094824
  0
VERTEX
  8
0
 10
284.696822
 20
38.575484
 42
0.201622
  0
VERTEX
  8
0
 10
284.321660
 20
38.490605
 42
0.171774
  0
VERTEX
  8
0
 10
284.079462
 20
38.144189
 42
0.067586
  0
VERTEX
  8
0
 10
284.000000
 20
37.559017
 42
0.069284
  0
VERTEX
  8
0
 10
284.082965
 20
36.963157
 42
0.085394
  0
VERTEX
  8
0
 10
284.325178
 20
36.457961
 42
0.099996
  0
VERTEX
  8
0
 10
284.684852
 20
36.120176
 42
0.139570
  0
VERTEX
  8
0
 10
285.106989
 20
36.000000
 42
-0.127659
  0
VERTEX
  8
0
 10
285.490029
 20
35.900583
 42
-0.151326
  0
VERTEX
  8
0
 10
285.747303
 20
35.631266
 42
-0.128069
  0
VERTEX
  8
0
 10
285.832940
 20
35.224312
 42
-0.079936
  0
VERTEX
  8
0
 10
285.732288
 20
34.744736
 42
0.105409
  0
VERTEX
  8
0
 10
285.642657
 20
34.176197
 42
0.065099
  0
VERTEX
  8
0
 10
285.766758
 20
33.508218
 42
0.060965
  0
VERTEX
  8
0
 10
286.074315
 20
32.847200
 42
0.065637
  0
VERTEX
  8
0
 10
286.526050
 20
32.298022
 42
0.095347
  0
VERTEX
  8
0
 10
287.214106
 20
31.865455
 42
0.245187
  0
VERTEX
  8
0
 10
287.780744
 20
31.927902
 42
0.126119
  0
VERTEX
  8
0
 10
288.319401
 20
32.530739
 42
0.021408
  0
VERTEX
  8
0
 10
288.975226
 20
33.940190
 42
-0.035065
  0
VERTEX
  8
0
 10
289.633443
 20
35.259421
 42
-0.098626
  0
VERTEX
  8
0
 10
290.317696
 20
36.024766
 42
-0.133754
  0
VERTEX
  8
0
 10
291.108455
 20
36.339447
 42
-0.092408
  0
VERTEX
  8
0
 10
292.074475
 20
36.270273
 42
0.053478
  0
VERTEX
  8
0
 10
292.881338
 20
36.149216
 42
0.114672
  0
VERTEX
  8
0
 10
293.496314
 20
36.265115
 42
0.155399
  0
VERTEX
  8
0
 10
293.882086
 20
36.605485
 42
0.129107
  0
VERTEX
  8
0
 10
294.035435
 20
37.133369
 42
-0.280928
  0
VERTEX
  8
0
 10
294.202189
 20
37.391443
 42
-0.275398
  0
VERTEX
  8
0
 10
294.510967
 20
37.364177
 42
-0.075494
  0
VERTEX
  8
0
 10
295.010659
 20
36.873544
 42
-0.023402
  0
VERTEX
  8
0
 10
295.604505
 20
36.000000
 42
0.012115
  0
VERTEX
  8
0
 10
296.172656
 20
35.122291
 42
0.077068
  0
VERTEX
  8
0
 10
296.534531
 20
34.735821
 42
0.612442
  0
VERTEX
  8
0
 10
296.670144
 20
34.798775
 42
0.083564
  0
VERTEX
  8
0
 10
296.616936
 20
35.207051
 42
-0.045590
  0
VERTEX
  8
0
 10
296.433807
 20
36.086857
 42
-0.337875
  0
VERTEX
  8
0
 10
296.639307
 20
36.431585
 42
-0.173192
  0
VERTEX
  8
0
 10
297.189800
 20
36.452836
 42
-0.014732
  0
VERTEX
  8
0
 10
298.547866
 20
35.981801
 42
0.021948
  0
VERTEX
  8
0
 10
299.783345
 20
35.573156
 42
0.119070
  0
VERTEX
  8
0
 10
300.483467
 20
35.546176
 42
0.239113
  0
VERTEX
  8
0
 10
300.861056
 20
35.844045
 42
0.108793
  0
VERTEX
  8
0
 10
301.000000
 20
36.475061
 42
-0.099988
  0
VERTEX
  8
0
 10
301.126712
 20
37.102363
 42
-0.051024
  0
VERTEX
  8
0
 10
301.514063
 20
37.810419
 42
-0.047821
  0
VERTEX
  8
0
 10
302.080567
 20
38.485577
 42
-0.052150
  0
VERTEX
  8
0
 10
302.750000
 20
39.019113
 42
0.004032
  0
VERTEX
  8
0
 10
303.825112
 20
39.718532
 42
0.390784
  0
VERTEX
  8
0
 10
303.865236
 20
39.881859
 42
0.325231
  0
VERTEX
  8
0
 10
303.696809
 20
39.960686
 42
0.003528
  0
VERTEX
  8
0
 10
302.376771
 20
39.695574
 42
-0.033996
  0
VERTEX
  8
0
 10
301.295239
 20
39.546150
 42
-0.209011
  0
VERTEX
  8
0
 10
300.777667
 20
39.730847
 42
-0.230687
  0
VERTEX
  8
0
 10
300.591989
 20
40.220431
 42
-0.041232
  0
VERTEX
  8
0
 10
300.765509
 20
41.211306
 42
-0.022599
  0
VERTEX
  8
0
 10
301.059286
 20
42.157759
 42
-0.201242
  0
VERTEX
  8
0
 10
301.348184
 20
42.472042
 42
-0.322259
  0
VERTEX
  8
0
 10
301.679386
 20
42.407239
 42
-0.047312
  0
VERTEX
  8
0
 10
302.123425
 20
41.834535
 42
0.037363
  0
VERTEX
  8
0
 10
302.544777
 20
41.268212
 42
0.380481
  0
VERTEX
  8
0
 10
302.812189
 20
41.233439
 42
0.212199
  0
VERTEX
  8
0
 10
303.003554
 20
41.542243
 42
0.017757
  0
VERTEX
  8
0
 10
303.100689
 20
42.500000
 42
-0.005862
  0
VERTEX
  8
0
 10
303.180979
 20
43.536784
 42
-0.234179
  0
VERTEX
  8
0
 10
303.296864
 20
43.726189
 42
-0.493257
  0
VERTEX
  8
0
 10
303.433704
 20
43.675489
 42
-0.009920
  0
VERTEX
  8
0
 10
303.668645
 20
42.857386
 42
0.096524
  0
VERTEX
  8
0
 10
303.964178
 20
42.249106
 42
0.087117
  0
VERTEX
  8
0
 10
304.475622
 20
41.770460
 42
0.086786
  0
VERTEX
  8
0
 10
305.121410
 20
41.493344
 42
0.094763
  0
VERTEX
  8
0
 10
305.802643
 20
41.463863
 42
-0.008652
  0
VERTEX
  8
0
 10
306.417582
 20
41.543262
 42
-0.124389
  0
VERTEX
  8
0
 10
306.634214
 20
41.513529
 42
-0.661065
  0
VERTEX
  8
0
 10
306.635670
 20
41.435498
 42
-0.022516
  0
VERTEX
  8
0
 10
306.250000
 20
41.283152
 42
0.196000
  0
VERTEX
  8
0
 10
305.333559
 20
40.482173
 42
0.126816
  0
VERTEX
  8
0
 10
305.031585
 20
39.086968
 42
0.142870
  0
VERTEX
  8
0
 10
305.451607
 20
37.831941
 42
0.245783
  0
VERTEX
  8
0
 10
306.404659
 20
37.333333
 42
0.104947
  0
VERTEX
  8
0
 10
306.903099
 20
37.439118
 42
0.147137
  0
VERTEX
  8
0
 10
307.245942
 20
37.734061
 42
0.141152
  0
VERTEX
  8
0
 10
307.377807
 20
38.179630
 42
0.093695
  0
VERTEX
  8
0
 10
307.281978
 20
38.707560
 42
-0.076096
  0
VERTEX
  8
0
 10
307.166070
 20
39.239587
 42
-0.183321
  0
VERTEX
  8
0
 10
307.283284
 20
39.618498
 42
-0.195198
  0
VERTEX
  8
0
 10
307.614503
 20
39.809299
 42
-0.086692
  0
VERTEX
  8
0
 10
308.127319
 20
39.790894
 42
0.142009
  0
VERTEX
  8
0
 10
308.686284
 20
39.831942
 42
0.155766
  0
VERTEX
  8
0
 10
309.113075
 20
40.166255
 42
0.108773
  0
VERTEX
  8
0
 10
309.367359
 20
40.801852
 42
0.049420
  0
VERTEX
  8
0
 10
309.425941
 20
41.700279
 42
-0.031211
  0
VERTEX
  8
0
 10
309.449319
 20
42.513068
 42
-0.067599
  0
VERTEX
  8
0
 10
309.589196
 20
43.121004
 42
-0.134814
  0
VERTEX
  8
0
 10
309.814628
 20
43.430743
 42
-0.316805
  0
VERTEX
  8
0
 10
310.085699
 20
43.447035
 42
0.180158
  0
VERTEX
  8
0
 10
311.206445
 20
43.223252
 42
0.096191
  0
VERTEX
  8
0
 10
312.551124
 20
43.715931
 42
0.092874
  0
VERTEX
  8
0
 10
313.652287
 20
44.697841
 42
0.153528
  0
VERTEX
  8
0
 10
314.078947
 20
45.856989
 42
-0.156120
  0
VERTEX
  8
0
 10
314.207130
 20
46.199870
 42
-0.452433
  0
VERTEX
  8
0
 10
314.429274
 20
46.211777
 42
-0.087624
  0
VERTEX
  8
0
 10
314.767356
 20
45.717388
 42
-0.018707
  0
VERTEX
  8
0
 10
315.162281
 20
44.750000
 42
0.031182
  0
VERTEX
  8
0
 10
315.623032
 20
43.697178
 42
0.041072
  0
VERTEX
  8
0
 10
316.176867
 20
42.807812
 42
0.046474
  0
VERTEX
  8
0
 10
316.738275
 20
42.182934
 42
0.188685
  0
VERTEX
  8
0
 10
317.205778
 20
42.000000
 42
0.111429
  0
VERTEX
  8
0
 10
317.585560
 20
42.085702
 42
0.277645
  0
VERTEX
  8
0
 10
317.736766
 20
42.313863
 42
0.145711
  0
VERTEX
  8
0
 10
317.641270
 20
42.694567
 42
0.033014
  0
VERTEX
  8
0
 10
317.260332
 20
43.250000
 42
-0.053651
  0
VERTEX
  8
0
 10
316.832603
 20
43.932294
 42
-0.017769
  0
VERTEX
  8
0
 10
316.353106
 20
45.014063
 42
-0.017462
  0
VERTEX
  8
0
 10
315.902938
 20
46.259764
 42
-0.018977
  0
VERTEX
  8
0
 10
315.554473
 20
47.500000
 42
0.000000
  0
VERTEX
  8
0
 10
314.833171
 20
50.500000
 42
0.000000
  0
VERTEX
  8
0
 10
313.464860
 20
47.250000
 42
-0.010349
  0
VERTEX
  8
0
 10
312.909827
 20
46.004424
 42
-0.015981
  0
VERTEX
  8
0
 10
312.374153
 20
44.954687
 42
-0.010351
  0
VERTEX
  8
0
 10
311.893563
 20
44.124030
 42
-0.262167
  0
VERTEX
  8
0
 10
311.673274
 20
44.000000
 42
-0.411431
  0
VERTEX
  8
0
 10
311.169749
 20
44.498759
 42
-0.024861
  0
VERTEX
  8
0
 10
311.263901
 20
46.839395
 42
-0.026339
  0
VERTEX
  8
0
 10
311.605842
 20
49.221338
 42
-0.205726
  0
VERTEX
  8
0
 10
312.225502
 20
50.125080
 42
0.186192
  0
VERTEX
  8
0
 10
312.575908
 20
50.597030
 42
0.052283
  0
VERTEX
  8
0
 10
312.730327
 20
51.518591
 42
0.042721
  0
VERTEX
  8
0
 10
312.701490
 20
52.727888
 42
0.026786
  0
VERTEX
  8
0
 10
312.472009
 20
54.125080
 42
0.004202
  0
VERTEX
  8
0
 10
311.973525
 20
56.305515
 42
0.189907
  0
VERTEX
  8
0
 10
311.713744
 20
56.678393
 42
0.469587
  0
VERTEX
  8
0
 10
311.432988
 20
56.594277
 42
0.011783
  0
VERTEX
  8
0
 10
310.874323
 20
55.187778
 42
-0.029816
  0
VERTEX
  8
0
 10
310.436719
 20
54.192234
 42
-0.020116
  0
VERTEX
  8
0
 10
309.826508
 20
53.111442
 42
-0.020301
  0
VERTEX
  8
0
 10
309.149310
 20
52.110463
 42
-0.037517
  0
VERTEX
  8
0
 10
308.509207
 20
51.366350
 42
0.045945
  0
VERTEX
  8
0
 10
307.926343
 20
50.665254
 42
0.035445
  0
VERTEX
  8
0
 10
307.422683
 20
49.807392
 42
0.036412
  0
VERTEX
  8
0
 10
307.065136
 20
48.930682
 42
0.068255
  0
VERTEX
  8
0
 10
306.929715
 20
48.178571
 42
-0.016826
  0
VERTEX
  8
0
 10
306.865475
 20
47.329298
 42
-0.481365
  0
VERTEX
  8
0
 10
306.703520
 20
47.226766
 42
-0.203326
  0
VERTEX
  8
0
 10
306.479074
 20
47.429269
 42
-0.007428
  0
VERTEX
  8
0
 10
306.000000
 20
48.500000
 42
-0.035003
  0
VERTEX
  8
0
 10
305.323555
 20
50.437646
 42
-0.073618
  0
VERTEX
  8
0
 10
305.134852
 20
52.016822
 42
-0.596858
  0
VERTEX
  8
0
 10
305.494921
 20
52.198162
 42
-0.130815
  0
VERTEX
  8
0
 10
306.084140
 20
51.500000
 42
0.005790
  0
VERTEX
  8
0
 10
306.642330
 20
50.351509
 42
0.547681
  0
VERTEX
  8
0
 10
306.795303
 20
50.335435
 42
0.201811
  0
VERTEX
  8
0
 10
306.869010
 20
50.596574
 42
0.002955
  0
VERTEX
  8
0
 10
306.658312
 20
52.219738
 42
-0.026880
  0
VERTEX
  8
0
 10
306.576235
 20
53.227720
 42
-0.061539
  0
VERTEX
  8
0
 10
306.648740
 20
53.985231
 42
-0.135292
  0
VERTEX
  8
0
 10
306.854019
 20
54.372606
 42
-0.356023
  0
VERTEX
  8
0
 10
307.144457
 20
54.410721
 42
0.209452
  0
VERTEX
  8
0
 10
307.469240
 20
54.364740
 42
0.177112
  0
VERTEX
  8
0
 10
307.753182
 20
54.568686
 42
0.100858
  0
VERTEX
  8
0
 10
307.948251
 20
55.034882
 42
0.046731
  0
VERTEX
  8
0
 10
308.015313
 20
55.690983
 42
-0.013078
  0
VERTEX
  8
0
 10
308.050331
 20
56.702081
 42
-0.317827
  0
VERTEX
  8
0
 10
308.217354
 20
56.910222
 42
-0.304851
  0
VERTEX
  8
0
 10
308.476476
 20
56.826446
 42
-0.012447
  0
VERTEX
  8
0
 10
309.093602
 20
56.000000
 42
0.029266
  0
VERTEX
  8
0
 10
309.620884
 20
55.341280
 42
0.524380
  0
VERTEX
  8
0
 10
309.847751
 20
55.370632
 42
0.151695
  0
VERTEX
  8
0
 10
309.924886
 20
55.806595
 42
0.008051
  0
VERTEX
  8
0
 10
309.722746
 20
57.219738
 42
-0.026236
  0
VERTEX
  8
0
 10
309.615756
 20
58.227967
 42
-0.060928
  0
VERTEX
  8
0
 10
309.667668
 20
58.985231
 42
-0.137455
  0
VERTEX
  8
0
 10
309.860190
 20
59.370564
 42
-0.361582
  0
VERTEX
  8
0
 10
310.144457
 20
59.410721
 42
0.136837
  0
VERTEX
  8
0
 10
310.473065
 20
59.315662
 42
0.182875
  0
VERTEX
  8
0
 10
310.761933
 20
59.421811
 42
0.137574
  0
VERTEX
  8
0
 10
310.964744
 20
59.729040
 42
0.069006
  0
VERTEX
  8
0
 10
311.045104
 20
60.190983
 42
-0.389417
  0
VERTEX
  8
0
 10
311.201443
 20
60.349924
 42
-0.242592
  0
VERTEX
  8
0
 10
311.457057
 20
60.234226
 42
-0.050049
  0
VERTEX
  8
0
 10
311.881975
 20
59.570940
 42
-0.015635
  0
VERTEX
  8
0
 10
312.384161
 20
58.500000
 42
0.004542
  0
VERTEX
  8
0
 10
313.280889
 20
56.471816
 42
0.212949
  0
VERTEX
  8
0
 10
313.610344
 20
56.179470
 42
0.399970
  0
VERTEX
  8
0
 10
313.909357
 20
56.325685
 42
0.010555
  0
VERTEX
  8
0
 10
314.438394
 20
57.850663
 42
-0.030742
  0
VERTEX
  8
0
 10
314.845670
 20
58.887537
 42
-0.130028
  0
VERTEX
  8
0
 10
315.269071
 20
59.396024
 42
-0.238850
  0
VERTEX
  8
0
 10
315.733776
 20
59.465749
 42
-0.116881
  0
VERTEX
  8
0
 10
316.256955
 20
59.143045
 42
-0.092801
  0
VERTEX
  8
0
 10
316.652367
 20
58.565477
 42
-0.131076
  0
VERTEX
  8
0
 10
316.747902
 20
57.952399
 42
-0.103541
  0
VERTEX
  8
0
 10
316.526451
 20
57.266804
 42
-0.043515
  0
VERTEX
  8
0
 10
315.971920
 20
56.466166
 42
0.028592
  0
VERTEX
  8
0
 10
315.303546
 20
55.560089
 42
0.154954
  0
VERTEX
  8
0
 10
315.142086
 20
54.978780
 42
0.195256
  0
VERTEX
  8
0
 10
315.362735
 20
54.487592
 42
0.049732
  0
VERTEX
  8
0
 10
316.064302
 20
53.939097
 42
-0.022253
  0
VERTEX
  8
0
 10
316.758340
 20
53.455396
 42
-0.379088
  0
VERTEX
  8
0
 10
316.807552
 20
53.203496
 42
-0.244769
  0
VERTEX
  8
0
 10
316.536439
 20
53.033925
 42
-0.013367
  0
VERTEX
  8
0
 10
315.500000
 20
52.979877
 42
0.017209
  0
VERTEX
  8
0
 10
314.383981
 20
52.913080
 42
0.483803
  0
VERTEX
  8
0
 10
314.246153
 20
52.700577
 42
0.177656
  0
VERTEX
  8
0
 10
314.507846
 20
52.375283
 42
0.005593
  0
VERTEX
  8
0
 10
316.000000
 20
51.500000
 42
-0.020809
  0
VERTEX
  8
0
 10
316.880984
 20
50.946531
 42
-0.065528
  0
VERTEX
  8
0
 10
317.398438
 20
50.480268
 42
-0.255293
  0
VERTEX
  8
0
 10
317.458286
 20
50.194738
 42
-0.322855
  0
VERTEX
  8
0
 10
317.250000
 20
50.035435
 42
0.082843
  0
VERTEX
  8
0
 10
316.772590
 20
49.941812
 42
0.090292
  0
VERTEX
  8
0
 10
316.367188
 20
49.699323
 42
0.097504
  0
VERTEX
  8
0
 10
316.095848
 20
49.347718
 42
0.116235
  0
VERTEX
  8
0
 10
316.000000
 20
48.940983
 42
0.132745
  0
VERTEX
  8
0
 10
316.093162
 20
48.596262
 42
0.190280
  0
VERTEX
  8
0
 10
316.339137
 20
48.402650
 42
0.143226
  0
VERTEX
  8
0
 10
316.712617
 20
48.400314
 42
0.068937
  0
VERTEX
  8
0
 10
317.154508
 20
48.595492
 42
-0.029004
  0
VERTEX
  8
0
 10
317.613152
 20
48.843426
 42
-0.315645
  0
VERTEX
  8
0
 10
317.809017
 20
48.809017
 42
-0.315645
  0
VERTEX
  8
0
 10
317.843426
 20
48.613152
 42
-0.029004
  0
VERTEX
  8
0
 10
317.595492
 20
48.154508
 42
0.068937
  0
VERTEX
  8
0
 10
317.400314
 20
47.712617
 42
0.143226
  0
VERTEX
  8
0
 10
317.402650
 20
47.339137
 42
0.190280
  0
VERTEX
  8
0
 10
317.596262
 20
47.093162
 42
0.132745
  0
VERTEX
  8
0
 10
317.940983
 20
47.000000
 42
0.254945
  0
VERTEX
  8
0
 10
318.352635
 20
47.224488
 42
0.060011
  0
VERTEX
  8
0
 10
318.707533
 20
47.954687
 42
0.047432
  0
VERTEX
  8
0
 10
318.962040
 20
49.004981
 42
0.030870
  0
VERTEX
  8
0
 10
319.063386
 20
50.250000
 42
-0.003296
  0
VERTEX
  8
0
 10
319.116388
 20
52.280798
 42
-0.186193
  0
VERTEX
  8
0
 10
319.261017
 20
52.622066
 42
-0.532672
  0
VERTEX
  8
0
 10
319.469184
 20
52.584807
 42
-0.008153
  0
VERTEX
  8
0
 10
320.031162
 20
51.250000
 42
0.028110
  0
VERTEX
  8
0
 10
320.802821
 20
49.604031
 42
0.202658
  0
VERTEX
  8
0
 10
321.471275
 20
49.067557
 42
0.486353
  0
VERTEX
  8
0
 10
321.883709
 20
49.367601
 42
0.050761
  0
VERTEX
  8
0
 10
321.793837
 20
50.750000
 42
-0.096473
  0
VERTEX
  8
0
 10
321.814782
 20
51.555556
 42
-0.156918
  0
VERTEX
  8
0
 10
322.157435
 20
52.140851
 42
-0.117949
  0
VERTEX
  8
0
 10
322.866438
 20
52.523630
 42
-0.042767
  0
VERTEX
  8
0
 10
324.000000
 20
52.723759
 42
-0.015025
  0
VERTEX
  8
0
 10
324.894077
 20
52.776767
 42
-0.072570
  0
VERTEX
  8
0
 10
325.398438
 20
52.718143
 42
-0.498084
  0
VERTEX
  8
0
 10
325.456963
 20
52.574115
 42
-0.154534
  0
VERTEX
  8
0
 10
325.250000
 20
52.390425
 42
0.059776
  0
VERTEX
  8
0
 10
324.771990
 20
52.104761
 42
0.057211
  0
VERTEX
  8
0
 10
324.367188
 20
51.710372
 42
0.061842
  0
VERTEX
  8
0
 10
324.092043
 20
51.272097
 42
0.109706
  0
VERTEX
  8
0
 10
324.000000
 20
50.857650
 42
0.121914
  0
VERTEX
  8
0
 10
324.079653
 20
50.535826
 42
0.187673
  0
VERTEX
  8
0
 10
324.293750
 20
50.350121
 42
0.151112
  0
VERTEX
  8
0
 10
324.617505
 20
50.336022
 42
0.074422
  0
VERTEX
  8
0
 10
325.000000
 20
50.500000
 42
-0.033138
  0
VERTEX
  8
0
 10
325.383860
 20
50.703429
 42
-0.070413
  0
VERTEX
  8
0
 10
325.706250
 20
50.796300
 42
-0.136025
  0
VERTEX
  8
0
 10
325.915182
 20
50.768878
 42
-0.301110
  0
VERTEX
  8
0
 10
326.000000
 20
50.640804
 42
0.059262
  0
VERTEX
  8
0
 10
326.031985
 20
50.371889
 42
0.010772
  0
VERTEX
  8
0
 10
326.160492
 20
49.885526
 42
0.011463
  0
VERTEX
  8
0
 10
326.337192
 20
49.319887
 42
0.010175
  0
VERTEX
  8
0
 10
326.546356
 20
48.739794
 42
-0.134378
  0
VERTEX
  8
0
 10
326.611013
 20
48.090484
 42
-0.240150
  0
VERTEX
  8
0
 10
326.298595
 20
47.670242
 42
-0.108747
  0
VERTEX
  8
0
 10
325.507546
 20
47.473721
 42
-0.021573
  0
VERTEX
  8
0
 10
324.040081
 20
47.497616
 42
0.014367
  0
VERTEX
  8
0
 10
322.902102
 20
47.532550
 42
0.031263
  0
VERTEX
  8
0
 10
322.030330
 20
47.479702
 42
0.056415
  0
VERTEX
  8
0
 10
321.524234
 20
47.358122
 42
0.548811
  0
VERTEX
  8
0
 10
321.485049
 20
47.181618
 42
-0.211855
  0
VERTEX
  8
0
 10
321.595769
 20
46.894334
 42
-0.068488
  0
VERTEX
  8
0
 10
321.509309
 20
46.435973
 42
-0.054318
  0
VERTEX
  8
0
 10
321.258827
 20
45.892296
 42
-0.038134
  0
VERTEX
  8
0
 10
320.868879
 20
45.342009
 42
0.065320
  0
VERTEX
  8
0
 10
320.254101
 20
44.366351
 42
0.577917
  0
VERTEX
  8
0
 10
320.488038
 20
44.036041
 42
0.142904
  0
VERTEX
  8
0
 10
321.387343
 20
44.392494
 42
0.031046
  0
VERTEX
  8
0
 10
322.652048
 20
45.509191
 42
-0.056675
  0
VERTEX
  8
0
 10
323.312546
 20
46.034809
 42
-0.064514
  0
VERTEX
  8
0
 10
324.046952
 20
46.371701
 42
-0.074395
  0
VERTEX
  8
0
 10
324.740669
 20
46.478479
 42
-0.140356
  0
VERTEX
  8
0
 10
325.281366
 20
46.326106
 42
-0.040765
  0
VERTEX
  8
0
 10
325.753813
 20
45.977963
 42
-0.237687
  0
VERTEX
  8
0
 10
325.867102
 20
45.700414
 42
-0.252573
  0
VERTEX
  8
0
 10
325.709337
 20
45.456418
 42
-0.045099
  0
VERTEX
  8
0
 10
325.194515
 20
45.231505
 42
0.076894
  0
VERTEX
  8
0
 10
324.772549
 20
45.014374
 42
0.110014
  0
VERTEX
  8
0
 10
324.495059
 20
44.699851
 42
0.130581
  0
VERTEX
  8
0
 10
324.405193
 20
44.339019
 42
0.135309
  0
VERTEX
  8
0
 10
324.508290
 20
43.986586
 42
-0.228834
  0
VERTEX
  8
0
 10
324.546907
 20
43.615359
 42
-0.111228
  0
VERTEX
  8
0
 10
324.284305
 20
43.203686
 42
-0.074633
  0
VERTEX
  8
0
 10
323.748317
 20
42.810877
 42
-0.044060
  0
VERTEX
  8
0
 10
323.014521
 20
42.504609
 42
0.036626
  0
VERTEX
  8
0
 10
322.243445
 20
42.196139
 42
0.047061
  0
VERTEX
  8
0
 10
321.591765
 20
41.798541
 42
0.054861
  0
VERTEX
  8
0
 10
321.139862
 20
41.376294
 42
0.179310
  0
VERTEX
  8
0
 10
321.000000
 20
40.998833
 42
-0.280781
  0
VERTEX
  8
0
 10
320.817961
 20
40.700224
 42
-0.077310
  0
VERTEX
  8
0
 10
320.273164
 20
40.518744
 42
-0.054376
  0
VERTEX
  8
0
 10
319.473949
 20
40.471860
 42
-0.032346
  0
VERTEX
  8
0
 10
318.525666
 20
40.581124
 42
0.023468
  0
VERTEX
  8
0
 10
317.302392
 20
40.744111
 42
0.150747
  0
VERTEX
  8
0
 10
316.699524
 20
40.613274
 42
0.283439
  0
VERTEX
  8
0
 10
316.484014
 20
40.223849
 42
0.080038
  0
VERTEX
  8
0
 10
316.632655
 20
39.514903
 42
0.089010
  0
VERTEX
  8
0
 10
317.248813
 20
38.496166
 42
0.172944
  0
VERTEX
  8
0
 10
318.069626
 20
38.040495
 42
0.278167
  0
VERTEX
  8
0
 10
318.723017
 20
38.300204
 42
0.163907
  0
VERTEX
  8
0
 10
319.000000
 20
39.122445
 42
-0.099983
  0
VERTEX
  8
0
 10
319.088333
 20
39.559765
 42
-0.312417
  0
VERTEX
  8
0
 10
319.328464
 20
39.712521
 42
-0.140654
  0
VERTEX
  8
0
 10
319.743816
 20
39.575557
 42
-0.023685
  0
VERTEX
  8
0
 10
320.419278
 20
39.066993
 42
0.053059
  0
VERTEX
  8
0
 10
321.179052
 20
38.561900
 42
0.184733
  0
VERTEX
  8
0
 10
321.754293
 20
38.495256
 42
0.164117
  0
VERTEX
  8
0
 10
322.271049
 20
38.830389
 42
0.040000
  0
VERTEX
  8
0
 10
322.844275
 20
39.686218
 42
-0.039698
  0
VERTEX
  8
0
 10
323.274784
 20
40.329807
 42
-0.069364
  0
VERTEX
  8
0
 10
323.737459
 20
40.772540
 42
-0.106475
  0
VERTEX
  8
0
 10
324.156308
 20
40.955940
 42
-0.251608
  0
VERTEX
  8
0
 10
324.472616
 20
40.860717
 42
-0.232714
  0
VERTEX
  8
0
 10
324.593796
 20
40.504737
 42
-0.072399
  0
VERTEX
  8
0
 10
324.436748
 20
39.945395
 42
-0.055236
  0
VERTEX
  8
0
 10
324.050776
 20
39.284576
 42
-0.036618
  0
VERTEX
  8
0
 10
323.476190
 20
38.619048
 42
0.027309
  0
VERTEX
  8
0
 10
322.869252
 20
37.941924
 42
0.102980
  0
VERTEX
  8
0
 10
322.612140
 20
37.436958
 42
0.276527
  0
VERTEX
  8
0
 10
322.697050
 20
37.134690
 42
0.191639
  0
VERTEX
  8
0
 10
323.035560
 20
37.000000
 42
-0.150805
  0
VERTEX
  8
0
 10
323.438234
 20
36.875724
 42
-0.154412
  0
VERTEX
  8
0
 10
323.696288
 20
36.547100
 42
-0.115915
  0
VERTEX
  8
0
 10
323.761088
 20
36.045526
 42
-0.066118
  0
VERTEX
  8
0
 10
323.618443
 20
35.448062
 42
0.036408
  0
VERTEX
  8
0
 10
323.443138
 20
34.868281
 42
0.155351
  0
VERTEX
  8
0
 10
323.474315
 20
34.512472
 42
0.329480
  0
VERTEX
  8
0
 10
323.674071
 20
34.393111
 42
0.114400
  0
VERTEX
  8
0
 10
324.011454
 20
34.507079
 42
-0.077892
  0
VERTEX
  8
0
 10
324.389403
 20
34.666029
 42
-0.155631
  0
VERTEX
  8
0
 10
324.709615
 20
34.644816
 42
-0.185558
  0
VERTEX
  8
0
 10
324.921859
 20
34.450285
 42
-0.116010
  0
VERTEX
  8
0
 10
325.000000
 20
34.118034
 42
-0.082090
  0
VERTEX
  8
0
 10
324.929542
 20
33.691772
 42
-0.053446
  0
VERTEX
  8
0
 10
324.719079
 20
33.238165
 42
-0.052245
  0
VERTEX
  8
0
 10
324.409507
 20
32.827201
 42
-0.066906
  0
VERTEX
  8
0
 10
324.043674
 20
32.526992
 42
0.131686
  0
VERTEX
  8
0
 10
323.722531
 20
32.185949
 42
0.080448
  0
VERTEX
  8
0
 10
323.540714
 20
31.660182
 42
0.070892
  0
VERTEX
  8
0
 10
323.521431
 20
31.035130
 42
0.064013
  0
VERTEX
  8
0
 10
323.674397
 20
30.406124
 42
0.137099
  0
VERTEX
  8
0
 10
324.121895
 20
29.803713
 42
0.254939
  0
VERTEX
  8
0
 10
324.705806
 20
29.709394
 42
0.093350
  0
VERTEX
  8
0
 10
325.580682
 20
30.216439
 42
0.013142
  0
VERTEX
  8
0
 10
327.130723
 20
31.625241
 42
-0.021070
  0
VERTEX
  8
0
 10
328.260922
 20
32.620207
 42
-0.053737
  0
VERTEX
  8
0
 10
329.177441
 20
33.210705
 42
-0.131548
  0
VERTEX
  8
0
 10
329.750674
 20
33.328925
 42
-0.397265
  0
VERTEX
  8
0
 10
330.000000
 20
33.064646
 42
0.055952
  0
VERTEX
  8
0
 10
330.068901
 20
32.450855
 42
0.341759
  0
VERTEX
  8
0
 10
330.299446
 20
32.261122
 42
0.165558
  0
VERTEX
  8
0
 10
330.706935
 20
32.386358
 42
0.016604
  0
VERTEX
  8
0
 10
331.522892
 20
33.018999
 42
-0.008989
  0
VERTEX
  8
0
 10
332.385770
 20
33.709308
 42
-0.287554
  0
VERTEX
  8
0
 10
332.643087
 20
33.734286
 42
-0.372779
  0
VERTEX
  8
0
 10
332.730022
 20
33.525131
 42
-0.011672
  0
VERTEX
  8
0
 10
332.393850
 20
32.583973
 42
-0.077287
  0
VERTEX
  8
0
 10
332.043866
 20
31.973670
 42
-0.089970
  0
VERTEX
  8
0
 10
331.540110
 20
31.535043
 42
-0.100774
  0
VERTEX
  8
0
 10
330.963814
 20
31.333731
 42
-0.126063
  0
VERTEX
  8
0
 10
330.402983
 20
31.398855
 42
0.084815
  0
VERTEX
  8
0
 10
329.839721
 20
31.511383
 42
0.078813
  0
VERTEX
  8
0
 10
329.255692
 20
31.435417
 42
0.081532
  0
VERTEX
  8
0
 10
328.740999
 20
31.187203
 42
0.101640
  0
VERTEX
  8
0
 10
328.377517
 20
30.801818
 42
0.033384
  0
VERTEX
  8
0
 10
328.151292
 20
30.374434
 42
0.333325
  0
VERTEX
  8
0
 10
328.193445
 20
30.188892
 42
0.293058
  0
VERTEX
  8
0
 10
328.395653
 20
30.161683
 42
0.029304
  0
VERTEX
  8
0
 10
328.845492
 20
30.404508
 42
-0.180478
  0
VERTEX
  8
0
 10
329.637048
 20
30.562052
 42
-0.484436
  0
VERTEX
  8
0
 10
329.875925
 20
30.132892
 42
-0.067837
  0
VERTEX
  8
0
 10
329.017613
 20
28.667305
 42
-0.017562
  0
VERTEX
  8
0
 10
327.250000
 20
26.570352
 42
0.006464
  0
VERTEX
  8
0
 10
326.276142
 20
25.465745
 42
0.062587
  0
VERTEX
  8
0
 10
325.931984
 20
24.945723
 42
0.764063
  0
VERTEX
  8
0
 10
326.025259
 20
24.862996
 42
0.029230
  0
VERTEX
  8
0
 10
326.624841
 20
25.307353
 42
-0.036275
  0
VERTEX
  8
0
 10
327.539448
 20
25.965440
 42
-0.037538
  0
VERTEX
  8
0
 10
328.529462
 20
26.476021
 42
-0.040344
  0
VERTEX
  8
0
 10
329.449293
 20
26.781320
 42
-0.112688
  0
VERTEX
  8
0
 10
330.124841
 20
26.791720
 42
0.094353
  0
VERTEX
  8
0
 10
330.628677
 20
26.781194
 42
0.146159
  0
VERTEX
  8
0
 10
331.016231
 20
26.972014
 42
0.152597
  0
VERTEX
  8
0
 10
331.225044
 20
27.336586
 42
0.105648
  0
VERTEX
  8
0
 10
331.228288
 20
27.815137
 42
-0.172674
  0
VERTEX
  8
0
 10
331.485945
 20
29.667106
 42
-0.045768
  0
VERTEX
  8
0
 10
333.126041
 20
32.216414
 42
-0.053870
  0
VERTEX
  8
0
 10
334.982877
 20
34.128294
 42
-0.455474
  0
VERTEX
  8
0
 10
336.026395
 20
33.957291
 42
0.122429
  0
VERTEX
  8
0
 10
336.444478
 20
33.548978
 42
0.255777
  0
VERTEX
  8
0
 10
336.885548
 20
33.536133
 42
0.125588
  0
VERTEX
  8
0
 10
337.378476
 20
33.969837
 42
0.026997
  0
VERTEX
  8
0
 10
337.973533
 20
34.950547
 42
0.028842
  0
VERTEX
  8
0
 10
338.386773
 20
35.842799
 42
0.039755
  0
VERTEX
  8
0
 10
338.644790
 20
36.687075
 42
0.044928
  0
VERTEX
  8
0
 10
338.733226
 20
37.377857
 42
0.208686
  0
VERTEX
  8
0
 10
338.589696
 20
37.743637
 42
-0.203637
  0
VERTEX
  8
0
 10
338.455228
 20
38.076799
 42
-0.065379
  0
VERTEX
  8
0
 10
338.535950
 20
38.615508
 42
-0.052896
  0
VERTEX
  8
0
 10
338.795702
 20
39.256515
 42
-0.038128
  0
VERTEX
  8
0
 10
339.210448
 20
39.907991
 42
0.001810
  0
VERTEX
  8
0
 10
339.901717
 20
40.837378
 42
0.263452
  0
VERTEX
  8
0
 10
339.917404
 20
40.966708
 42
0.511987
  0
VERTEX
  8
0
 10
339.832870
 20
40.986494
 42
0.002418
  0
VERTEX
  8
0
 10
339.048576
 20
40.296804
 42
-0.068583
  0
VERTEX
  8
0
 10
338.307260
 20
39.801324
 42
-0.102115
  0
VERTEX
  8
0
 10
337.553448
 20
39.609879
 42
-0.090318
  0
VERTEX
  8
0
 10
336.718301
 20
39.723280
 42
-0.044101
  0
VERTEX
  8
0
 10
335.726127
 20
40.146572
 42
0.012244
  0
VERTEX
  8
0
 10
334.795676
 20
40.615598
 42
0.120263
  0
VERTEX
  8
0
 10
334.368574
 20
40.703532
 42
0.483545
  0
VERTEX
  8
0
 10
334.247414
 20
40.538634
 42
0.071736
  0
VERTEX
  8
0
 10
334.438340
 20
40.099768
 42
-0.079911
  0
VERTEX
  8
0
 10
334.647455
 20
39.596900
 42
-0.059211
  0
VERTEX
  8
0
 10
334.717444
 20
38.997945
 42
-0.059125
  0
VERTEX
  8
0
 10
334.645092
 20
38.398271
 42
-0.079012
  0
VERTEX
  8
0
 10
334.434017
 20
37.893237
 42
-0.298125
  0
VERTEX
  8
0
 10
333.654425
 20
37.528360
 42
-0.261988
  0
VERTEX
  8
0
 10
332.930964
 20
38.083123
 42
-0.111854
  0
VERTEX
  8
0
 10
332.650308
 20
39.613491
 42
-0.112975
  0
VERTEX
  8
0
 10
333.058496
 20
41.109300
 42
-0.091203
  0
VERTEX
  8
0
 10
333.609394
 20
41.799963
 42
-0.078692
  0
VERTEX
  8
0
 10
334.397345
 20
42.292361
 42
-0.071448
  0
VERTEX
  8
0
 10
335.370530
 20
42.550020
 42
-0.056435
  0
VERTEX
  8
0
 10
336.460940
 20
42.553745
 42
0.120150
  0
VERTEX
  8
0
 10
338.706861
 20
42.846958
 42
0.118861
  0
VERTEX
  8
0
 10
340.576097
 20
44.141159
 42
0.116891
  0
VERTEX
  8
0
 10
341.671068
 20
46.165300
 42
0.113491
  0
VERTEX
  8
0
 10
341.757385
 20
48.488826
 42
-0.040142
  0
VERTEX
  8
0
 10
341.645505
 20
49.514574
 42
-0.048398
  0
VERTEX
  8
0
 10
341.711654
 20
50.481306
 42
-0.055622
  0
VERTEX
  8
0
 10
341.931203
 20
51.255979
 42
-0.158796
  0
VERTEX
  8
0
 10
342.288618
 20
51.678376
 42
-0.061292
  0
VERTEX
  8
0
 10
342.662128
 20
51.850192
 42
-0.423826
  0
VERTEX
  8
0
 10
342.821628
 20
51.764494
 42
-0.177939
  0
VERTEX
  8
0
 10
342.799441
 20
51.473839
 42
-0.022513
  0
VERTEX
  8
0
 10
342.507804
 20
50.904508
 42
0.006167
  0
VERTEX
  8
0
 10
342.081204
 20
50.134784
 42
0.479522
  0
VERTEX
  8
0
 10
342.128962
 20
50.021988
 42
0.257388
  0
VERTEX
  8
0
 10
342.299057
 20
50.061425
 42
0.004127
  0
VERTEX
  8
0
 10
343.053296
 20
50.750000
 42
0.051230
  0
VERTEX
  8
0
 10
343.605512
 20
51.379297
 42
0.123175
  0
VERTEX
  8
0
 10
343.829763
 20
51.952759
 42
0.145795
  0
VERTEX
  8
0
 10
343.740210
 20
52.501052
 42
0.083681
  0
VERTEX
  8
0
 10
343.348665
 20
53.051335
 42
0.227788
  0
VERTEX
  8
0
 10
342.673442
 20
53.288262
 42
0.109863
  0
VERTEX
  8
0
 10
341.785254
 20
52.984713
 42
0.057839
  0
VERTEX
  8
0
 10
340.623127
 20
52.075844
 42
0.017752
  0
VERTEX
  8
0
 10
339.092541
 20
50.452617
 42
0.008755
  0
VERTEX
  8
0
 10
337.159601
 20
48.171778
 42
0.103080
  0
VERTEX
  8
0
 10
336.625317
 20
47.145707
 42
0.239358
  0
VERTEX
  8
0
 10
336.779616
 20
46.365447
 42
0.068686
  0
VERTEX
  8
0
 10
337.692303
 20
45.483043
 42
-0.045227
  0
VERTEX
  8
0
 10
338.328562
 20
44.923012
 42
-0.071738
  0
VERTEX
  8
0
 10
338.746918
 20
44.331281
 42
-0.101117
  0
VERTEX
  8
0
 10
338.893542
 20
43.802786
 42
-0.216930
  0
VERTEX
  8
0
 10
338.748428
 20
43.415094
 42
-0.107665
  0
VERTEX
  8
0
 10
338.463617
 20
43.232180
 42
-0.250557
  0
VERTEX
  8
0
 10
338.219851
 20
43.265194
 42
-0.178641
  0
VERTEX
  8
0
 10
338.052872
 20
43.513707
 42
-0.059588
  0
VERTEX
  8
0
 10
338.000000
 20
43.955778
 42
0.060818
  0
VERTEX
  8
0
 10
337.930551
 20
44.524626
 42
0.314174
  0
VERTEX
  8
0
 10
337.704795
 20
44.722232
 42
0.179049
  0
VERTEX
  8
0
 10
337.317505
 20
44.625747
 42
0.023560
  0
VERTEX
  8
0
 10
336.629422
 20
44.107411
 42
-0.069783
  0
VERTEX
  8
0
 10
335.949416
 20
43.687322
 42
-0.403880
  0
VERTEX
  8
0
 10
335.589969
 20
43.820019
 42
-0.128208
  0
VERTEX
  8
0
 10
335.458199
 20
44.489184
 42
-0.011116
  0
VERTEX
  8
0
 10
335.603128
 20
46.234966
 42
0.004543
  0
VERTEX
  8
0
 10
335.801922
 20
48.299989
 42
0.193113
  0
VERTEX
  8
0
 10
335.675910
 20
48.715216
 42
0.472949
  0
VERTEX
  8
0
 10
335.396975
 20
48.718305
 42
0.012139
  0
VERTEX
  8
0
 10
334.505739
 20
47.602678
 42
0.028443
  0
VERTEX
  8
0
 10
333.983654
 20
46.827805
 42
0.038065
  0
VERTEX
  8
0
 10
333.607541
 20
46.068557
 42
0.042141
  0
VERTEX
  8
0
 10
333.407974
 20
45.422533
 42
0.194643
  0
VERTEX
  8
0
 10
333.472521
 20
45.044462
 42
-0.246561
  0
VERTEX
  8
0
 10
333.501706
 20
44.628789
 42
-0.024989
  0
VERTEX
  8
0
 10
333.044432
 20
43.713557
 42
-0.026716
  0
VERTEX
  8
0
 10
332.346543
 20
42.616887
 42
-0.018038
  0
VERTEX
  8
0
 10
331.441623
 20
41.441784
 42
-0.008201
  0
VERTEX
  8
0
 10
330.295192
 20
40.104483
 42
-0.088419
  0
VERTEX
  8
0
 10
329.738473
 20
39.664041
 42
-0.595945
  0
VERTEX
  8
0
 10
329.539405
 20
39.795015
 42
-0.061193
  0
VERTEX
  8
0
 10
329.688366
 20
40.500000
 42
0.009331
  0
VERTEX
  8
0
 10
330.066211
 20
41.672266
 42
0.325653
  0
VERTEX
  8
0
 10
329.976146
 20
41.929738
 42
0.323156
  0
VERTEX
  8
0
 10
329.702391
 20
41.924131
 42
0.009255
  0
VERTEX
  8
0
 10
328.729452
 20
41.162596
 42
0.038384
  0
VERTEX
  8
0
 10
327.956020
 20
40.428439
 42
0.143700
  0
VERTEX
  8
0
 10
327.668100
 20
39.831282
 42
0.169913
  0
VERTEX
  8
0
 10
327.772288
 20
39.234324
 42
0.059149
  0
VERTEX
  8
0
 10
328.292221
 20
38.517556
 42
0.045624
  0
VERTEX
  8
0
 10
328.809768
 20
38.050756
 42
0.057955
  0
VERTEX
  8
0
 10
329.365527
 20
37.727418
 42
0.069784
  0
VERTEX
  8
0
 10
329.874586
 20
37.585544
 42
0.170845
  0
VERTEX
  8
0
 10
330.250000
 20
37.663977
 42
-0.108982
  0
VERTEX
  8
0
 10
330.535646
 20
37.760951
 42
-0.180222
  0
VERTEX
  8
0
 10
330.779688
 20
37.699561
 42
-0.160159
  0
VERTEX
  8
0
 10
330.943519
 20
37.484105
 42
-0.083317
  0
VERTEX
  8
0
 10
331.000000
 20
37.147501
 42
0.312956
  0
VERTEX
  8
0
 10
331.432799
 20
36.523755
 42
0.137997
  0
VERTEX
  8
0
 10
332.484483
 20
36.435912
 42
0.075281
  0
VERTEX
  8
0
 10
334.014573
 20
36.979242
 42
0.044582
  0
VERTEX
  8
0
 10
335.637384
 20
38.043831
 42
-0.003390
  0
VERTEX
  8
0
 10
336.856396
 20
38.995623
 42
-0.564279
  0
VERTEX
  8
0
 10
336.986063
 20
38.945129
 42
-0.190024
  0
VERTEX
  8
0
 10
336.934191
 20
38.693883
 42
-0.001597
  0
VERTEX
  8
0
 10
335.818685
 20
37.000000
 42
-0.041538
  0
VERTEX
  8
0
 10
335.086104
 20
36.072625
 42
-0.051534
  0
VERTEX
  8
0
 10
334.257020
 20
35.351006
 42
-0.060429
  0
VERTEX
  8
0
 10
333.458992
 20
34.922760
 42
-0.166983
  0
VERTEX
  8
0
 10
332.830419
 20
34.897040
 42
0.041687
  0
VERTEX
  8
0
 10
332.107211
 20
35.048688
 42
0.010955
  0
VERTEX
  8
0
 10
330.928713
 20
35.168667
 42
0.011047
  0
VERTEX
  8
0
 10
329.576274
 20
35.246455
 42
0.011123
  0
VERTEX
  8
0
 10
328.224773
 20
35.264181
 42
-0.012642
  0
VERTEX
  8
0
 10
326.469421
 20
35.292538
 42
-0.134986
  0
VERTEX
  8
0
 10
325.796365
 20
35.507978
 42
-0.366330
  0
VERTEX
  8
0
 10
325.672989
 20
35.920871
 42
-0.070314
  0
VERTEX
  8
0
 10
326.116217
 20
36.640032
 42
0.014222
  0
VERTEX
  8
0
 10
326.709829
 20
37.398169
 42
0.376903
  0
VERTEX
  8
0
 10
326.689615
 20
37.635306
 42
0.277434
  0
VERTEX
  8
0
 10
326.418246
 20
37.697024
 42
0.010382
  0
VERTEX
  8
0
 10
325.391444
 20
37.335661
 42
-0.009009
  0
VERTEX
  8
0
 10
324.250640
 20
36.930655
 42
-0.396561
  0
VERTEX
  8
0
 10
324.039364
 20
37.028051
 42
-0.266879
  0
VERTEX
  8
0
 10
324.078319
 20
37.308879
 42
-0.005999
  0
VERTEX
  8
0
 10
324.956169
 20
38.413651
 42
0.028878
  0
VERTEX
  8
0
 10
325.529642
 20
39.207336
 42
0.023837
  0
VERTEX
  8
0
 10
326.048691
 20
40.113261
 42
0.024485
  0
VERTEX
  8
0
 10
326.445241
 20
40.992577
 42
0.057307
  0
VERTEX
  8
0
 10
326.630559
 20
41.688592
 42
-0.105180
  0
VERTEX
  8
0
 10
327.188307
 20
43.191690
 42
-0.037469
  0
VERTEX
  8
0
 10
328.562827
 20
45.038550
 42
-0.034273
  0
VERTEX
  8
0
 10
330.057838
 20
46.540053
 42
-0.394910
  0
VERTEX
  8
0
 10
330.818527
 20
46.514807
 42
0.322181
  0
VERTEX
  8
0
 10
331.508770
 20
46.401972
 42
0.059136
  0
VERTEX
  8
0
 10
332.654608
 20
47.151802
 42
0.055936
  0
VERTEX
  8
0
 10
333.678045
 20
48.225473
 42
0.163867
  0
VERTEX
  8
0
 10
334.000000
 20
49.181462
 42
0.157233
  0
VERTEX
  8
0
 10
333.904546
 20
49.477500
 42
0.191315
  0
VERTEX
  8
0
 10
333.660863
 20
49.633318
 42
0.127387
  0
VERTEX
  8
0
 10
333.287861
 20
49.609951
 42
0.059470
  0
VERTEX
  8
0
 10
332.845492
 20
49.404508
 42
-0.029713
  0
VERTEX
  8
0
 10
332.361448
 20
49.143730
 42
-0.394428
  0
VERTEX
  8
0
 10
332.185214
 20
49.201474
 42
-0.250229
  0
VERTEX
  8
0
 10
332.182281
 20
49.438240
 42
-0.018896
  0
VERTEX
  8
0
 10
332.509536
 20
50.015430
 42
0.038386
  0
VERTEX
  8
0
 10
332.827253
 20
50.630443
 42
0.365483
  0
VERTEX
  8
0
 10
332.746019
 20
50.892401
 42
0.217744
  0
VERTEX
  8
0
 10
332.392427
 20
50.942411
 42
0.019531
  0
VERTEX
  8
0
 10
331.522601
 20
50.647047
 42
-0.010188
  0
VERTEX
  8
0
 10
330.510470
 20
50.282133
 42
-0.338197
  0
VERTEX
  8
0
 10
330.280430
 20
50.360051
 42
-0.321955
  0
VERTEX
  8
0
 10
330.288145
 20
50.608970
 42
-0.009698
  0
VERTEX
  8
0
 10
330.971863
 20
51.466097
 42
-0.043066
  0
VERTEX
  8
0
 10
331.508503
 20
52.009863
 42
-0.057860
  0
VERTEX
  8
0
 10
332.083026
 20
52.394809
 42
-0.071575
  0
VERTEX
  8
0
 10
332.607632
 20
52.575571
 42
-0.187785
  0
VERTEX
  8
0
 10
332.992555
 20
52.504601
 42
0.251442
  0
VERTEX
  8
0
 10
333.446588
 20
52.476915
 42
0.033990
  0
VERTEX
  8
0
 10
334.313330
 20
52.950107
 42
0.032536
  0
VERTEX
  8
0
 10
335.340492
 20
53.703325
 42
0.021909
  0
VERTEX
  8
0
 10
336.413232
 20
54.685959
 42
-0.016391
  0
VERTEX
  8
0
 10
337.399782
 20
55.609865
 42
-0.058408
  0
VERTEX
  8
0
 10
338.111255
 20
56.099914
 42
-0.320129
  0
VERTEX
  8
0
 10
338.399231
 20
56.061337
 42
-0.305068
  0
VERTEX
  8
0
 10
338.465810
 20
55.771498
 42
0.137889
  0
VERTEX
  8
0
 10
338.342139
 20
54.436272
 42
0.239590
  0
VERTEX
  8
0
 10
339.001916
 20
53.571982
 42
0.183558
  0
VERTEX
  8
0
 10
340.274905
 20
53.463001
 42
0.091170
  0
VERTEX
  8
0
 10
341.748246
 20
54.192067
 42
0.055312
  0
VERTEX
  8
0
 10
343.076202
 20
55.433809
 42
0.132071
  0
VERTEX
  8
0
 10
343.653571
 20
56.641980
 42
0.202802
  0
VERTEX
  8
0
 10
343.432300
 20
57.645619
 42
0.147867
  0
VERTEX
  8
0
 10
342.519309
 20
58.354217
 42
0.055052
  0
VERTEX
  8
0
 10
341.945453
 20
58.504674
 42
0.222418
  0
VERTEX
  8
0
 10
341.607774
 20
58.403431
 42
0.242880
  0
VERTEX
  8
0
 10
341.487765
 20
58.089621
 42
0.063871
  0
VERTEX
  8
0
 10
341.619101
 20
57.550223
 42
-0.092516
  0
VERTEX
  8
0
 10
341.724301
 20
56.978284
 42
-0.080413
  0
VERTEX
  8
0
 10
341.625243
 20
56.376278
 42
-0.080543
  0
VERTEX
  8
0
 10
341.341594
 20
55.837116
 42
-0.093314
  0
VERTEX
  8
0
 10
340.913665
 20
55.446642
 42
-0.025131
  0
VERTEX
  8
0
 10
340.429122
 20
55.179841
 42
-0.242876
  0
VERTEX
  8
0
 10
340.201609
 20
55.185178
 42
-0.383203
  0
VERTEX
  8
0
 10
340.142571
 20
55.352647
 42
-0.040176
  0
VERTEX
  8
0
 10
340.348736
 20
55.755249
 42
0.089595
  0
VERTEX
  8
0
 10
340.555636
 20
56.281088
 42
0.046202
  0
VERTEX
  8
0
 10
340.629151
 20
56.986703
 42
0.043922
  0
VERTEX
  8
0
 10
340.570844
 20
57.749265
 42
0.050620
  0
VERTEX
  8
0
 10
340.379689
 20
58.452930
 42
0.036023
  0
VERTEX
  8
0
 10
339.964785
 20
59.337861
 42
0.261383
  0
VERTEX
  8
0
 10
339.578708
 20
59.574052
 42
0.178526
  0
VERTEX
  8
0
 10
339.069777
 20
59.407865
 42
0.016654
  0
VERTEX
  8
0
 10
338.045293
 20
58.540990
 42
-0.039038
  0
VERTEX
  8
0
 10
337.342482
 20
57.998313
 42
-0.056595
  0
VERTEX
  8
0
 10
336.642829
 20
57.646058
 42
-0.072741
  0
VERTEX
  8
0
 10
336.049340
 20
57.520724
 42
-0.215312
  0
VERTEX
  8
0
 10
335.668848
 20
57.664485
 42
0.290806
  0
VERTEX
  8
0
 10
335.417958
 20
57.720430
 42
0.199860
  0
VERTEX
  8
0
 10
335.196474
 20
57.517737
 42
0.078852
  0
VERTEX
  8
0
 10
335.046082
 20
56.990304
 42
0.030107
  0
VERTEX
  8
0
 10
335.000000
 20
56.225684
 42
-0.066668
  0
VERTEX
  8
0
 10
334.780131
 20
54.584018
 42
-0.175255
  0
VERTEX
  8
0
 10
334.106622
 20
53.627038
 42
-0.326538
  0
VERTEX
  8
0
 10
333.300464
 20
53.643725
 42
-0.138996
  0
VERTEX
  8
0
 10
332.616239
 20
54.557681
 42
-0.031346
  0
VERTEX
  8
0
 10
332.439439
 20
55.121753
 42
-0.104298
  0
VERTEX
  8
0
 10
332.426607
 20
55.507900
 42
-0.295797
  0
VERTEX
  8
0
 10
332.566432
 20
55.658047
 42
-0.202543
  0
VERTEX
  8
0
 10
332.803869
 20
55.621216
 42
0.262943
  0
VERTEX
  8
0
 10
333.112420
 20
55.609074
 42
0.139528
  0
VERTEX
  8
0
 10
333.400488
 20
55.878615
 42
0.078111
  0
VERTEX
  8
0
 10
333.623578
 20
56.428455
 42
0.038606
  0
VERTEX
  8
0
 10
333.738248
 20
57.175246
 42
0.014476
  0
VERTEX
  8
0
 10
333.795425
 20
58.411008
 42
0.353709
  0
VERTEX
  8
0
 10
333.597973
 20
58.664025
 42
0.236941
  0
VERTEX
  8
0
 10
333.224368
 20
58.573737
 42
0.008285
  0
VERTEX
  8
0
 10
332.069389
 20
57.562796
 42
-0.017257
  0
VERTEX
  8
0
 10
331.029775
 20
56.685268
 42
-0.148998
  0
VERTEX
  8
0
 10
330.470694
 20
56.467956
 42
-0.267274
  0
VERTEX
  8
0
 10
330.060726
 20
56.664698
 42
-0.058721
  0
VERTEX
  8
0
 10
329.682996
 20
57.383715
 42
-0.113077
  0
VERTEX
  8
0
 10
329.589066
 20
58.044473
 42
-0.070453
  0
VERTEX
  8
0
 10
329.764142
 20
58.810609
 42
-0.064969
  0
VERTEX
  8
0
 10
330.169438
 20
59.561234
 42
-0.066311
  0
VERTEX
  8
0
 10
330.751399
 20
60.176887
 42
-0.007559
  0
VERTEX
  8
0
 10
331.550715
 20
60.804931
 42
-0.143815
  0
VERTEX
  8
0
 10
331.844232
 20
60.917153
 42
-0.576482
  0
VERTEX
  8
0
 10
331.926155
 20
60.798535
 42
-0.024892
  0
VERTEX
  8
0
 10
331.631077
 20
60.246983
 42
0.412302
  0
VERTEX
  8
0
 10
331.814446
 20
59.501255
 42
0.184111
  0
VERTEX
  8
0
 10
332.910904
 20
59.297867
 42
0.071004
  0
VERTEX
  8
0
 10
334.897114
 20
59.961601
 42
0.063295
  0
VERTEX
  8
0
 10
336.705453
 20
61.174210
 42
-0.083982
  0
VERTEX
  8
0
 10
338.180655
 20
62.077747
 42
-0.130200
  0
VERTEX
  8
0
 10
339.654169
 20
62.259961
 42
-0.253532
  0
VERTEX
  8
0
 10
340.442579
 20
61.682084
 42
-0.229934
  0
VERTEX
  8
0
 10
340.432073
 20
60.664590
 42
0.090876
  0
VERTEX
  8
0
 10
340.356178
 20
60.401726
 42
0.635779
  0
VERTEX
  8
0
 10
340.440190
 20
60.351595
 42
0.061976
  0
VERTEX
  8
0
 10
340.753934
 20
60.625896
 42
0.010373
  0
VERTEX
  8
0
 10
341.274719
 20
61.234456
 42
-0.048760
  0
VERTEX
  8
0
 10
341.883309
 20
61.844104
 42
-0.069434
  0
VERTEX
  8
0
 10
342.534758
 20
62.243670
 42
-0.090410
  0
VERTEX
  8
0
 10
343.126253
 20
62.382914
 42
-0.190515
  0
VERTEX
  8
0
 10
343.565909
 20
62.234456
 42
0.233183
  0
VERTEX
  8
0
 10
343.706416
 20
62.199478
 42
0.488313
  0
VERTEX
  8
0
 10
343.748103
 20
62.286197
 42
0.037767
  0
VERTEX
  8
0
 10
343.481358
 20
62.735349
 42
0.008891
  0
VERTEX
  8
0
 10
342.967032
 20
63.441958
 42
-0.013452
  0
VERTEX
  8
0
 10
342.394540
 20
64.243750
 42
-0.103597
  0
VERTEX
  8
0
 10
342.221411
 20
64.668904
 42
-0.535857
  0
VERTEX
  8
0
 10
342.349455
 20
64.792373
 42
-0.081269
  0
VERTEX
  8
0
 10
342.750000
 20
64.632941
 42
0.148829
  0
VERTEX
  8
0
 10
343.307124
 20
64.493349
 42
0.253329
  0
VERTEX
  8
0
 10
343.706867
 20
64.736350
 42
0.109119
  0
VERTEX
  8
0
 10
343.938257
 20
65.456233
 42
0.023409
  0
VERTEX
  8
0
 10
344.000000
 20
66.774316
 42
0.030205
  0
VERTEX
  8
0
 10
343.858016
 20
69.122536
 42
0.183480
  0
VERTEX
  8
0
 10
343.301542
 20
70.181825
 42
0.228111
  0
VERTEX
  8
0
 10
342.266628
 20
70.474518
 42
0.047635
  0
VERTEX
  8
0
 10
340.397177
 20
69.960907
 42
-0.017458
  0
VERTEX
  8
0
 10
339.477620
 20
69.647570
 42
-0.031650
  0
VERTEX
  8
0
 10
338.704171
 20
69.466297
 42
-0.037704
  0
VERTEX
  8
0
 10
338.144396
 20
69.414899
 42
-0.418964
  0
VERTEX
  8
0
 10
338.000000
 20
69.556975
 42
-0.300670
  0
VERTEX
  8
0
 10
338.443274
 20
70.227480
 42
-0.028585
  0
VERTEX
  8
0
 10
340.385952
 20
70.926411
 42
-0.032953
  0
VERTEX
  8
0
 10
342.461247
 20
71.395551
 42
-0.130737
  0
VERTEX
  8
0
 10
343.750000
 20
71.261610
 42
-0.201047
  0
VERTEX
  8
0
 10
344.270793
 20
70.766263
 42
-0.046251
  0
VERTEX
  8
0
 10
344.661834
 20
69.590965
 42
-0.037207
  0
VERTEX
  8
0
 10
344.917841
 20
67.945873
 42
-0.020003
  0
SEQEND
  0
POLYLINE
  8
0
 66
1
 70
1
  0
VERTEX
  8
0
 10
251.500000
 20
68.766113
 42
-0.450569
  0
VERTEX
  8
0
 10
251.518155
 20
68.527935
 42
-0.168911
  0
VERTEX
  8
0
 10
251.178125
 20
68.357107
 42
-0.046627
  0
VERTEX
  8
0
 10
250.280660
 20
68.323247
 42
-0.016555
  0
VERTEX
  8
0
 10
249.000000
 20
68.436990
 42
-0.002368
  0
VERTEX
  8
0
 10
245.716584
 20
68.854329
 42
-0.128772
  0
VERTEX
  8
0
 10
245.141556
 20
69.088882
 42
-0.602954
  0
VERTEX
  8
0
 10
245.184808
 20
69.360675
 42
-0.010245
  0
VERTEX
  8
0
 10
247.000000
 20
69.936770
 42
-0.024816
  0
VERTEX
  8
0
 10
247.993899
 20
70.177055
 42
-0.033426
  0
VERTEX
  8
0
 10
248.912500
 20
70.288526
 42
-0.035325
  0
VERTEX
  8
0
 10
249.651827
 20
70.276187
 42
-0.194431
  0
VERTEX
  8
0
 10
250.000000
 20
70.098724
 42
0.023328
  0
VERTEX
  8
0
 10
250.260638
 20
69.825594
 42
0.008945
  0
VERTEX
  8
0
 10
250.646875
 20
69.469894
 42
0.008834
  0
VERTEX
  8
0
 10
251.080488
 20
69.098166
 42
0.010743
  0
SEQEND
  0
POLYLINE
  8
0
 66
1
 70
1
  0
VERTEX
  8
0
 10
261.000000
 20
69.000000
 42
-0.042167
  0
VERTEX
  8
0
 10
260.967655
 20
68.617151
 42
-0.061769
  0
VERTEX
  8
0
 10
260.870461
 20
68.293750
 42
-0.081139
  0
VERTEX
  8
0
 10
260.727648
 20
68.074460
 42
-0.210953
  0
VERTEX
  8
0
 10
260.559017
 20
68.000000
 42
-0.151918
  0
VERTEX
  8
0
 10
260.348290
 20
68.065539
 42
-0.038439
  0
VERTEX
  8
0
 10
260.066025
 20
68.293750
 42
-0.035638
  0
VERTEX
  8
0
 10
259.768994
 20
68.617226
 42
-0.029505
  0
VERTEX
  8
0
 10
259.500000
 20
69.000000
 42
-0.082592
  0
VERTEX
  8
0
 10
259.343488
 20
69.382100
 42
-0.161196
  0
VERTEX
  8
0
 10
259.374600
 20
69.706250
 42
-0.182303
  0
VERTEX
  8
0
 10
259.586039
 20
69.921712
 42
-0.108972
  0
VERTEX
  8
0
 10
259.940983
 20
70.000000
 42
-0.093332
  0
VERTEX
  8
0
 10
260.345238
 20
69.923877
 42
-0.096420
  0
VERTEX
  8
0
 10
260.688914
 20
69.706250
 42
-0.099167
  0
VERTEX
  8
0
 10
260.918938
 20
69.381556
 42
-0.105053
  0
SEQEND
  0
POLYLINE
  8
0
 66
1
 70
1
  0
VERTEX
  8
0
 10
298.433788
 20
68.892866
 42
0.102103
  0
VERTEX
  8
0
 10
298.276291
 20
68.461501
 42
0.351868
  0
VERTEX
  8
0
 10
298.416604
 20
68.222082
 42
0.143847
  0
VERTEX
  8
0
 10
298.869335
 20
68.186568
 42
0.024976
  0
VERTEX
  8
0
 10
299.708104
 20
68.407356
 42
-0.044324
  0
VERTEX
  8
0
 10
300.598202
 20
68.605223
 42
-0.140382
  0
VERTEX
  8
0
 10
301.195975
 20
68.515618
 42
-0.192707
  0
VERTEX
  8
0
 10
301.543632
 20
68.151532
 42
-0.095683
  0
VERTEX
  8
0
 10
301.666667
 20
67.514490
 42
-0.043901
  0
VERTEX
  8
0
 10
301.615664
 20
66.934731
 42
-0.063689
  0
VERTEX
  8
0
 10
301.462686
 20
66.444881
 42
-0.083450
  0
VERTEX
  8
0
 10
301.237677
 20
66.113447
 42
-0.204757
  0
VERTEX
  8
0
 10
300.972264
 20
66.000000
 42
0.410176
  0
VERTEX
  8
0
 10
300.757294
 20
65.787978
 42
0.026719
  0
VERTEX
  8
0
 10
300.795467
 20
64.825000
 42
0.026689
  0
VERTEX
  8
0
 10
300.985834
 20
63.534078
 42
0.015266
  0
VERTEX
  8
0
 10
301.345522
 20
62.000000
 42
0.019529
  0
VERTEX
  8
0
 10
302.150631
 20
59.396266
 42
0.128886
  0
VERTEX
  8
0
 10
302.908454
 20
58.277309
 42
0.341018
  0
VERTEX
  8
0
 10
303.706883
 20
58.227874
 42
0.105832
  0
VERTEX
  8
0
 10
304.595492
 20
59.154508
 42
0.029004
  0
VERTEX
  8
0
 10
304.843426
 20
59.613152
 42
0.315645
  0
VERTEX
  8
0
 10
304.809017
 20
59.809017
 42
0.315645
  0
VERTEX
  8
0
 10
304.613152
 20
59.843426
 42
0.029004
  0
VERTEX
  8
0
 10
304.154508
 20
59.595492
 42
-0.060631
  0
VERTEX
  8
0
 10
303.712194
 20
59.391318
 42
-0.129483
  0
VERTEX
  8
0
 10
303.339137
 20
59.371222
 42
-0.191512
  0
VERTEX
  8
0
 10
303.095164
 20
59.531820
 42
-0.153743
  0
VERTEX
  8
0
 10
303.000000
 20
59.833994
 42
-0.132176
  0
VERTEX
  8
0
 10
303.109403
 20
60.240618
 42
-0.062736
  0
VERTEX
  8
0
 10
303.440625
 20
60.675448
 42
-0.055699
  0
VERTEX
  8
0
 10
303.926272
 20
61.070782
 42
-0.051433
  0
VERTEX
  8
0
 10
304.500000
 20
61.361626
 42
-0.342078
  0
VERTEX
  8
0
 10
305.510548
 20
61.056989
 42
-0.143224
  0
VERTEX
  8
0
 10
306.007136
 20
59.627239
 42
-0.073537
  0
VERTEX
  8
0
 10
305.773113
 20
57.223049
 42
-0.045953
  0
VERTEX
  8
0
 10
304.839485
 20
54.547053
 42
-0.040850
  0
VERTEX
  8
0
 10
303.883458
 20
52.834613
 42
-0.157965
  0
VERTEX
  8
0
 10
302.939302
 20
52.091783
 42
-0.381324
  0
VERTEX
  8
0
 10
302.272343
 20
52.354569
 42
-0.117248
  0
VERTEX
  8
0
 10
302.000000
 20
53.500000
 42
-0.064853
  0
VERTEX
  8
0
 10
302.074694
 20
54.073457
 42
-0.082425
  0
VERTEX
  8
0
 10
302.293750
 20
54.559375
 42
-0.098894
  0
VERTEX
  8
0
 10
302.618646
 20
54.884432
 42
-0.148195
  0
VERTEX
  8
0
 10
303.000000
 20
55.000000
 42
0.105053
  0
VERTEX
  8
0
 10
303.381556
 20
55.081062
 42
0.099167
  0
VERTEX
  8
0
 10
303.706250
 20
55.311086
 42
0.096420
  0
VERTEX
  8
0
 10
303.923877
 20
55.654762
 42
0.093332
  0
VERTEX
  8
0
 10
304.000000
 20
56.059017
 42
0.104661
  0
VERTEX
  8
0
 10
303.924475
 20
56.415875
 42
0.179874
  0
VERTEX
  8
0
 10
303.714862
 20
56.630723
 42
0.164681
  0
VERTEX
  8
0
 10
303.400061
 20
56.667199
 42
0.085835
  0
VERTEX
  8
0
 10
303.029317
 20
56.518119
 42
-0.259764
  0
VERTEX
  8
0
 10
302.607556
 20
56.499008
 42
-0.108424
  0
VERTEX
  8
0
 10
302.149435
 20
56.868730
 42
-0.069009
  0
VERTEX
  8
0
 10
301.720771
 20
57.587145
 42
-0.038586
  0
VERTEX
  8
0
 10
301.397060
 20
58.554123
 42
0.020017
  0
VERTEX
  8
0
 10
301.044515
 20
59.753297
 42
0.129572
  0
VERTEX
  8
0
 10
300.700200
 20
60.274649
 42
0.343030
  0
VERTEX
  8
0
 10
300.332142
 20
60.299905
 42
0.106609
  0
VERTEX
  8
0
 10
299.921538
 20
59.873046
 42
-0.044211
  0
VERTEX
  8
0
 10
299.481208
 20
59.284024
 42
-0.283566
  0
VERTEX
  8
0
 10
299.139699
 20
59.182906
 42
-0.211174
  0
VERTEX
  8
0
 10
298.819688
 20
59.442211
 42
-0.026798
  0
VERTEX
  8
0
 10
298.449010
 20
60.272282
 42
0.054393
  0
VERTEX
  8
0
 10
298.131849
 20
60.888870
 42
0.084712
  0
VERTEX
  8
0
 10
297.724283
 20
61.323925
 42
0.116161
  0
VERTEX
  8
0
 10
297.295051
 20
61.514428
 42
0.187139
  0
VERTEX
  8
0
 10
296.906670
 20
61.442319
 42
-0.146065
  0
VERTEX
  8
0
 10
296.622916
 20
61.365771
 42
-0.315959
  0
VERTEX
  8
0
 10
296.450334
 20
61.493903
 42
-0.135349
  0
VERTEX
  8
0
 10
296.432315
 20
61.846763
 42
-0.037108
  0
VERTEX
  8
0
 10
296.594213
 20
62.384920
 42
-0.103987
  0
VERTEX
  8
0
 10
296.940329
 20
62.920609
 42
-0.094330
  0
VERTEX
  8
0
 10
297.484011
 20
63.294022
 42
-0.090613
  0
VERTEX
  8
0
 10
298.146854
 20
63.451315
 42
-0.086938
  0
VERTEX
  8
0
 10
298.832759
 20
63.367788
 42
0.092396
  0
VERTEX
  8
0
 10
299.217187
 20
63.325193
 42
0.605520
  0
VERTEX
  8
0
 10
299.275873
 20
63.460982
 42
0.072961
  0
VERTEX
  8
0
 10
298.878002
 20
63.827303
 42
0.012055
  0
VERTEX
  8
0
 10
298.000000
 20
64.395495
 42
-0.005994
  0
VERTEX
  8
0
 10
296.480805
 20
65.352704
 42
-0.178902
  0
VERTEX
  8
0
 10
296.213379
 20
65.710011
 42
-0.454706
  0
VERTEX
  8
0
 10
296.366089
 20
65.950865
 42
-0.019160
  0
VERTEX
  8
0
 10
297.500000
 20
66.080566
 42
0.004812
  0
VERTEX
  8
0
 10
298.604907
 20
66.174929
 42
0.256361
  0
VERTEX
  8
0
 10
298.774277
 20
66.289991
 42
0.469500
  0
VERTEX
  8
0
 10
298.716677
 20
66.424072
 42
0.007357
  0
VERTEX
  8
0
 10
297.805426
 20
66.678651
 42
-0.196996
  0
VERTEX
  8
0
 10
296.921246
 20
67.346252
 42
-0.162200
  0
VERTEX
  8
0
 10
296.668899
 20
68.510418
 42
-0.165963
  0
VERTEX
  8
0
 10
297.165982
 20
69.574366
 42
-0.203959
  0
VERTEX
  8
0
 10
298.166006
 20
70.000000
 42
-0.145128
  0
VERTEX
  8
0
 10
298.471305
 20
69.909478
 42
-0.191541
  0
VERTEX
  8
0
 10
298.637378
 20
69.674779
 42
-0.134880
  0
VERTEX
  8
0
 10
298.626341
 20
69.316884
 42
-0.063737
  0
SEQEND
  0
POLYLINE
  8
0
 66
1
 70
1
  0
VERTEX
  8
0
 10
314.381944
 20
66.840278
 42
-0.018907
  0
VERTEX
  8
0
 10
314.783550
 20
64.345138
 42
-0.174791
  0
VERTEX
  8
0
 10
314.544033
 20
63.295296
 42
-0.618417
  0
VERTEX
  8
0
 10
314.071494
 20
63.346194
 42
-0.027479
  0
VERTEX
  8
0
 10
313.441994
 20
65.375090
 42
0.035715
  0
VERTEX
  8
0
 10
313.126353
 20
66.336239
 42
0.064131
  0
VERTEX
  8
0
 10
312.716745
 20
67.056990
 42
0.100695
  0
VERTEX
  8
0
 10
312.284873
 20
67.439766
 42
0.276238
  0
VERTEX
  8
0
 10
311.893326
 20
67.434072
 42
-0.227738
  0
VERTEX
  8
0
 10
311.337733
 20
67.375105
 42
-0.284827
  0
VERTEX
  8
0
 10
311.020593
 20
67.772347
 42
-0.135530
  0
VERTEX
  8
0
 10
311.141750
 20
68.570540
 42
-0.091590
  0
VERTEX
  8
0
 10
311.666667
 20
69.333333
 42
-0.112048
  0
VERTEX
  8
0
 10
312.558738
 20
69.895396
 42
-0.277249
  0
VERTEX
  8
0
 10
313.286932
 20
69.746384
 42
-0.132662
  0
VERTEX
  8
0
 10
313.882350
 20
68.805597
 42
-0.025774
  0
SEQEND
  0
POLYLINE
  8
0
 66
1
 70
1
  0
VERTEX
  8
0
 10
274.000000
 20
66.881966
 42
-0.117858
  0
VERTEX
  8
0
 10
273.920761
 20
66.550471
 42
-0.186277
  0
VERTEX
  8
0
 10
273.706250
 20
66.357263
 42
-0.154201
  0
VERTEX
  8
0
 10
273.382383
 20
66.338175
 42
-0.076764
  0
VERTEX
  8
0
 10
273.000000
 20
66.500000
 42
-0.064269
  0
VERTEX
  8
0
 10
272.617474
 20
66.810561
 42
-0.051777
  0
VERTEX
  8
0
 10
272.293750
 20
67.230237
 42
-0.053414
  0
VERTEX
  8
0
 10
272.073533
 20
67.689814
 42
-0.085235
  0
VERTEX
  8
0
 10
272.000000
 20
68.118034
 42
-0.117858
  0
VERTEX
  8
0
 10
272.079239
 20
68.449529
 42
-0.186277
  0
VERTEX
  8
0
 10
272.293750
 20
68.642737
 42
-0.154201
  0
VERTEX
  8
0
 10
272.617617
 20
68.661825
 42
-0.076764
  0
VERTEX
  8
0
 10
273.000000
 20
68.500000
 42
-0.064269
  0
VERTEX
  8
0
 10
273.382526
 20
68.189439
 42
-0.051777
  0
VERTEX
  8
0
 10
273.706250
 20
67.769763
 42
-0.053414
  0
VERTEX
  8
0
 10
273.926467
 20
67.310186
 42
-0.085235
  0
SEQEND
  0
POLYLINE
  8
0
 66
1
 70
1
  0
VERTEX
  8
0
 10
293.000000
 20
67.781892
 42
-0.151708
  0
VERTEX
  8
0
 10
292.904944
 20
67.475818
 42
-0.088810
  0
VERTEX
  8
0
 10
292.632812
 20
67.200400
 42
-0.074135
  0
VERTEX
  8
0
 10
292.227989
 20
66.996671
 42
-0.059739
  0
VERTEX
  8
0
 10
291.750000
 20
66.900320
 42
0.216913
  0
VERTEX
  8
0
 10
291.551623
 20
66.790192
 42
0.429686
  0
VERTEX
  8
0
 10
291.579784
 20
66.630787
 42
0.063023
  0
VERTEX
  8
0
 10
292.064797
 20
66.391459
 42
0.015005
  0
VERTEX
  8
0
 10
292.925861
 20
66.122737
 42
-0.069722
  0
VERTEX
  8
0
 10
294.657600
 20
65.366535
 42
-0.133764
  0
VERTEX
  8
0
 10
295.687490
 20
64.269663
 42
-0.326383
  0
VERTEX
  8
0
 10
295.564121
 20
63.412840
 42
-0.201885
  0
VERTEX
  8
0
 10
294.583333
 20
63.000000
 42
0.172767
  0
VERTEX
  8
0
 10
293.361651
 20
62.564880
 42
0.324414
  0
VERTEX
  8
0
 10
293.106216
 20
61.601118
 42
0.140830
  0
VERTEX
  8
0
 10
294.106246
 20
60.280554
 42
0.056590
  0
VERTEX
  8
0
 10
296.078635
 20
59.125486
 42
-0.028290
  0
VERTEX
  8
0
 10
297.712742
 20
58.288653
 42
-0.121708
  0
VERTEX
  8
0
 10
298.489685
 20
57.532144
 42
-0.147339
  0
VERTEX
  8
0
 10
298.746180
 20
56.582967
 42
-0.048377
  0
VERTEX
  8
0
 10
298.563297
 20
55.131375
 42
0.003205
  0
VERTEX
  8
0
 10
298.180848
 20
53.385039
 42
0.292168
  0
VERTEX
  8
0
 10
298.269151
 20
53.149959
 42
0.403473
  0
VERTEX
  8
0
 10
298.479863
 20
53.176230
 42
0.004235
  0
VERTEX
  8
0
 10
299.484661
 20
54.441130
 42
-0.004381
  0
VERTEX
  8
0
 10
300.522316
 20
55.746607
 42
-0.226363
  0
VERTEX
  8
0
 10
300.806597
 20
55.882259
 42
-0.401664
  0
VERTEX
  8
0
 10
300.981770
 20
55.714467
 42
-0.009001
  0
VERTEX
  8
0
 10
301.013655
 20
54.441130
 42
0.018621
  0
VERTEX
  8
0
 10
301.054457
 20
53.520085
 42
0.008791
  0
VERTEX
  8
0
 10
301.172192
 20
52.335832
 42
0.008699
  0
VERTEX
  8
0
 10
301.339018
 20
51.098983
 42
0.012143
  0
VERTEX
  8
0
 10
301.534180
 20
50.000000
 42
-0.001853
  0
VERTEX
  8
0
 10
301.828876
 20
48.518322
 42
-0.211165
  0
VERTEX
  8
0
 10
301.785792
 20
48.328847
 42
-0.571140
  0
VERTEX
  8
0
 10
301.680114
 20
48.340184
 42
-0.002998
  0
VERTEX
  8
0
 10
301.162061
 20
49.500000
 42
0.023542
  0
VERTEX
  8
0
 10
300.630214
 20
50.570346
 42
0.457971
  0
VERTEX
  8
0
 10
300.310067
 20
50.636456
 42
0.169255
  0
VERTEX
  8
0
 10
300.020129
 20
50.194086
 42
0.006630
  0
VERTEX
  8
0
 10
299.567439
 20
48.274399
 42
0.023233
  0
VERTEX
  8
0
 10
299.340051
 20
46.964390
 42
0.026505
  0
VERTEX
  8
0
 10
299.248001
 20
45.695401
 42
0.027070
  0
VERTEX
  8
0
 10
299.285183
 20
44.624701
 42
0.116710
  0
VERTEX
  8
0
 10
299.484921
 20
44.024399
 42
-0.481832
  0
VERTEX
  8
0
 10
299.215569
 20
43.273574
 42
-0.107363
  0
VERTEX
  8
0
 10
297.640796
 20
43.092579
 42
-0.038802
  0
VERTEX
  8
0
 10
294.466866
 20
43.660440
 42
-0.012290
  0
VERTEX
  8
0
 10
289.839094
 20
44.987099
 42
0.006790
  0
VERTEX
  8
0
 10
287.288070
 20
45.748876
 42
0.008128
  0
VERTEX
  8
0
 10
284.865383
 20
46.394277
 42
0.007129
  0
VERTEX
  8
0
 10
282.812179
 20
46.874673
 42
0.052035
  0
VERTEX
  8
0
 10
281.809017
 20
46.987099
 42
-0.045229
  0
VERTEX
  8
0
 10
281.123486
 20
47.054514
 42
-0.045288
  0
VERTEX
  8
0
 10
280.461562
 20
47.244090
 42
-0.049226
  0
VERTEX
  8
0
 10
279.917130
 20
47.519153
 42
-0.113237
  0
VERTEX
  8
0
 10
279.596508
 20
47.843846
 42
-0.191589
  0
VERTEX
  8
0
 10
279.332043
 20
49.339762
 42
-0.026869
  0
VERTEX
  8
0
 10
280.146271
 20
52.433723
 42
-0.031232
  0
VERTEX
  8
0
 10
281.374949
 20
55.568943
 42
-0.072582
  0
VERTEX
  8
0
 10
282.756977
 20
57.674446
 42
-0.049003
  0
VERTEX
  8
0
 10
284.366536
 20
59.165228
 42
-0.059247
  0
VERTEX
  8
0
 10
286.141249
 20
60.207024
 42
-0.101378
  0
VERTEX
  8
0
 10
287.472839
 20
60.491400
 42
-0.416657
  0
VERTEX
  8
0
 10
288.000000
 20
59.968615
 42
-0.108533
  0
VERTEX
  8
0
 10
287.918829
 20
59.599074
 42
-0.099707
  0
VERTEX
  8
0
 10
287.688914
 20
59.284531
 42
-0.095452
  0
VERTEX
  8
0
 10
287.345293
 20
59.073611
 42
-0.090291
  0
VERTEX
  8
0
 10
286.940983
 20
59.000000
 42
0.125230
  0
VERTEX
  8
0
 10
286.593089
 20
58.911479
 42
0.188638
  0
VERTEX
  8
0
 10
286.393982
 20
58.674888
 42
0.148641
  0
VERTEX
  8
0
 10
286.382671
 20
58.316663
 42
0.072632
  0
VERTEX
  8
0
 10
286.565983
 20
57.893237
 42
0.080017
  0
VERTEX
  8
0
 10
286.927299
 20
57.475640
 42
0.217547
  0
VERTEX
  8
0
 10
287.295544
 20
57.373957
 42
0.166280
  0
VERTEX
  8
0
 10
287.686937
 20
57.581991
 42
0.045008
  0
VERTEX
  8
0
 10
288.125000
 20
58.143237
 42
-0.031836
  0
VERTEX
  8
0
 10
288.631516
 20
58.828613
 42
-0.221179
  0
VERTEX
  8
0
 10
289.000000
 20
59.000000
 42
-0.221179
  0
VERTEX
  8
0
 10
289.368484
 20
58.828613
 42
-0.031836
  0
VERTEX
  8
0
 10
289.875000
 20
58.143237
 42
0.044476
  0
VERTEX
  8
0
 10
290.315238
 20
57.577968
 42
0.168071
  0
VERTEX
  8
0
 10
290.705845
 20
57.371032
 42
0.218554
  0
VERTEX
  8
0
 10
291.073924
 20
57.475355
 42
0.077831
  0
VERTEX
  8
0
 10
291.438382
 20
57.900300
 42
0.133148
  0
VERTEX
  8
0
 10
291.578343
 20
58.371318
 42
0.124139
  0
VERTEX
  8
0
 10
291.466996
 20
58.862520
 42
0.106319
  0
VERTEX
  8
0
 10
291.112305
 20
59.299548
 42
0.077850
  0
VERTEX
  8
0
 10
290.569126
 20
59.611848
 42
-0.061252
  0
VERTEX
  8
0
 10
290.014336
 20
59.906882
 42
-0.092131
  0
VERTEX
  8
0
 10
289.631568
 20
60.296958
 42
-0.120855
  0
VERTEX
  8
0
 10
289.477508
 20
60.716845
 42
-0.167719
  0
VERTEX
  8
0
 10
289.564761
 20
61.104785
 42
0.197528
  0
VERTEX
  8
0
 10
289.621070
 20
61.446025
 42
0.179155
  0
VERTEX
  8
0
 10
289.424111
 20
61.745963
 42
0.105616
  0
VERTEX
  8
0
 10
288.963041
 20
61.954497
 42
0.049412
  0
VERTEX
  8
0
 10
288.309017
 20
62.030409
 42
-0.006871
  0
VERTEX
  8
0
 10
287.157082
 20
62.065611
 42
-0.387308
  0
VERTEX
  8
0
 10
287.017255
 20
62.204860
 42
-0.274790
  0
VERTEX
  8
0
 10
287.126738
 20
62.411160
 42
-0.004803
  0
VERTEX
  8
0
 10
288.257920
 20
63.084531
 42
-0.046456
  0
VERTEX
  8
0
 10
289.003913
 20
63.430723
 42
-0.048398
  0
VERTEX
  8
0
 10
289.790874
 20
63.627419
 42
-0.053382
  0
VERTEX
  8
0
 10
290.501511
 20
63.656958
 42
-0.122724
  0
VERTEX
  8
0
 10
291.007920
 20
63.495105
 42
0.083443
  0
VERTEX
  8
0
 10
291.386952
 20
63.340597
 42
0.162138
  0
VERTEX
  8
0
 10
291.708576
 20
63.373162
 42
0.181677
  0
VERTEX
  8
0
 10
291.922461
 20
63.585521
 42
0.107801
  0
VERTEX
  8
0
 10
292.000000
 20
63.940983
 42
0.093332
  0
VERTEX
  8
0
 10
291.923877
 20
64.345238
 42
0.096420
  0
VERTEX
  8
0
 10
291.706250
 20
64.688914
 42
0.099167
  0
VERTEX
  8
0
 10
291.381556
 20
64.918938
 42
0.105053
  0
VERTEX
  8
0
 10
291.000000
 20
65.000000
 42
-0.140362
  0
VERTEX
  8
0
 10
290.618662
 20
65.109202
 42
-0.099913
  0
VERTEX
  8
0
 10
290.293750
 20
65.416146
 42
-0.085122
  0
VERTEX
  8
0
 10
290.074923
 20
65.875200
 42
-0.068857
  0
VERTEX
  8
0
 10
290.000000
 20
66.416667
 42
0.080012
  0
VERTEX
  8
0
 10
289.906648
 20
66.996291
 42
0.064181
  0
VERTEX
  8
0
 10
289.632812
 20
67.566730
 42
0.064997
  0
VERTEX
  8
0
 10
289.227916
 20
68.042057
 42
0.087391
  0
VERTEX
  8
0
 10
288.750000
 20
68.342414
 42
-0.224254
  0
VERTEX
  8
0
 10
288.592482
 20
68.513945
 42
-0.432726
  0
VERTEX
  8
0
 10
288.675000
 20
68.659694
 42
-0.058790
  0
VERTEX
  8
0
 10
289.263436
 20
68.731478
 42
-0.014053
  0
VERTEX
  8
0
 10
290.250000
 20
68.707639
 42
-0.026782
  0
VERTEX
  8
0
 10
291.303628
 20
68.595731
 42
-0.041362
  0
VERTEX
  8
0
 10
292.192187
 20
68.376361
 42
-0.049533
  0
VERTEX
  8
0
 10
292.820103
 20
68.093156
 42
-0.268193
  0
SEQEND
  0
POLYLINE
  8
0
 66
1
 70
1
  0
VERTEX
  8
0
 10
328.036355
 20
67.543805
 42
0.053590
  0
VERTEX
  8
0
 10
327.618913
 20
66.914435
 42
0.058619
  0
VERTEX
  8
0
 10
327.359783
 20
66.229047
 42
0.066403
  0
VERTEX
  8
0
 10
327.288408
 20
65.593002
 42
0.133971
  0
VERTEX
  8
0
 10
327.430222
 20
65.112903
 42
-0.098821
  0
VERTEX
  8
0
 10
327.585878
 20
64.695028
 42
-0.097893
  0
VERTEX
  8
0
 10
327.569956
 20
64.247937
 42
-0.097995
  0
VERTEX
  8
0
 10
327.385185
 20
63.840902
 42
-0.099256
  0
VERTEX
  8
0
 10
327.059986
 20
63.537073
 42
0.124646
  0
VERTEX
  8
0
 10
326.730815
 20
63.197069
 42
0.081262
  0
VERTEX
  8
0
 10
326.537887
 20
62.682999
 42
0.072925
  0
VERTEX
  8
0
 10
326.506822
 20
62.077638
 42
0.068126
  0
VERTEX
  8
0
 10
326.648459
 20
61.473719
 42
0.074268
  0
VERTEX
  8
0
 10
326.938142
 20
60.961466
 42
0.103686
  0
VERTEX
  8
0
 10
327.339074
 20
60.622924
 42
0.124141
  0
VERTEX
  8
0
 10
327.785960
 20
60.509970
 42
0.139425
  0
VERTEX
  8
0
 10
328.211548
 20
60.630744
 42
0.096896
  0
VERTEX
  8
0
 10
328.547560
 20
60.941746
 42
0.198583
  0
VERTEX
  8
0
 10
328.630965
 20
61.284379
 42
0.158709
  0
VERTEX
  8
0
 10
328.449491
 20
61.643340
 42
0.058655
  0
VERTEX
  8
0
 10
328.000000
 20
62.000000
 42
-0.048541
  0
VERTEX
  8
0
 10
327.492682
 20
62.386129
 42
-0.189444
  0
VERTEX
  8
0
 10
327.324839
 20
62.734690
 42
-0.213845
  0
VERTEX
  8
0
 10
327.448111
 20
63.075533
 42
-0.062292
  0
VERTEX
  8
0
 10
327.893237
 20
63.434017
 42
-0.077755
  0
VERTEX
  8
0
 10
328.316391
 20
63.612114
 42
-0.155459
  0
VERTEX
  8
0
 10
328.674888
 20
63.588682
 42
-0.185647
  0
VERTEX
  8
0
 10
328.912489
 20
63.371367
 42
-0.116231
  0
VERTEX
  8
0
 10
329.000000
 20
63.000000
 42
0.101261
  0
VERTEX
  8
0
 10
329.077418
 20
62.621649
 42
0.177706
  0
VERTEX
  8
0
 10
329.293750
 20
62.391936
 42
0.167455
  0
VERTEX
  8
0
 10
329.618194
 20
62.348919
 42
0.088621
  0
VERTEX
  8
0
 10
330.000000
 20
62.500000
 42
0.064269
  0
VERTEX
  8
0
 10
330.382526
 20
62.810561
 42
0.051777
  0
VERTEX
  8
0
 10
330.706250
 20
63.230237
 42
0.053414
  0
VERTEX
  8
0
 10
330.926467
 20
63.689814
 42
0.085235
  0
VERTEX
  8
0
 10
331.000000
 20
64.118034
 42
0.106881
  0
VERTEX
  8
0
 10
330.927338
 20
64.454072
 42
0.181168
  0
VERTEX
  8
0
 10
330.726548
 20
64.655281
 42
0.162880
  0
VERTEX
  8
0
 10
330.424726
 20
64.687110
 42
0.084127
  0
VERTEX
  8
0
 10
330.069098
 20
64.542705
 42
-0.100828
  0
VERTEX
  8
0
 10
329.669126
 20
64.395525
 42
-0.098348
  0
VERTEX
  8
0
 10
329.239685
 20
64.414623
 42
-0.097513
  0
VERTEX
  8
0
 10
328.847224
 20
64.596957
 42
-0.097277
  0
VERTEX
  8
0
 10
328.552786
 20
64.914590
 42
-0.099038
  0
VERTEX
  8
0
 10
328.401684
 20
65.320774
 42
-0.097945
  0
VERTEX
  8
0
 10
328.417584
 20
65.755524
 42
-0.097945
  0
VERTEX
  8
0
 10
328.597789
 20
66.151486
 42
-0.099038
  0
VERTEX
  8
0
 10
328.914590
 20
66.447214
 42
-0.111652
  0
VERTEX
  8
0
 10
329.326433
 20
66.588828
 42
-0.100092
  0
VERTEX
  8
0
 10
329.776884
 20
66.547854
 42
-0.094542
  0
VERTEX
  8
0
 10
330.196764
 20
66.329924
 42
-0.087710
  0
VERTEX
  8
0
 10
330.519929
 20
65.967754
 42
0.104543
  0
VERTEX
  8
0
 10
330.903294
 20
65.565939
 42
0.164411
  0
VERTEX
  8
0
 10
331.358158
 20
65.437769
 42
0.118701
  0
VERTEX
  8
0
 10
331.909843
 20
65.600925
 42
0.042246
  0
VERTEX
  8
0
 10
332.589028
 20
66.073886
 42
-0.028771
  0
VERTEX
  8
0
 10
333.212845
 20
66.533706
 42
-0.126056
  0
VERTEX
  8
0
 10
333.643006
 20
66.679551
 42
-0.282987
  0
VERTEX
  8
0
 10
333.897692
 20
66.548425
 42
-0.136790
  0
VERTEX
  8
0
 10
334.000000
 20
66.181462
 42
-0.082044
  0
VERTEX
  8
0
 10
333.925120
 20
65.728193
 42
-0.053446
  0
VERTEX
  8
0
 10
333.701458
 20
65.245907
 42
-0.052251
  0
VERTEX
  8
0
 10
333.372468
 20
64.809010
 42
-0.066946
  0
VERTEX
  8
0
 10
332.983688
 20
64.489919
 42
0.105964
  0
VERTEX
  8
0
 10
332.647286
 20
64.167152
 42
0.099320
  0
VERTEX
  8
0
 10
332.462971
 20
63.727473
 42
0.096172
  0
VERTEX
  8
0
 10
332.459449
 20
63.238531
 42
0.092519
  0
VERTEX
  8
0
 10
332.638197
 20
62.776393
 42
-0.037402
  0
VERTEX
  8
0
 10
332.837256
 20
62.392920
 42
-0.271474
  0
VERTEX
  8
0
 10
332.812168
 20
62.195074
 42
-0.332226
  0
VERTEX
  8
0
 10
332.640334
 20
62.146964
 42
-0.046297
  0
VERTEX
  8
0
 10
332.288155
 20
62.321910
 42
0.287091
  0
VERTEX
  8
0
 10
331.075233
 20
62.315154
 42
0.073335
  0
VERTEX
  8
0
 10
329.518454
 20
60.974017
 42
0.068997
  0
VERTEX
  8
0
 10
328.338211
 20
59.154737
 42
0.203783
  0
VERTEX
  8
0
 10
328.286199
 20
57.696561
 42
-0.075599
  0
VERTEX
  8
0
 10
328.424282
 20
57.065747
 42
-0.047434
  0
VERTEX
  8
0
 10
328.401426
 20
56.309412
 42
-0.046523
  0
VERTEX
  8
0
 10
328.233281
 20
55.550315
 42
-0.061756
  0
VERTEX
  8
0
 10
327.935946
 20
54.909316
 42
-0.241747
  0
VERTEX
  8
0
 10
326.739497
 20
54.194195
 42
-0.173421
  0
VERTEX
  8
0
 10
325.215060
 20
54.631052
 42
-0.105836
  0
VERTEX
  8
0
 10
323.732538
 20
56.263213
 42
-0.071094
  0
VERTEX
  8
0
 10
322.784017
 20
58.606941
 42
0.002158
  0
VERTEX
  8
0
 10
322.365290
 20
60.268099
 42
0.723843
  0
VERTEX
  8
0
 10
322.274612
 20
60.274134
 42
0.122104
  0
VERTEX
  8
0
 10
322.234005
 20
59.988359
 42
0.001090
  0
VERTEX
  8
0
 10
322.461540
 20
57.809197
 42
-0.014535
  0
VERTEX
  8
0
 10
322.605961
 20
55.940945
 42
-0.091267
  0
VERTEX
  8
0
 10
322.478712
 20
54.996656
 42
-0.255651
  0
VERTEX
  8
0
 10
322.085455
 20
54.627175
 42
-0.156269
  0
VERTEX
  8
0
 10
321.433267
 20
54.663982
 42
-0.067668
  0
VERTEX
  8
0
 10
320.930973
 20
54.939390
 42
-0.098228
  0
VERTEX
  8
0
 10
320.591659
 20
55.312273
 42
-0.123226
  0
VERTEX
  8
0
 10
320.466452
 20
55.721005
 42
-0.152571
  0
VERTEX
  8
0
 10
320.564761
 20
56.104785
 42
0.095482
  0
VERTEX
  8
0
 10
320.694547
 20
56.446288
 42
0.173470
  0
VERTEX
  8
0
 10
320.644424
 20
56.737031
 42
0.172183
  0
VERTEX
  8
0
 10
320.420729
 20
56.931465
 42
0.093902
  0
VERTEX
  8
0
 10
320.059017
 20
57.000000
 42
-0.254399
  0
VERTEX
  8
0
 10
319.256378
 20
57.436640
 42
-0.196395
  0
VERTEX
  8
0
 10
319.068526
 20
58.432265
 42
-0.104118
  0
VERTEX
  8
0
 10
319.678068
 20
59.839104
 42
-0.061667
  0
VERTEX
  8
0
 10
320.915485
 20
61.195608
 42
-0.048743
  0
VERTEX
  8
0
 10
322.367851
 20
62.212183
 42
-0.266640
  0
VERTEX
  8
0
 10
323.289648
 20
62.204923
 42
-0.226879
  0
VERTEX
  8
0
 10
323.851616
 20
61.375622
 42
-0.037357
  0
VERTEX
  8
0
 10
324.000000
 20
59.392350
 42
0.030608
  0
VERTEX
  8
0
 10
324.055439
 20
58.487581
 42
0.036506
  0
VERTEX
  8
0
 10
324.221329
 20
57.649326
 42
0.039568
  0
VERTEX
  8
0
 10
324.462814
 20
56.982498
 42
0.148753
  0
VERTEX
  8
0
 10
324.753461
 20
56.652370
 42
0.489132
  0
VERTEX
  8
0
 10
325.039907
 20
56.758967
 42
0.036971
  0
VERTEX
  8
0
 10
325.259013
 20
57.691384
 42
0.029022
  0
VERTEX
  8
0
 10
325.397663
 20
59.089229
 42
0.015067
  0
VERTEX
  8
0
 10
325.416440
 20
60.843353
 42
-0.048006
  0
VERTEX
  8
0
 10
325.639365
 20
63.751305
 42
-0.054656
  0
VERTEX
  8
0
 10
326.415359
 20
66.433212
 42
-0.064850
  0
VERTEX
  8
0
 10
327.532386
 20
68.382444
 42
-0.234381
  0
VERTEX
  8
0
 10
328.777432
 20
69.000000
 42
-0.477428
  0
VERTEX
  8
0
 10
328.865605
 20
68.890952
 42
-0.065051
  0
VERTEX
  8
0
 10
328.752567
 20
68.572243
 42
-0.037572
  0
VERTEX
  8
0
 10
328.467557
 20
68.103033
 42
-0.017940
  0
SEQEND
  0
POLYLINE
  8
0
 66
1
 70
1
  0
VERTEX
  8
0
 10
250.871855
 20
66.672477
 42
-0.004125
  0
VERTEX
  8
0
 10
251.841955
 20
66.971254
 42
-0.433874
  0
VERTEX
  8
0
 10
251.950017
 20
66.908199
 42
-0.297906
  0
VERTEX
  8
0
 10
251.896220
 20
66.763171
 42
-0.003233
  0
VERTEX
  8
0
 10
251.000000
 20
66.109645
 42
0.023895
  0
VERTEX
  8
0
 10
250.475571
 20
65.692991
 42
0.069046
  0
VERTEX
  8
0
 10
250.172519
 20
65.343089
 42
0.221422
  0
VERTEX
  8
0
 10
250.142011
 20
65.126736
 42
0.324654
  0
VERTEX
  8
0
 10
250.289427
 20
65.015313
 42
-0.315435
  0
VERTEX
  8
0
 10
250.469855
 20
64.883620
 42
-0.169051
  0
VERTEX
  8
0
 10
250.468190
 20
64.594705
 42
-0.071924
  0
VERTEX
  8
0
 10
250.230165
 20
64.142260
 42
-0.029553
  0
VERTEX
  8
0
 10
249.789427
 20
63.604960
 42
-0.070050
  0
VERTEX
  8
0
 10
248.690131
 20
62.707151
 42
-0.263057
  0
VERTEX
  8
0
 10
247.832404
 20
62.680966
 42
-0.292946
  0
VERTEX
  8
0
 10
247.433905
 20
63.381973
 42
-0.078504
  0
VERTEX
  8
0
 10
247.713613
 20
64.696070
 42
0.027269
  0
VERTEX
  8
0
 10
247.940424
 20
65.399565
 42
0.201774
  0
VERTEX
  8
0
 10
247.892030
 20
65.740897
 42
0.351806
  0
VERTEX
  8
0
 10
247.651332
 20
65.830176
 42
0.058114
  0
VERTEX
  8
0
 10
247.169939
 20
65.605028
 42
-0.055343
  0
VERTEX
  8
0
 10
246.721468
 20
65.392250
 42
-0.119598
  0
VERTEX
  8
0
 10
246.343670
 20
65.356493
 42
-0.189630
  0
VERTEX
  8
0
 10
246.097775
 20
65.496798
 42
-0.171007
  0
VERTEX
  8
0
 10
246.000000
 20
65.774316
 42
-0.106166
  0
VERTEX
  8
0
 10
246.207932
 20
66.742556
 42
-0.158177
  0
VERTEX
  8
0
 10
246.785474
 20
67.379104
 42
-0.184089
  0
VERTEX
  8
0
 10
247.556733
 20
67.500490
 42
-0.145362
  0
VERTEX
  8
0
 10
248.305188
 20
67.094812
 42
0.097691
  0
VERTEX
  8
0
 10
248.784261
 20
66.773605
 42
0.058263
  0
VERTEX
  8
0
 10
249.446287
 20
66.583611
 42
0.055196
  0
VERTEX
  8
0
 10
250.179397
 20
66.544864
 42
0.062466
  0
SEQEND
  0
POLYLINE
  8
0
 66
1
 70
1
  0
VERTEX
  8
0
 10
343.000000
 20
67.000000
 42
-0.099038
  0
VERTEX
  8
0
 10
342.923658
 20
66.618362
 42
-0.097945
  0
VERTEX
  8
0
 10
342.706250
 20
66.293750
 42
-0.097945
  0
VERTEX
  8
0
 10
342.381638
 20
66.076342
 42
-0.099038
  0
VERTEX
  8
0
 10
342.000000
 20
66.000000
 42
-0.099038
  0
VERTEX
  8
0
 10
341.618362
 20
66.076342
 42
-0.097945
  0
VERTEX
  8
0
 10
341.293750
 20
66.293750
 42
-0.097945
  0
VERTEX
  8
0
 10
341.076342
 20
66.618362
 42
-0.099038
  0
VERTEX
  8
0
 10
341.000000
 20
67.000000
 42
-0.099038
  0
VERTEX
  8
0
 10
341.076342
 20
67.381638
 42
-0.097945
  0
VERTEX
  8
0
 10
341.293750
 20
67.706250
 42
-0.097945
  0
VERTEX
  8
0
 10
341.618362
 20
67.923658
 42
-0.099038
  0
VERTEX
  8
0
 10
342.000000
 20
68.000000
 42
-0.099038
  0
VERTEX
  8
0
 10
342.381638
 20
67.923658
 42
-0.097945
  0
VERTEX
  8
0
 10
342.706250
 20
67.706250
 42
-0.097945
  0
VERTEX
  8
0
 10
342.923658
 20
67.381638
 42
-0.099038
  0
SEQEND
  0
POLYLINE
  8
0
 66
1
 70
1
  0
VERTEX
  8
0
 10
258.587465
 20
63.395190
 42
-0.101983
  0
VERTEX
  8
0
 10
259.190867
 20
63.494514
 42
-0.188895
  0
VERTEX
  8
0
 10
259.638901
 20
63.297911
 42
-0.143984
  0
VERTEX
  8
0
 10
259.913377
 20
62.792960
 42
-0.053022
  0
VERTEX
  8
0
 10
260.000000
 20
61.978403
 42
-0.019333
  0
VERTEX
  8
0
 10
259.954343
 20
60.798054
 42
-0.356807
  0
VERTEX
  8
0
 10
259.713301
 20
60.545851
 42
-0.202361
  0
VERTEX
  8
0
 10
259.283961
 20
60.667804
 42
-0.008003
  0
VERTEX
  8
0
 10
258.000000
 20
61.732028
 42
-0.042463
  0
VERTEX
  8
0
 10
257.243373
 20
62.500205
 42
-0.041596
  0
VERTEX
  8
0
 10
256.621575
 20
63.390228
 42
-0.044736
  0
VERTEX
  8
0
 10
256.212852
 20
64.264642
 42
-0.106303
  0
VERTEX
  8
0
 10
256.116001
 20
64.972241
 42
-0.016744
  0
VERTEX
  8
0
 10
256.189225
 20
65.639704
 42
-0.512479
  0
VERTEX
  8
0
 10
256.316226
 20
65.705965
 42
-0.207268
  0
VERTEX
  8
0
 10
256.469280
 20
65.522685
 42
-0.008501
  0
VERTEX
  8
0
 10
256.703466
 20
64.676575
 42
0.071847
  0
VERTEX
  8
0
 10
256.992541
 20
63.986054
 42
0.108829
  0
VERTEX
  8
0
 10
257.437967
 20
63.514317
 42
0.125584
  0
VERTEX
  8
0
 10
257.990080
 20
63.314397
 42
0.116513
  0
SEQEND
  0
POLYLINE
  8
0
 66
1
 70
1
  0
VERTEX
  8
0
 10
217.587285
 20
61.366864
 42
0.166872
  0
VERTEX
  8
0
 10
217.561697
 20
60.650643
 42
0.036078
  0
VERTEX
  8
0
 10
218.012966
 20
59.477122
 42
0.033892
  0
VERTEX
  8
0
 10
218.762301
 20
58.127987
 42
0.026788
  0
VERTEX
  8
0
 10
219.743784
 20
56.777078
 42
0.000000
  0
VERTEX
  8
0
 10
222.404018
 20
53.500000
 42
0.000000
  0
VERTEX
  8
0
 10
219.702009
 20
55.924314
 42
0.024802
  0
VERTEX
  8
0
 10
217.943379
 20
57.351361
 42
0.319712
  0
VERTEX
  8
0
 10
217.143687
 20
57.361924
 42
0.255052
  0
VERTEX
  8
0
 10
216.743154
 20
56.564883
 42
0.018150
  0
VERTEX
  8
0
 10
216.923215
 20
54.000000
 42
-0.011859
  0
VERTEX
  8
0
 10
216.990479
 20
53.188171
 42
-0.385765
  0
VERTEX
  8
0
 10
216.876447
 20
53.046405
 42
-0.281944
  0
VERTEX
  8
0
 10
216.678827
 20
53.128233
 42
-0.008754
  0
VERTEX
  8
0
 10
216.153501
 20
53.878115
 42
0.087806
  0
VERTEX
  8
0
 10
215.694938
 20
54.352210
 42
0.085232
  0
VERTEX
  8
0
 10
215.096944
 20
54.646130
 42
0.088120
  0
VERTEX
  8
0
 10
214.453082
 20
54.717890
 42
0.103197
  0
VERTEX
  8
0
 10
213.861803
 20
54.553958
 42
-0.055356
  0
VERTEX
  8
0
 10
213.505525
 20
54.417602
 42
-0.673476
  0
VERTEX
  8
0
 10
213.443508
 20
54.500842
 42
-0.075712
  0
VERTEX
  8
0
 10
213.699988
 20
54.807692
 42
-0.009924
  0
VERTEX
  8
0
 10
214.350138
 20
55.359308
 42
0.053812
  0
VERTEX
  8
0
 10
215.009612
 20
56.026563
 42
0.068783
  0
VERTEX
  8
0
 10
215.449563
 20
56.769472
 42
0.083300
  0
VERTEX
  8
0
 10
215.615813
 20
57.476007
 42
0.155859
  0
VERTEX
  8
0
 10
215.475138
 20
58.040228
 42
0.047658
  0
VERTEX
  8
0
 10
215.083591
 20
58.556547
 42
0.216804
  0
VERTEX
  8
0
 10
214.744648
 20
58.699744
 42
0.206960
  0
VERTEX
  8
0
 10
214.402982
 20
58.540801
 42
0.043438
  0
VERTEX
  8
0
 10
214.000000
 20
58.000000
 42
-0.048541
  0
VERTEX
  8
0
 10
213.613871
 20
57.492682
 42
-0.189444
  0
VERTEX
  8
0
 10
213.265310
 20
57.324839
 42
-0.213845
  0
VERTEX
  8
0
 10
212.924467
 20
57.448111
 42
-0.062292
  0
VERTEX
  8
0
 10
212.565983
 20
57.893237
 42
-0.072632
  0
VERTEX
  8
0
 10
212.382671
 20
58.316663
 42
-0.148641
  0
VERTEX
  8
0
 10
212.393982
 20
58.674888
 42
-0.188638
  0
VERTEX
  8
0
 10
212.593089
 20
58.911479
 42
-0.125230
  0
VERTEX
  8
0
 10
212.940983
 20
59.000000
 42
0.019983
  0
VERTEX
  8
0
 10
214.364613
 20
59.056921
 42
0.091986
  0
VERTEX
  8
0
 10
215.158303
 20
59.270934
 42
0.114626
  0
VERTEX
  8
0
 10
215.733032
 20
59.731048
 42
0.039331
  0
VERTEX
  8
0
 10
216.328991
 20
60.623391
 42
0.091636
  0
VERTEX
  8
0
 10
216.574697
 20
61.346753
 42
0.075314
  0
VERTEX
  8
0
 10
216.570071
 20
62.163649
 42
0.069078
  0
VERTEX
  8
0
 10
216.315072
 20
63.006035
 42
0.058144
  0
VERTEX
  8
0
 10
215.828991
 20
63.802358
 42
-0.001784
  0
VERTEX
  8
0
 10
214.981822
 20
64.892518
 42
-0.445274
  0
VERTEX
  8
0
 10
215.001654
 20
65.001019
 42
-0.312620
  0
VERTEX
  8
0
 10
215.137506
 20
64.993702
 42
-0.001497
  0
VERTEX
  8
0
 10
216.295509
 20
64.089786
 42
-0.055098
  0
VERTEX
  8
0
 10
216.944711
 20
63.452843
 42
-0.060544
  0
VERTEX
  8
0
 10
217.415616
 20
62.708215
 42
-0.068759
  0
VERTEX
  8
0
 10
217.647529
 20
61.973270
 42
-0.134495
  0
SEQEND
  0
POLYLINE
  8
0
 66
1
 70
1
  0
VERTEX
  8
0
 10
263.683114
 20
62.812500
 42
-0.054073
  0
VERTEX
  8
0
 10
263.461564
 20
62.395823
 42
-0.470617
  0
VERTEX
  8
0
 10
263.279315
 20
62.378580
 42
-0.168741
  0
VERTEX
  8
0
 10
263.137993
 20
62.670344
 42
-0.018894
  0
VERTEX
  8
0
 10
263.078947
 20
63.416667
 42
-0.028489
  0
VERTEX
  8
0
 10
263.089945
 20
64.112848
 42
-0.077125
  0
VERTEX
  8
0
 10
263.200665
 20
64.592839
 42
-0.208169
  0
VERTEX
  8
0
 10
263.385309
 20
64.775380
 42
-0.296942
  0
VERTEX
  8
0
 10
263.604167
 20
64.729167
 42
-0.126455
  0
VERTEX
  8
0
 10
263.797407
 20
64.402231
 42
-0.060344
  0
VERTEX
  8
0
 10
263.876576
 20
63.916927
 42
-0.054150
  0
VERTEX
  8
0
 10
263.839148
 20
63.359369
 42
-0.051402
  0
SEQEND
  0
POLYLINE
  8
0
 66
1
 70
1
  0
VERTEX
  8
0
 10
277.729167
 20
64.395833
 42
-0.126455
  0
VERTEX
  8
0
 10
277.402231
 20
64.202593
 42
-0.060344
  0
VERTEX
  8
0
 10
276.916927
 20
64.123424
 42
-0.054150
  0
VERTEX
  8
0
 10
276.359369
 20
64.160852
 42
-0.051402
  0
VERTEX
  8
0
 10
275.812500
 20
64.316886
 42
-0.054073
  0
VERTEX
  8
0
 10
275.395823
 20
64.538436
 42
-0.470617
  0
VERTEX
  8
0
 10
275.378580
 20
64.720685
 42
-0.168741
  0
VERTEX
  8
0
 10
275.670344
 20
64.862007
 42
-0.018894
  0
VERTEX
  8
0
 10
276.416667
 20
64.921053
 42
-0.028489
  0
VERTEX
  8
0
 10
277.112848
 20
64.910055
 42
-0.077125
  0
VERTEX
  8
0
 10
277.592839
 20
64.799335
 42
-0.208169
  0
VERTEX
  8
0
 10
277.775380
 20
64.614691
 42
-0.296942
  0
SEQEND
  0
POLYLINE
  8
0
 66
1
 70
1
  0
VERTEX
  8
0
 10
310.264432
 20
64.402234
 42
-0.210351
  0
VERTEX
  8
0
 10
310.593354
 20
63.556057
 42
-0.101767
  0
VERTEX
  8
0
 10
310.303893
 20
62.406879
 42
-0.122354
  0
VERTEX
  8
0
 10
309.629069
 20
61.594365
 42
-0.305994
  0
VERTEX
  8
0
 10
308.895215
 20
61.564761
 42
0.263286
  0
VERTEX
  8
0
 10
308.549943
 20
61.578125
 42
0.148079
  0
VERTEX
  8
0
 10
308.239779
 20
61.277236
 42
0.080035
  0
VERTEX
  8
0
 10
308.015101
 20
60.655607
 42
0.038248
  0
VERTEX
  8
0
 10
307.921053
 20
59.809017
 42
-0.020863
  0
VERTEX
  8
0
 10
307.858911
 20
58.991819
 42
-0.103885
  0
VERTEX
  8
0
 10
307.712931
 20
58.558067
 42
-0.454938
  0
VERTEX
  8
0
 10
307.525218
 20
58.522896
 42
-0.130887
  0
VERTEX
  8
0
 10
307.323415
 20
58.792913
 42
-0.118597
  0
VERTEX
  8
0
 10
306.993719
 20
61.043929
 42
-0.098377
  0
VERTEX
  8
0
 10
307.680407
 20
63.372377
 42
-0.158119
  0
VERTEX
  8
0
 10
308.953167
 20
64.617069
 42
-0.321984
  0
SEQEND
  0
POLYLINE
  8
0
 66
1
 70
1
  0
VERTEX
  8
0
 10
244.729167
 20
63.395833
 42
-0.126455
  0
VERTEX
  8
0
 10
244.402231
 20
63.202593
 42
-0.060344
  0
VERTEX
  8
0
 10
243.916927
 20
63.123424
 42
-0.054150
  0
VERTEX
  8
0
 10
243.359369
 20
63.160852
 42
-0.051402
  0
VERTEX
  8
0
 10
242.812500
 20
63.316886
 42
-0.054073
  0
VERTEX
  8
0
 10
242.395823
 20
63.538436
 42
-0.470617
  0
VERTEX
  8
0
 10
242.378580
 20
63.720685
 42
-0.168741
  0
VERTEX
  8
0
 10
242.670344
 20
63.862007
 42
-0.018894
  0
VERTEX
  8
0
 10
243.416667
 20
63.921053
 42
-0.028489
  0
VERTEX
  8
0
 10
244.112848
 20
63.910055
 42
-0.077125
  0
VERTEX
  8
0
 10
244.592839
 20
63.799335
 42
-0.208169
  0
VERTEX
  8
0
 10
244.775380
 20
63.614691
 42
-0.296942
  0
SEQEND
  0
POLYLINE
  8
0
 66
1
 70
1
  0
VERTEX
  8
0
 10
280.381557
 20
62.448062
 42
-0.036408
  0
VERTEX
  8
0
 10
280.556862
 20
61.868281
 42
-0.155351
  0
VERTEX
  8
0
 10
280.525685
 20
61.512472
 42
-0.329480
  0
VERTEX
  8
0
 10
280.325929
 20
61.393111
 42
-0.114400
  0
VERTEX
  8
0
 10
279.988546
 20
61.507079
 42
-0.061454
  0
VERTEX
  8
0
 10
279.610411
 20
61.810572
 42
-0.051183
  0
VERTEX
  8
0
 10
279.290385
 20
62.214980
 42
-0.053277
  0
VERTEX
  8
0
 10
279.072509
 20
62.653950
 42
-0.088797
  0
VERTEX
  8
0
 10
279.000000
 20
63.059017
 42
-0.079093
  0
VERTEX
  8
0
 10
279.117673
 20
63.798253
 42
-0.444011
  0
VERTEX
  8
0
 10
279.441482
 20
63.942608
 42
-0.168622
  0
VERTEX
  8
0
 10
279.894727
 20
63.519970
 42
-0.029964
  0
SEQEND
  0
POLYLINE
  8
0
 66
1
 70
1
  0
VERTEX
  8
0
 10
196.500000
 20
62.000000
 42
-0.076764
  0
VERTEX
  8
0
 10
196.661825
 20
61.617617
 42
-0.154201
  0
VERTEX
  8
0
 10
196.642737
 20
61.293750
 42
-0.186277
  0
VERTEX
  8
0
 10
196.449529
 20
61.079239
 42
-0.117858
  0
VERTEX
  8
0
 10
196.118034
 20
61.000000
 42
-0.085235
  0
VERTEX
  8
0
 10
195.689814
 20
61.073533
 42
-0.053414
  0
VERTEX
  8
0
 10
195.230237
 20
61.293750
 42
-0.051777
  0
VERTEX
  8
0
 10
194.810561
 20
61.617474
 42
-0.064269
  0
VERTEX
  8
0
 10
194.500000
 20
62.000000
 42
-0.076764
  0
VERTEX
  8
0
 10
194.338175
 20
62.382383
 42
-0.154201
  0
VERTEX
  8
0
 10
194.357263
 20
62.706250
 42
-0.186277
  0
VERTEX
  8
0
 10
194.550471
 20
62.920761
 42
-0.117858
  0
VERTEX
  8
0
 10
194.881966
 20
63.000000
 42
-0.085235
  0
VERTEX
  8
0
 10
195.310186
 20
62.926467
 42
-0.053414
  0
VERTEX
  8
0
 10
195.769763
 20
62.706250
 42
-0.051777
  0
VERTEX
  8
0
 10
196.189439
 20
62.382526
 42
-0.064269
  0
SEQEND
  0
POLYLINE
  8
0
 66
1
 70
1
  0
VERTEX
  8
0
 10
202.127555
 20
61.250000
 42
-0.002253
  0
VERTEX
  8
0
 10
203.013098
 20
60.110310
 42
-0.484056
  0
VERTEX
  8
0
 10
202.983598
 20
59.992604
 42
-0.268706
  0
VERTEX
  8
0
 10
202.813734
 20
60.009889
 42
-0.001613
  0
VERTEX
  8
0
 10
201.500000
 20
60.967032
 42
0.000677
  0
VERTEX
  8
0
 10
200.703647
 20
61.549513
 42
0.000854
  0
VERTEX
  8
0
 10
199.965104
 20
62.086246
 42
0.000676
  0
VERTEX
  8
0
 10
199.344143
 20
62.534628
 42
0.006866
  0
VERTEX
  8
0
 10
199.083333
 20
62.717032
 42
-0.262974
  0
VERTEX
  8
0
 10
199.031105
 20
62.822470
 42
-0.280207
  0
VERTEX
  8
0
 10
199.095803
 20
62.916878
 42
-0.081051
  0
VERTEX
  8
0
 10
199.335842
 20
62.981211
 42
-0.025033
  0
VERTEX
  8
0
 10
199.710889
 20
63.000000
 42
-0.118513
  0
VERTEX
  8
0
 10
200.206305
 20
62.880901
 42
-0.038743
  0
VERTEX
  8
0
 10
200.851526
 20
62.485937
 42
-0.036088
  0
VERTEX
  8
0
 10
201.525320
 20
61.919689
 42
-0.033687
  0
SEQEND
  0
POLYLINE
  8
0
 66
1
 70
1
  0
VERTEX
  8
0
 10
250.683114
 20
60.812500
 42
-0.054073
  0
VERTEX
  8
0
 10
250.461564
 20
60.395823
 42
-0.470617
  0
VERTEX
  8
0
 10
250.279315
 20
60.378580
 42
-0.168741
  0
VERTEX
  8
0
 10
250.137993
 20
60.670344
 42
-0.018894
  0
VERTEX
  8
0
 10
250.078947
 20
61.416667
 42
-0.028489
  0
VERTEX
  8
0
 10
250.089945
 20
62.112848
 42
-0.077125
  0
VERTEX
  8
0
 10
250.200665
 20
62.592839
 42
-0.208169
  0
VERTEX
  8
0
 10
250.385309
 20
62.775380
 42
-0.296942
  0
VERTEX
  8
0
 10
250.604167
 20
62.729167
 42
-0.126455
  0
VERTEX
  8
0
 10
250.797407
 20
62.402231
 42
-0.060344
  0
VERTEX
  8
0
 10
250.876576
 20
61.916927
 42
-0.054150
  0
VERTEX
  8
0
 10
250.839148
 20
61.359369
 42
-0.051402
  0
SEQEND
  0
POLYLINE
  8
0
 66
1
 70
1
  0
VERTEX
  8
0
 10
277.500000
 20
62.000000
 42
-0.101161
  0
VERTEX
  8
0
 10
277.140373
 20
61.617978
 42
-0.052761
  0
VERTEX
  8
0
 10
276.566787
 20
61.298248
 42
-0.049393
  0
VERTEX
  8
0
 10
275.883651
 20
61.083635
 42
-0.053738
  0
VERTEX
  8
0
 10
275.190983
 20
61.015313
 42
-0.012098
  0
VERTEX
  8
0
 10
274.238528
 20
61.046994
 42
-0.343021
  0
VERTEX
  8
0
 10
274.064256
 20
61.199331
 42
-0.295079
  0
VERTEX
  8
0
 10
274.157251
 20
61.430616
 42
-0.010223
  0
VERTEX
  8
0
 10
275.000000
 20
62.000000
 42
-0.033010
  0
VERTEX
  8
0
 10
276.319161
 20
62.733972
 42
-0.110887
  0
VERTEX
  8
0
 10
277.277708
 20
62.949198
 42
-0.372932
  0
VERTEX
  8
0
 10
277.633474
 20
62.640978
 42
-0.175918
  0
SEQEND
  0
POLYLINE
  8
0
 66
1
 70
1
  0
VERTEX
  8
0
 10
285.000000
 20
62.000000
 42
-0.027796
  0
VERTEX
  8
0
 10
285.514186
 20
61.625641
 42
-0.102785
  0
VERTEX
  8
0
 10
285.765625
 20
61.315379
 42
-0.335455
  0
VERTEX
  8
0
 10
285.732273
 20
61.122372
 42
-0.190341
  0
VERTEX
  8
0
 10
285.500000
 20
61.030626
 42
-0.067616
  0
VERTEX
  8
0
 10
285.012663
 20
61.096832
 42
-0.024967
  0
VERTEX
  8
0
 10
284.353125
 20
61.315379
 42
-0.024204
  0
VERTEX
  8
0
 10
283.647707
 20
61.628962
 42
-0.026766
  0
VERTEX
  8
0
 10
283.000000
 20
62.000000
 42
-0.027796
  0
VERTEX
  8
0
 10
282.485814
 20
62.374359
 42
-0.102785
  0
VERTEX
  8
0
 10
282.234375
 20
62.684621
 42
-0.335455
  0
VERTEX
  8
0
 10
282.267727
 20
62.877628
 42
-0.190341
  0
VERTEX
  8
0
 10
282.500000
 20
62.969374
 42
-0.067616
  0
VERTEX
  8
0
 10
282.987337
 20
62.903168
 42
-0.024967
  0
VERTEX
  8
0
 10
283.646875
 20
62.684621
 42
-0.024204
  0
VERTEX
  8
0
 10
284.352293
 20
62.371038
 42
-0.026766
  0
SEQEND
  0
POLYLINE
  8
0
 66
1
 70
1
  0
VERTEX
  8
0
 10
248.302821
 20
60.513695
 42
-0.173043
  0
VERTEX
  8
0
 10
248.243946
 20
60.111572
 42
-0.094518
  0
VERTEX
  8
0
 10
247.928016
 20
59.718118
 42
-0.074555
  0
VERTEX
  8
0
 10
247.404868
 20
59.392357
 42
-0.054517
  0
VERTEX
  8
0
 10
246.750000
 20
59.190371
 42
-0.075042
  0
VERTEX
  8
0
 10
246.019642
 20
59.160813
 42
-0.134068
  0
VERTEX
  8
0
 10
245.464524
 20
59.379901
 42
-0.143006
  0
VERTEX
  8
0
 10
245.120561
 20
59.837793
 42
-0.090288
  0
VERTEX
  8
0
 10
245.000000
 20
60.500000
 42
-0.226436
  0
VERTEX
  8
0
 10
245.442529
 20
61.427060
 42
-0.170609
  0
VERTEX
  8
0
 10
246.521089
 20
61.811149
 42
-0.153586
  0
VERTEX
  8
0
 10
247.688017
 20
61.449352
 42
-0.194407
  0
SEQEND
  0
POLYLINE
  8
0
 66
1
 70
1
  0
VERTEX
  8
0
 10
200.381557
 20
59.448062
 42
-0.036325
  0
VERTEX
  8
0
 10
200.551496
 20
58.886365
 42
-0.131081
  0
VERTEX
  8
0
 10
200.536857
 20
58.515968
 42
-0.314911
  0
VERTEX
  8
0
 10
200.362105
 20
58.380213
 42
-0.152126
  0
VERTEX
  8
0
 10
200.073956
 20
58.454293
 42
0.131630
  0
VERTEX
  8
0
 10
199.694863
 20
58.568170
 42
0.127379
  0
VERTEX
  8
0
 10
199.304368
 20
58.479481
 42
0.109419
  0
VERTEX
  8
0
 10
198.961774
 20
58.194012
 42
0.078966
  0
VERTEX
  8
0
 10
198.722315
 20
57.756231
 42
-0.062469
  0
VERTEX
  8
0
 10
198.502035
 20
57.320094
 42
-0.112620
  0
VERTEX
  8
0
 10
198.211553
 20
57.047286
 42
-0.157716
  0
VERTEX
  8
0
 10
197.900574
 20
56.978763
 42
-0.163221
  0
VERTEX
  8
0
 10
197.613366
 20
57.106872
 42
-0.232343
  0
VERTEX
  8
0
 10
197.291768
 20
57.933428
 42
-0.064248
  0
VERTEX
  8
0
 10
197.595937
 20
59.334061
 42
-0.064741
  0
VERTEX
  8
0
 10
198.241453
 20
60.600245
 42
-0.247376
  0
VERTEX
  8
0
 10
199.000000
 20
61.000000
 42
-0.155747
  0
VERTEX
  8
0
 10
199.343884
 20
60.890220
 42
-0.056408
  0
VERTEX
  8
0
 10
199.730067
 20
60.544118
 42
-0.049125
  0
VERTEX
  8
0
 10
200.095631
 20
60.041906
 42
-0.041182
  0
SEQEND
  0
POLYLINE
  8
0
 66
1
 70
1
  0
VERTEX
  8
0
 10
244.000000
 20
60.000000
 42
-0.171310
  0
VERTEX
  8
0
 10
243.865757
 20
59.619685
 42
-0.095191
  0
VERTEX
  8
0
 10
243.485938
 20
59.298248
 42
-0.075283
  0
VERTEX
  8
0
 10
242.919445
 20
59.083567
 42
-0.055234
  0
VERTEX
  8
0
 10
242.250000
 20
59.015313
 42
-0.011938
  0
VERTEX
  8
0
 10
241.271084
 20
59.047261
 42
-0.327416
  0
VERTEX
  8
0
 10
241.083458
 20
59.201904
 42
-0.309569
  0
VERTEX
  8
0
 10
241.169589
 20
59.436556
 42
-0.011213
  0
VERTEX
  8
0
 10
242.000000
 20
60.000000
 42
-0.007234
  0
VERTEX
  8
0
 10
243.262820
 20
60.790433
 42
-0.137048
  0
VERTEX
  8
0
 10
243.707705
 20
60.914708
 42
-0.364836
  0
VERTEX
  8
0
 10
243.938046
 20
60.720828
 42
-0.042895
  0
SEQEND
  0
POLYLINE
  8
0
 66
1
 70
1
  0
VERTEX
  8
0
 10
281.979944
 20
59.475834
 42
-0.039407
  0
VERTEX
  8
0
 10
281.453252
 20
58.934292
 42
-0.061720
  0
VERTEX
  8
0
 10
280.916631
 20
58.569338
 42
-0.085026
  0
VERTEX
  8
0
 10
280.452534
 20
58.423579
 42
-0.234162
  0
VERTEX
  8
0
 10
280.136460
 20
58.530207
 42
-0.225585
  0
VERTEX
  8
0
 10
280.032091
 20
58.823706
 42
-0.108439
  0
VERTEX
  8
0
 10
280.159984
 20
59.212080
 42
-0.073916
  0
VERTEX
  8
0
 10
280.507686
 20
59.640546
 42
-0.044429
  0
VERTEX
  8
0
 10
281.028960
 20
60.039060
 42
-0.007952
  0
VERTEX
  8
0
 10
282.458847
 20
60.911828
 42
-0.273213
  0
VERTEX
  8
0
 10
282.839289
 20
60.911334
 42
-0.447869
  0
VERTEX
  8
0
 10
282.894680
 20
60.629300
 42
-0.011124
  0
SEQEND
  0
POLYLINE
  8
0
 66
1
 70
1
  0
VERTEX
  8
0
 10
271.969374
 20
56.500000
 42
-0.190341
  0
VERTEX
  8
0
 10
271.877628
 20
56.267727
 42
-0.335455
  0
VERTEX
  8
0
 10
271.684621
 20
56.234375
 42
-0.102785
  0
VERTEX
  8
0
 10
271.374359
 20
56.485814
 42
-0.027796
  0
VERTEX
  8
0
 10
271.000000
 20
57.000000
 42
-0.026766
  0
VERTEX
  8
0
 10
270.628962
 20
57.647707
 42
-0.024204
  0
VERTEX
  8
0
 10
270.315379
 20
58.353125
 42
-0.024967
  0
VERTEX
  8
0
 10
270.096832
 20
59.012663
 42
-0.067616
  0
VERTEX
  8
0
 10
270.030626
 20
59.500000
 42
-0.190341
  0
VERTEX
  8
0
 10
270.122372
 20
59.732273
 42
-0.335455
  0
VERTEX
  8
0
 10
270.315379
 20
59.765625
 42
-0.102785
  0
VERTEX
  8
0
 10
270.625641
 20
59.514186
 42
-0.027796
  0
VERTEX
  8
0
 10
271.000000
 20
59.000000
 42
-0.026766
  0
VERTEX
  8
0
 10
271.371038
 20
58.352293
 42
-0.024204
  0
VERTEX
  8
0
 10
271.684621
 20
57.646875
 42
-0.024967
  0
VERTEX
  8
0
 10
271.903168
 20
56.987337
 42
-0.067616
  0
SEQEND
  0
POLYLINE
  8
0
 66
1
 70
1
  0
VERTEX
  8
0
 10
275.729167
 20
59.395833
 42
-0.126455
  0
VERTEX
  8
0
 10
275.402231
 20
59.202593
 42
-0.060344
  0
VERTEX
  8
0
 10
274.916927
 20
59.123424
 42
-0.054150
  0
VERTEX
  8
0
 10
274.359369
 20
59.160852
 42
-0.051402
  0
VERTEX
  8
0
 10
273.812500
 20
59.316886
 42
-0.054073
  0
VERTEX
  8
0
 10
273.395823
 20
59.538436
 42
-0.470617
  0
VERTEX
  8
0
 10
273.378580
 20
59.720685
 42
-0.168741
  0
VERTEX
  8
0
 10
273.670344
 20
59.862007
 42
-0.018894
  0
VERTEX
  8
0
 10
274.416667
 20
59.921053
 42
-0.028489
  0
VERTEX
  8
0
 10
275.112848
 20
59.910055
 42
-0.077125
  0
VERTEX
  8
0
 10
275.592839
 20
59.799335
 42
-0.208169
  0
VERTEX
  8
0
 10
275.775380
 20
59.614691
 42
-0.296942
  0
SEQEND
  0
POLYLINE
  8
0
 66
1
 70
1
  0
VERTEX
  8
0
 10
206.727404
 20
55.031290
 42
-0.032980
  0
VERTEX
  8
0
 10
206.598388
 20
54.123152
 42
-0.209315
  0
VERTEX
  8
0
 10
206.333776
 20
53.752289
 42
-0.264002
  0
VERTEX
  8
0
 10
205.928736
 20
53.743310
 42
-0.049707
  0
VERTEX
  8
0
 10
205.291036
 20
54.173425
 42
-0.024267
  0
VERTEX
  8
0
 10
204.307006
 20
55.074187
 42
-0.172226
  0
VERTEX
  8
0
 10
204.035676
 20
55.650650
 42
-0.559573
  0
VERTEX
  8
0
 10
204.281865
 20
55.837525
 42
-0.045664
  0
VERTEX
  8
0
 10
205.169939
 20
55.394972
 42
0.061279
  0
VERTEX
  8
0
 10
205.653598
 20
55.172471
 42
0.366135
  0
VERTEX
  8
0
 10
205.890859
 20
55.270884
 42
0.188108
  0
VERTEX
  8
0
 10
205.928739
 20
55.634560
 42
0.024586
  0
VERTEX
  8
0
 10
205.681393
 20
56.387893
 42
-0.032659
  0
VERTEX
  8
0
 10
205.485650
 20
57.018193
 42
-0.116666
  0
VERTEX
  8
0
 10
205.484167
 20
57.437474
 42
-0.311910
  0
VERTEX
  8
0
 10
205.656931
 20
57.594387
 42
-0.173262
  0
VERTEX
  8
0
 10
205.947822
 20
57.532248
 42
-0.125753
  0
VERTEX
  8
0
 10
206.292207
 20
57.174973
 42
-0.053719
  0
VERTEX
  8
0
 10
206.558351
 20
56.561795
 42
-0.048509
  0
VERTEX
  8
0
 10
206.714487
 20
55.811707
 42
-0.045900
  0
SEQEND
  0
POLYLINE
  8
0
 66
1
 70
1
  0
VERTEX
  8
0
 10
244.269032
 20
57.344063
 42
-0.062780
  0
VERTEX
  8
0
 10
243.671085
 20
57.185595
 42
-0.030339
  0
VERTEX
  8
0
 10
242.880008
 20
57.127736
 42
-0.029507
  0
VERTEX
  8
0
 10
242.036634
 20
57.167106
 42
-0.037336
  0
VERTEX
  8
0
 10
241.269032
 20
57.307009
 42
-0.087174
  0
VERTEX
  8
0
 10
240.883358
 20
57.483340
 42
-0.597527
  0
VERTEX
  8
0
 10
240.900903
 20
57.643467
 42
-0.080377
  0
VERTEX
  8
0
 10
241.431793
 20
57.764444
 42
-0.012823
  0
VERTEX
  8
0
 10
242.500000
 20
57.805051
 42
-0.014395
  0
VERTEX
  8
0
 10
243.580113
 20
57.787295
 42
-0.052471
  0
VERTEX
  8
0
 10
244.257153
 20
57.684921
 42
-0.333666
  0
VERTEX
  8
0
 10
244.386009
 20
57.522870
 42
-0.313180
  0
SEQEND
  0
POLYLINE
  8
0
 66
1
 70
1
  0
VERTEX
  8
0
 10
248.931225
 20
55.457495
 42
-0.405917
  0
VERTEX
  8
0
 10
249.178530
 20
55.402811
 42
-0.119363
  0
VERTEX
  8
0
 10
249.323377
 20
54.998971
 42
-0.052873
  0
VERTEX
  8
0
 10
249.324247
 20
54.231374
 42
-0.022875
  0
VERTEX
  8
0
 10
249.171088
 20
53.219738
 42
0.000000
  0
VERTEX
  8
0
 10
248.631089
 20
50.500000
 42
0.000000
  0
VERTEX
  8
0
 10
247.915225
 20
53.000000
 42
-0.014271
  0
VERTEX
  8
0
 10
247.642349
 20
54.067137
 42
-0.012168
  0
VERTEX
  8
0
 10
247.414440
 20
55.206250
 42
-0.012339
  0
VERTEX
  8
0
 10
247.257897
 20
56.252954
 42
-0.033678
  0
VERTEX
  8
0
 10
247.215681
 20
57.000000
 42
-0.015815
  0
VERTEX
  8
0
 10
247.241421
 20
57.605151
 42
-0.546372
  0
VERTEX
  8
0
 10
247.345923
 20
57.661774
 42
-0.197290
  0
VERTEX
  8
0
 10
247.481124
 20
57.493781
 42
-0.008231
  0
VERTEX
  8
0
 10
247.691683
 20
56.737757
 42
0.046937
  0
VERTEX
  8
0
 10
247.924545
 20
56.097779
 42
0.081798
  0
VERTEX
  8
0
 10
248.245417
 20
55.634755
 42
0.124042
  0
VERTEX
  8
0
 10
248.597898
 20
55.416344
 42
0.218764
  0
SEQEND
  0
POLYLINE
  8
0
 66
1
 70
1
  0
VERTEX
  8
0
 10
193.000000
 20
56.622445
 42
-0.184603
  0
VERTEX
  8
0
 10
192.918850
 20
56.410139
 42
-0.013803
  0
VERTEX
  8
0
 10
192.485938
 20
55.952641
 42
-0.017649
  0
VERTEX
  8
0
 10
191.920402
 20
55.425681
 42
-0.012436
  0
VERTEX
  8
0
 10
191.250000
 20
54.872445
 42
-0.001576
  0
VERTEX
  8
0
 10
190.120493
 20
53.992360
 42
-0.377591
  0
VERTEX
  8
0
 10
190.000000
 20
54.000000
 42
-0.377591
  0
VERTEX
  8
0
 10
189.992360
 20
54.120493
 42
-0.001576
  0
VERTEX
  8
0
 10
190.872445
 20
55.250000
 42
-0.017685
  0
VERTEX
  8
0
 10
191.763320
 20
56.306759
 42
-0.065617
  0
VERTEX
  8
0
 10
192.426111
 20
56.869516
 42
-0.241985
  0
VERTEX
  8
0
 10
192.806605
 20
56.906950
 42
-0.307699
  0
SEQEND
  0
POLYLINE
  8
0
 66
1
 70
1
  0
VERTEX
  8
0
 10
271.500000
 20
54.776946
 42
-0.111066
  0
VERTEX
  8
0
 10
271.749502
 20
54.485745
 42
-0.327207
  0
VERTEX
  8
0
 10
271.713510
 20
54.239691
 42
-0.159858
  0
VERTEX
  8
0
 10
271.381294
 20
54.068396
 42
-0.037587
  0
VERTEX
  8
0
 10
270.750000
 20
54.015313
 42
-0.092982
  0
VERTEX
  8
0
 10
270.077293
 20
54.135420
 42
-0.098893
  0
VERTEX
  8
0
 10
269.510203
 20
54.490372
 42
-0.101386
  0
VERTEX
  8
0
 10
269.132985
 20
55.027441
 42
-0.102919
  0
VERTEX
  8
0
 10
269.000000
 20
55.666667
 42
-0.043317
  0
VERTEX
  8
0
 10
269.050454
 20
56.247958
 42
-0.152297
  0
VERTEX
  8
0
 10
269.220312
 20
56.577897
 42
-0.297449
  0
VERTEX
  8
0
 10
269.466001
 20
56.631514
 42
-0.129577
  0
VERTEX
  8
0
 10
269.750000
 20
56.428300
 42
0.019542
  0
VERTEX
  8
0
 10
270.109237
 20
56.027750
 42
0.011060
  0
VERTEX
  8
0
 10
270.573438
 20
55.569889
 42
0.011028
  0
VERTEX
  8
0
 10
271.062566
 20
55.128314
 42
0.017789
  0
SEQEND
  0
POLYLINE
  8
0
 66
1
 70
1
  0
VERTEX
  8
0
 10
200.685549
 20
53.825686
 42
0.033127
  0
VERTEX
  8
0
 10
202.228284
 20
52.557695
 42
0.386057
  0
VERTEX
  8
0
 10
202.940415
 20
52.640045
 42
0.339016
  0
VERTEX
  8
0
 10
202.990903
 20
53.414532
 42
0.031384
  0
VERTEX
  8
0
 10
201.750000
 20
55.042250
 42
-0.286495
  0
VERTEX
  8
0
 10
201.729216
 20
55.174343
 42
-0.485632
  0
VERTEX
  8
0
 10
201.822600
 20
55.199650
 42
-0.018850
  0
VERTEX
  8
0
 10
202.571742
 20
54.597280
 42
-0.004664
  0
VERTEX
  8
0
 10
203.752469
 20
53.552793
 42
-0.017053
  0
VERTEX
  8
0
 10
205.235851
 20
52.121068
 42
-0.069233
  0
VERTEX
  8
0
 10
205.974333
 20
51.109853
 42
-0.158288
  0
VERTEX
  8
0
 10
206.106449
 20
50.377805
 42
-0.220909
  0
VERTEX
  8
0
 10
205.752469
 20
49.825856
 42
0.115831
  0
VERTEX
  8
0
 10
205.290321
 20
49.353478
 42
0.403834
  0
VERTEX
  8
0
 10
205.376190
 20
48.976213
 42
0.147564
  0
VERTEX
  8
0
 10
206.045628
 20
48.779085
 42
0.035346
  0
VERTEX
  8
0
 10
207.214012
 20
48.869583
 42
-0.248895
  0
VERTEX
  8
0
 10
207.438180
 20
48.790308
 42
-0.153811
  0
VERTEX
  8
0
 10
207.559532
 20
48.531047
 42
-0.084511
  0
VERTEX
  8
0
 10
207.543989
 20
48.100396
 42
-0.040450
  0
VERTEX
  8
0
 10
207.387594
 20
47.567672
 42
0.414206
  0
VERTEX
  8
0
 10
207.786249
 20
46.672516
 42
0.109517
  0
VERTEX
  8
0
 10
209.504825
 20
46.415821
 42
0.073319
  0
VERTEX
  8
0
 10
211.685287
 20
46.894885
 42
0.165120
  0
VERTEX
  8
0
 10
212.974546
 20
47.958815
 42
-0.075825
  0
VERTEX
  8
0
 10
213.357801
 20
48.409300
 42
-0.283832
  0
VERTEX
  8
0
 10
213.708843
 20
48.466449
 42
-0.173529
  0
VERTEX
  8
0
 10
214.051089
 20
48.156841
 42
-0.031356
  0
VERTEX
  8
0
 10
214.413689
 20
47.364326
 42
-0.017969
  0
VERTEX
  8
0
 10
214.638169
 20
46.709970
 42
-0.071000
  0
VERTEX
  8
0
 10
214.702782
 20
46.290343
 42
-0.382995
  0
VERTEX
  8
0
 10
214.604782
 20
46.178721
 42
-0.229971
  0
VERTEX
  8
0
 10
214.426069
 20
46.240598
 42
0.218149
  0
VERTEX
  8
0
 10
213.976849
 20
46.407550
 42
0.039275
  0
VERTEX
  8
0
 10
213.072339
 20
46.268765
 42
0.036015
  0
VERTEX
  8
0
 10
211.960789
 20
45.921561
 42
0.025629
  0
VERTEX
  8
0
 10
210.772011
 20
45.382102
 42
-0.016556
  0
VERTEX
  8
0
 10
208.944153
 20
44.512318
 42
-0.131683
  0
VERTEX
  8
0
 10
208.027418
 20
44.374543
 42
-0.177699
  0
VERTEX
  8
0
 10
207.299314
 20
44.739293
 42
-0.035926
  0
VERTEX
  8
0
 10
206.371429
 20
45.880099
 42
0.110851
  0
VERTEX
  8
0
 10
205.091072
 20
47.046796
 42
0.162044
  0
VERTEX
  8
0
 10
203.607429
 20
47.342742
 42
0.262367
  0
VERTEX
  8
0
 10
202.703832
 20
46.673374
 42
0.199188
  0
VERTEX
  8
0
 10
202.670131
 20
45.417241
 42
0.054366
  0
VERTEX
  8
0
 10
202.948899
 20
44.875222
 42
0.057244
  0
VERTEX
  8
0
 10
203.333881
 20
44.416315
 42
0.063907
  0
VERTEX
  8
0
 10
203.761636
 20
44.103927
 42
0.126450
  0
VERTEX
  8
0
 10
204.166006
 20
44.000000
 42
0.153743
  0
VERTEX
  8
0
 10
204.468180
 20
44.095164
 42
0.191512
  0
VERTEX
  8
0
 10
204.628778
 20
44.339137
 42
0.129483
  0
VERTEX
  8
0
 10
204.608682
 20
44.712194
 42
0.060631
  0
VERTEX
  8
0
 10
204.404508
 20
45.154508
 42
-0.028948
  0
VERTEX
  8
0
 10
204.154868
 20
45.616187
 42
-0.323892
  0
VERTEX
  8
0
 10
204.191836
 20
45.809820
 42
-0.309012
  0
VERTEX
  8
0
 10
204.391571
 20
45.841292
 42
-0.027620
  0
VERTEX
  8
0
 10
204.861803
 20
45.585410
 42
-0.078004
  0
VERTEX
  8
0
 10
205.265683
 20
45.238779
 42
-0.090333
  0
VERTEX
  8
0
 10
205.519692
 20
44.800911
 42
-0.100781
  0
VERTEX
  8
0
 10
205.586571
 20
44.341636
 42
-0.124968
  0
VERTEX
  8
0
 10
205.457295
 20
43.930902
 42
0.141564
  0
VERTEX
  8
0
 10
205.131336
 20
42.763648
 42
0.247194
  0
VERTEX
  8
0
 10
205.595331
 20
41.901268
 42
0.182981
  0
VERTEX
  8
0
 10
206.739025
 20
41.632813
 42
0.090242
  0
VERTEX
  8
0
 10
208.181365
 20
42.097064
 42
-0.010398
  0
VERTEX
  8
0
 10
209.207261
 20
42.618961
 42
-0.126468
  0
VERTEX
  8
0
 10
209.636377
 20
42.705147
 42
-0.497480
  0
VERTEX
  8
0
 10
209.754367
 20
42.530495
 42
-0.056173
  0
VERTEX
  8
0
 10
209.515909
 20
42.025741
 42
0.185812
  0
VERTEX
  8
0
 10
209.395637
 20
41.387085
 42
0.054622
  0
VERTEX
  8
0
 10
209.686314
 20
40.414535
 42
0.046252
  0
VERTEX
  8
0
 10
210.286669
 20
39.294397
 42
0.034120
  0
VERTEX
  8
0
 10
211.141598
 20
38.175972
 42
-0.001063
  0
VERTEX
  8
0
 10
212.627331
 20
36.477701
 42
-0.748913
  0
VERTEX
  8
0
 10
212.584511
 20
36.410747
 42
-0.112815
  0
VERTEX
  8
0
 10
212.340513
 20
36.546744
 42
-0.000564
  0
VERTEX
  8
0
 10
210.246366
 20
38.437091
 42
0.024010
  0
VERTEX
  8
0
 10
208.209012
 20
40.109749
 42
0.210356
  0
VERTEX
  8
0
 10
207.096500
 20
40.364066
 42
0.542877
  0
VERTEX
  8
0
 10
206.858803
 20
39.779413
 42
0.034916
  0
VERTEX
  8
0
 10
208.250000
 20
38.053296
 42
-0.004358
  0
VERTEX
  8
0
 10
208.924927
 20
37.313322
 42
-0.184745
  0
VERTEX
  8
0
 10
209.000000
 20
37.117076
 42
-0.561535
  0
VERTEX
  8
0
 10
208.904697
 20
37.058975
 42
-0.009535
  0
VERTEX
  8
0
 10
208.250000
 20
37.412313
 42
0.051738
  0
VERTEX
  8
0
 10
207.770810
 20
37.620915
 42
0.107720
  0
VERTEX
  8
0
 10
207.367188
 20
37.658392
 42
0.176082
  0
VERTEX
  8
0
 10
207.104930
 20
37.524970
 42
0.190139
  0
VERTEX
  8
0
 10
207.000000
 20
37.259017
 42
0.097053
  0
VERTEX
  8
0
 10
207.083185
 20
36.834497
 42
0.029526
  0
VERTEX
  8
0
 10
207.367188
 20
36.240566
 42
0.028337
  0
VERTEX
  8
0
 10
207.771597
 20
35.597993
 42
0.027467
  0
VERTEX
  8
0
 10
208.250000
 20
34.998228
 42
-0.001951
  0
VERTEX
  8
0
 10
208.984945
 20
34.167544
 42
-0.465712
  0
VERTEX
  8
0
 10
208.971455
 20
34.079039
 42
-0.305081
  0
VERTEX
  8
0
 10
208.855637
 20
34.084182
 42
-0.001633
  0
VERTEX
  8
0
 10
207.907991
 20
34.789552
 42
0.047538
  0
VERTEX
  8
0
 10
207.246316
 20
35.193529
 42
0.061752
  0
VERTEX
  8
0
 10
206.574824
 20
35.423366
 42
0.075663
  0
VERTEX
  8
0
 10
205.994859
 20
35.455526
 42
0.174168
  0
VERTEX
  8
0
 10
205.605138
 20
35.271805
 42
-0.125760
  0
VERTEX
  8
0
 10
205.392248
 20
35.145579
 42
-0.454855
  0
VERTEX
  8
0
 10
205.275865
 20
35.219977
 42
-0.107771
  0
VERTEX
  8
0
 10
205.297301
 20
35.541997
 42
-0.021310
  0
VERTEX
  8
0
 10
205.482414
 20
36.093577
 42
0.127019
  0
VERTEX
  8
0
 10
205.566059
 20
36.825917
 42
0.066639
  0
VERTEX
  8
0
 10
205.318068
 20
37.714902
 42
0.058124
  0
VERTEX
  8
0
 10
204.788750
 20
38.636719
 42
0.049509
  0
VERTEX
  8
0
 10
204.035267
 20
39.468084
 42
0.043193
  0
VERTEX
  8
0
 10
202.666957
 20
40.506622
 42
0.437336
  0
VERTEX
  8
0
 10
202.050724
 20
40.341604
 42
0.273333
  0
VERTEX
  8
0
 10
202.092299
 20
39.494271
 42
0.034501
  0
VERTEX
  8
0
 10
203.250000
 20
37.976534
 42
-0.039767
  0
VERTEX
  8
0
 10
203.534750
 20
37.594972
 42
-0.744315
  0
VERTEX
  8
0
 10
203.471875
 20
37.523006
 42
-0.060007
  0
VERTEX
  8
0
 10
203.065725
 20
37.770270
 42
-0.007227
  0
VERTEX
  8
0
 10
202.250000
 20
38.431521
 42
0.025656
  0
VERTEX
  8
0
 10
201.385505
 20
39.081029
 42
0.058423
  0
VERTEX
  8
0
 10
200.660937
 20
39.454870
 42
0.127799
  0
VERTEX
  8
0
 10
200.195244
 20
39.504133
 42
0.371265
  0
VERTEX
  8
0
 10
200.000000
 20
39.277432
 42
0.107423
  0
VERTEX
  8
0
 10
200.105297
 20
38.792987
 42
0.039389
  0
VERTEX
  8
0
 10
200.447257
 20
38.177008
 42
0.036818
  0
VERTEX
  8
0
 10
200.939958
 20
37.541027
 42
0.036351
  0
VERTEX
  8
0
 10
201.522578
 20
36.981262
 42
-0.076815
  0
VERTEX
  8
0
 10
202.063953
 20
36.369881
 42
-0.063737
  0
VERTEX
  8
0
 10
202.437759
 20
35.584270
 42
-0.065309
  0
VERTEX
  8
0
 10
202.594892
 20
34.750978
 42
-0.091070
  0
VERTEX
  8
0
 10
202.500000
 20
34.000000
 42
0.091070
  0
VERTEX
  8
0
 10
202.405108
 20
33.249022
 42
0.065309
  0
VERTEX
  8
0
 10
202.562241
 20
32.415730
 42
0.063737
  0
VERTEX
  8
0
 10
202.936047
 20
31.630119
 42
0.076815
  0
VERTEX
  8
0
 10
203.477422
 20
31.018738
 42
0.017216
  0
VERTEX
  8
0
 10
204.275076
 20
30.401850
 42
0.154093
  0
VERTEX
  8
0
 10
204.690471
 20
30.265073
 42
0.341277
  0
VERTEX
  8
0
 10
204.924841
 20
30.441568
 42
0.066993
  0
VERTEX
  8
0
 10
205.000000
 20
31.000000
 42
-0.063564
  0
VERTEX
  8
0
 10
205.071744
 20
31.562065
 42
-0.337273
  0
VERTEX
  8
0
 10
205.300279
 20
31.741750
 42
-0.160455
  0
VERTEX
  8
0
 10
205.702832
 20
31.616131
 42
-0.018013
  0
VERTEX
  8
0
 10
206.472121
 20
31.023137
 42
-0.035099
  0
VERTEX
  8
0
 10
207.238872
 20
30.290143
 42
-0.186553
  0
VERTEX
  8
0
 10
207.444242
 20
29.758867
 42
-0.169870
  0
VERTEX
  8
0
 10
207.247823
 20
29.197401
 42
-0.028094
  0
VERTEX
  8
0
 10
206.472121
 20
28.329264
 42
0.022276
  0
VERTEX
  8
0
 10
205.908589
 20
27.713151
 42
0.026015
  0
VERTEX
  8
0
 10
205.432436
 20
27.079322
 42
0.026342
  0
VERTEX
  8
0
 10
205.091624
 20
26.510244
 42
0.122337
  0
VERTEX
  8
0
 10
205.000000
 20
26.141376
 42
-0.335375
  0
VERTEX
  8
0
 10
204.455359
 20
25.420719
 42
-0.101267
  0
VERTEX
  8
0
 10
202.998023
 20
25.311798
 42
-0.082551
  0
VERTEX
  8
0
 10
201.394711
 20
25.793694
 42
-0.189130
  0
VERTEX
  8
0
 10
200.557912
 20
26.709679
 42
-0.014259
  0
VERTEX
  8
0
 10
200.258866
 20
27.560775
 42
-0.409759
  0
VERTEX
  8
0
 10
200.354221
 20
27.749238
 42
-0.250764
  0
VERTEX
  8
0
 10
200.621885
 20
27.704176
 42
-0.008636
  0
VERTEX
  8
0
 10
201.477108
 20
27.018999
 42
0.037324
  0
VERTEX
  8
0
 10
202.063192
 20
26.602258
 42
0.093249
  0
VERTEX
  8
0
 10
202.553305
 20
26.419155
 42
0.201414
  0
VERTEX
  8
0
 10
202.864450
 20
26.490674
 42
0.241368
  0
VERTEX
  8
0
 10
203.000000
 20
26.755111
 42
0.159195
  0
VERTEX
  8
0
 10
202.676678
 20
27.744868
 42
0.057835
  0
VERTEX
  8
0
 10
201.660947
 20
28.841712
 42
0.061896
  0
VERTEX
  8
0
 10
200.518948
 20
29.597447
 42
0.322083
  0
VERTEX
  8
0
 10
199.815689
 20
29.482356
 42
-0.331256
  0
VERTEX
  8
0
 10
199.467976
 20
29.431354
 42
-0.024510
  0
VERTEX
  8
0
 10
198.593739
 20
29.959123
 42
-0.026395
  0
VERTEX
  8
0
 10
197.528007
 20
30.760783
 42
-0.016259
  0
VERTEX
  8
0
 10
196.358397
 20
31.807931
 42
0.028619
  0
VERTEX
  8
0
 10
195.127131
 20
32.856650
 42
0.036145
  0
VERTEX
  8
0
 10
193.872841
 20
33.671309
 42
0.039188
  0
VERTEX
  8
0
 10
192.763271
 20
34.174056
 42
0.168787
  0
VERTEX
  8
0
 10
192.049311
 20
34.183104
 42
0.150244
  0
VERTEX
  8
0
 10
191.641655
 20
33.892070
 42
0.305186
  0
VERTEX
  8
0
 10
191.619036
 20
33.516272
 42
0.111298
  0
VERTEX
  8
0
 10
192.076507
 20
33.029116
 42
0.022277
  0
VERTEX
  8
0
 10
193.098612
 20
32.401639
 42
-0.021250
  0
VERTEX
  8
0
 10
193.942661
 20
31.885854
 42
-0.069987
  0
VERTEX
  8
0
 10
194.427405
 20
31.451375
 42
-0.281609
  0
VERTEX
  8
0
 10
194.468038
 20
31.184829
 42
-0.294261
  0
VERTEX
  8
0
 10
194.250000
 20
31.035435
 42
-0.018934
  0
VERTEX
  8
0
 10
193.746055
 20
31.040234
 42
-0.021560
  0
VERTEX
  8
0
 10
193.265460
 20
31.083847
 42
-0.021348
  0
VERTEX
  8
0
 10
192.864655
 20
31.155251
 42
-0.101923
  0
VERTEX
  8
0
 10
192.653695
 20
31.250000
 42
0.259526
  0
VERTEX
  8
0
 10
192.432442
 20
31.276102
 42
0.027865
  0
VERTEX
  8
0
 10
191.949496
 20
31.045111
 42
0.028658
  0
VERTEX
  8
0
 10
191.367368
 20
30.680837
 42
0.019071
  0
VERTEX
  8
0
 10
190.742722
 20
30.201442
 42
-0.040150
  0
VERTEX
  8
0
 10
190.010995
 20
29.687332
 42
-0.105313
  0
VERTEX
  8
0
 10
189.405415
 20
29.485063
 42
-0.155991
  0
VERTEX
  8
0
 10
188.916643
 20
29.582606
 42
-0.128387
  0
VERTEX
  8
0
 10
188.530011
 20
29.951442
 42
-0.093978
  0
VERTEX
  8
0
 10
188.376597
 20
30.351517
 42
-0.172246
  0
VERTEX
  8
0
 10
188.432374
 20
30.691986
 42
-0.173408
  0
VERTEX
  8
0
 10
188.689804
 20
30.919539
 42
-0.095405
  0
VERTEX
  8
0
 10
189.107650
 20
31.000000
 42
0.053916
  0
VERTEX
  8
0
 10
189.532667
 20
31.045964
 42
0.162272
  0
VERTEX
  8
0
 10
189.780004
 20
31.193285
 42
0.257487
  0
VERTEX
  8
0
 10
189.825330
 20
31.408224
 42
0.122915
  0
VERTEX
  8
0
 10
189.675343
 20
31.657991
 42
-0.171918
  0
VERTEX
  8
0
 10
189.507446
 20
32.010146
 42
-0.082297
  0
VERTEX
  8
0
 10
189.537806
 20
32.516912
 42
-0.066538
  0
VERTEX
  8
0
 10
189.753708
 20
33.095866
 42
-0.050768
  0
VERTEX
  8
0
 10
190.131121
 20
33.657991
 42
0.023048
  0
VERTEX
  8
0
 10
190.625263
 20
34.312561
 42
0.152929
  0
VERTEX
  8
0
 10
190.743602
 20
34.699164
 42
0.318136
  0
VERTEX
  8
0
 10
190.583144
 20
34.922746
 42
0.083263
  0
VERTEX
  8
0
 10
190.122445
 20
35.000000
 42
-0.154242
  0
VERTEX
  8
0
 10
189.695591
 20
35.134887
 42
-0.098964
  0
VERTEX
  8
0
 10
189.334216
 20
35.514063
 42
-0.081128
  0
VERTEX
  8
0
 10
189.093123
 20
36.080857
 42
-0.062337
  0
VERTEX
  8
0
 10
189.015313
 20
36.750000
 42
-0.017705
  0
VERTEX
  8
0
 10
189.052235
 20
37.585648
 42
-0.254304
  0
VERTEX
  8
0
 10
189.209151
 20
37.826404
 42
-0.363269
  0
VERTEX
  8
0
 10
189.443648
 20
37.778439
 42
-0.026719
  0
VERTEX
  8
0
 10
189.853584
 20
37.202666
 42
0.054502
  0
VERTEX
  8
0
 10
190.328749
 20
36.608037
 42
0.220135
  0
VERTEX
  8
0
 10
190.753239
 20
36.450988
 42
0.170286
  0
VERTEX
  8
0
 10
191.224053
 20
36.659178
 42
0.031108
  0
VERTEX
  8
0
 10
191.886830
 20
37.363638
 42
0.133477
  0
VERTEX
  8
0
 10
192.404976
 20
38.501409
 42
0.241398
  0
VERTEX
  8
0
 10
192.098635
 20
39.451921
 42
0.219594
  0
VERTEX
  8
0
 10
191.106423
 20
39.817436
 42
0.119110
  0
VERTEX
  8
0
 10
189.845492
 20
39.404508
 42
-0.028962
  0
VERTEX
  8
0
 10
189.375049
 20
39.150145
 42
-0.349256
  0
VERTEX
  8
0
 10
189.188007
 20
39.194782
 42
-0.288200
  0
VERTEX
  8
0
 10
189.166014
 20
39.406898
 42
-0.023928
  0
VERTEX
  8
0
 10
189.446642
 20
39.913665
 42
-0.094576
  0
VERTEX
  8
0
 10
189.838563
 20
40.341028
 42
-0.080736
  0
VERTEX
  8
0
 10
190.381831
 20
40.623113
 42
-0.080198
  0
VERTEX
  8
0
 10
190.989970
 20
40.719846
 42
-0.091277
  0
VERTEX
  8
0
 10
191.569126
 20
40.611848
 42
0.071657
  0
VERTEX
  8
0
 10
192.135828
 20
40.483134
 42
0.074475
  0
VERTEX
  8
0
 10
192.708064
 20
40.522340
 42
0.081683
  0
VERTEX
  8
0
 10
193.197939
 20
40.718052
 42
0.119091
  0
VERTEX
  8
0
 10
193.526992
 20
41.043674
 42
0.137406
  0
VERTEX
  8
0
 10
193.631597
 20
41.406801
 42
0.190952
  0
VERTEX
  8
0
 10
193.510479
 20
41.719079
 42
0.140001
  0
VERTEX
  8
0
 10
193.163006
 20
41.929854
 42
0.066864
  0
VERTEX
  8
0
 10
192.640804
 20
42.000000
 42
0.053537
  0
VERTEX
  8
0
 10
190.874284
 20
41.810307
 42
0.072165
  0
VERTEX
  8
0
 10
189.370366
 20
41.247619
 42
0.091354
  0
VERTEX
  8
0
 10
188.355606
 20
40.419769
 42
0.177914
  0
VERTEX
  8
0
 10
188.000000
 20
39.452028
 42
-0.107362
  0
VERTEX
  8
0
 10
187.726366
 20
38.192370
 42
-0.235765
  0
VERTEX
  8
0
 10
186.979411
 20
37.588444
 42
-0.200687
  0
VERTEX
  8
0
 10
185.939735
 20
37.776855
 42
-0.082819
  0
VERTEX
  8
0
 10
184.863307
 20
38.761010
 42
-0.001693
  0
VERTEX
  8
0
 10
184.008889
 20
39.858513
 42
-0.301871
  0
VERTEX
  8
0
 10
183.998861
 20
39.997986
 42
-0.455848
  0
VERTEX
  8
0
 10
184.106195
 20
40.019834
 42
-0.002084
  0
VERTEX
  8
0
 10
185.127857
 20
39.228925
 42
0.032420
  0
VERTEX
  8
0
 10
186.030741
 20
38.613713
 42
0.220380
  0
VERTEX
  8
0
 10
186.554037
 20
38.561482
 42
0.217045
  0
VERTEX
  8
0
 10
186.937305
 20
38.927078
 42
0.031449
  0
VERTEX
  8
0
 10
187.283977
 20
39.977929
 42
0.045464
  0
VERTEX
  8
0
 10
187.419456
 20
40.791983
 42
0.054455
  0
VERTEX
  8
0
 10
187.392470
 20
41.568137
 42
0.063508
  0
VERTEX
  8
0
 10
187.218595
 20
42.195406
 42
0.156247
  0
VERTEX
  8
0
 10
186.911497
 20
42.554698
 42
-0.073334
  0
VERTEX
  8
0
 10
186.488006
 20
42.911384
 42
-0.019847
  0
VERTEX
  8
0
 10
185.931926
 20
43.592437
 42
-0.019645
  0
VERTEX
  8
0
 10
185.355397
 20
44.424839
 42
-0.019235
  0
VERTEX
  8
0
 10
184.841658
 20
45.305694
 42
-0.003488
  0
VERTEX
  8
0
 10
184.120152
 20
46.682974
 42
-0.259966
  0
VERTEX
  8
0
 10
184.128207
 20
46.926303
 42
-0.451727
  0
VERTEX
  8
0
 10
184.306163
 20
46.958769
 42
-0.005407
  0
VERTEX
  8
0
 10
185.336280
 20
46.127555
 42
0.045456
  0
VERTEX
  8
0
 10
186.169432
 20
45.558901
 42
0.098941
  0
VERTEX
  8
0
 10
186.903237
 20
45.323182
 42
0.118536
  0
VERTEX
  8
0
 10
187.583868
 20
45.406906
 42
0.083785
  0
VERTEX
  8
0
 10
188.252835
 20
45.794871
 42
-0.210235
  0
VERTEX
  8
0
 10
189.520233
 20
46.156972
 42
-0.087513
  0
VERTEX
  8
0
 10
191.250554
 20
45.601319
 42
-0.117355
  0
VERTEX
  8
0
 10
192.397116
 20
44.597841
 42
-0.366050
  0
VERTEX
  8
0
 10
192.317790
 20
43.651123
 42
0.089318
  0
VERTEX
  8
0
 10
192.145048
 20
43.402507
 42
0.234395
  0
VERTEX
  8
0
 10
192.151684
 20
43.191267
 42
0.202866
  0
VERTEX
  8
0
 10
192.330487
 20
43.047086
 42
0.069691
  0
VERTEX
  8
0
 10
192.666667
 20
43.000000
 42
0.104425
  0
VERTEX
  8
0
 10
193.751123
 20
43.228986
 42
0.200224
  0
VERTEX
  8
0
 10
194.352940
 20
43.862959
 42
0.155653
  0
VERTEX
  8
0
 10
194.409070
 20
44.876292
 42
0.059546
  0
VERTEX
  8
0
 10
193.889122
 20
46.207177
 42
-0.009696
  0
VERTEX
  8
0
 10
193.294939
 20
47.371122
 42
-0.337246
  0
VERTEX
  8
0
 10
193.351690
 20
47.654100
 42
-0.303660
  0
VERTEX
  8
0
 10
193.652756
 20
47.694293
 42
-0.008623
  0
VERTEX
  8
0
 10
194.868613
 20
47.070316
 42
-0.032662
  0
VERTEX
  8
0
 10
196.702850
 20
45.928760
 42
-0.159369
  0
VERTEX
  8
0
 10
197.416602
 20
44.955393
 42
-0.305957
  0
VERTEX
  8
0
 10
197.186128
 20
44.145335
 42
-0.098428
  0
VERTEX
  8
0
 10
196.034834
 20
43.511056
 42
0.102931
  0
VERTEX
  8
0
 10
194.860962
 20
42.850626
 42
0.179739
  0
VERTEX
  8
0
 10
194.334987
 20
41.882102
 42
0.174815
  0
VERTEX
  8
0
 10
194.562452
 20
40.784288
 42
0.096984
  0
VERTEX
  8
0
 10
195.500000
 20
39.765313
 42
-0.067890
  0
VERTEX
  8
0
 10
195.808353
 20
39.466790
 42
-0.307609
  0
VERTEX
  8
0
 10
195.824764
 20
39.229940
 42
-0.219166
  0
VERTEX
  8
0
 10
195.590740
 20
39.065812
 42
-0.042389
  0
VERTEX
  8
0
 10
195.062909
 20
39.015313
 42
0.281871
  0
VERTEX
  8
0
 10
194.683868
 20
38.777600
 42
0.225178
  0
VERTEX
  8
0
 10
194.674918
 20
38.285976
 42
0.068366
  0
VERTEX
  8
0
 10
195.222605
 20
37.414885
 42
0.016547
  0
VERTEX
  8
0
 10
196.361201
 20
36.144875
 42
-0.022066
  0
VERTEX
  8
0
 10
197.386851
 20
34.975132
 42
-0.029311
  0
VERTEX
  8
0
 10
198.205442
 20
33.821511
 42
-0.029566
  0
VERTEX
  8
0
 10
198.751498
 20
32.820556
 42
-0.181551
  0
VERTEX
  8
0
 10
198.798292
 20
32.244875
 42
0.053045
  0
VERTEX
  8
0
 10
198.730565
 20
31.855223
 42
0.109369
  0
VERTEX
  8
0
 10
198.777096
 20
31.550995
 42
0.175590
  0
VERTEX
  8
0
 10
198.925714
 20
31.380612
 42
0.185685
  0
VERTEX
  8
0
 10
199.145012
 20
31.350000
 42
-0.178584
  0
VERTEX
  8
0
 10
199.512433
 20
31.303851
 42
-0.022411
  0
VERTEX
  8
0
 10
200.218893
 20
30.896347
 42
-0.024085
  0
VERTEX
  8
0
 10
201.041741
 20
30.313642
 42
-0.017808
  0
VERTEX
  8
0
 10
201.895012
 20
29.595012
 42
0.044955
  0
VERTEX
  8
0
 10
203.501284
 20
28.384744
 42
0.717841
  0
VERTEX
  8
0
 10
203.851613
 20
28.673491
 42
0.068341
  0
VERTEX
  8
0
 10
202.887960
 20
30.436582
 42
0.008965
  0
VERTEX
  8
0
 10
200.282211
 20
33.831703
 42
-0.002953
  0
VERTEX
  8
0
 10
198.445198
 20
36.166539
 42
-0.060450
  0
VERTEX
  8
0
 10
197.984868
 20
36.934536
 42
-0.782896
  0
VERTEX
  8
0
 10
198.126284
 20
37.044645
 42
-0.015378
  0
VERTEX
  8
0
 10
199.282211
 20
36.075686
 42
0.019719
  0
VERTEX
  8
0
 10
200.326282
 20
35.215812
 42
0.043126
  0
VERTEX
  8
0
 10
201.201649
 20
34.662941
 42
0.085198
  0
VERTEX
  8
0
 10
201.780444
 20
34.479363
 42
0.454979
  0
VERTEX
  8
0
 10
202.000000
 20
34.670698
 42
0.123994
  0
VERTEX
  8
0
 10
201.871474
 20
35.181004
 42
0.030479
  0
VERTEX
  8
0
 10
201.412500
 20
35.922278
 42
0.029337
  0
VERTEX
  8
0
 10
200.765534
 20
36.732230
 42
0.025652
  0
VERTEX
  8
0
 10
200.000000
 20
37.500000
 42
-0.044853
  0
VERTEX
  8
0
 10
199.234689
 20
38.328807
 42
-0.038833
  0
VERTEX
  8
0
 10
198.587500
 20
39.320267
 42
-0.040713
  0
VERTEX
  8
0
 10
198.142791
 20
40.317947
 42
-0.084684
  0
VERTEX
  8
0
 10
198.000000
 20
41.154988
 42
-0.074925
  0
VERTEX
  8
0
 10
198.186927
 20
42.395418
 42
-0.267426
  0
VERTEX
  8
0
 10
198.752617
 20
42.921392
 42
-0.206624
  0
VERTEX
  8
0
 10
199.628480
 20
42.761016
 42
-0.049236
  0
VERTEX
  8
0
 10
200.800000
 20
41.800000
 42
0.033956
  0
VERTEX
  8
0
 10
201.261649
 20
41.397130
 42
0.092680
  0
VERTEX
  8
0
 10
201.647500
 20
41.203653
 42
0.226140
  0
VERTEX
  8
0
 10
201.889997
 20
41.243991
 42
0.245024
  0
VERTEX
  8
0
 10
202.000000
 20
41.454988
 42
-0.417218
  0
VERTEX
  8
0
 10
202.170575
 20
41.623824
 42
-0.109240
  0
VERTEX
  8
0
 10
202.587500
 20
41.527142
 42
-0.050352
  0
VERTEX
  8
0
 10
203.231489
 20
41.135756
 42
-0.022215
  0
VERTEX
  8
0
 10
204.000000
 20
40.500000
 42
0.050971
  0
VERTEX
  8
0
 10
205.510068
 20
39.390382
 42
0.716404
  0
VERTEX
  8
0
 10
205.848487
 20
39.682113
 42
0.063961
  0
VERTEX
  8
0
 10
204.832892
 20
41.490551
 42
0.009326
  0
VERTEX
  8
0
 10
202.250000
 20
44.831703
 42
-0.007603
  0
VERTEX
  8
0
 10
200.916632
 20
46.544282
 42
-0.025233
  0
VERTEX
  8
0
 10
200.115625
 20
47.725532
 42
-0.201299
  0
VERTEX
  8
0
 10
200.065034
 20
48.064553
 42
-0.541995
  0
VERTEX
  8
0
 10
200.250000
 20
48.127555
 42
0.022023
  0
VERTEX
  8
0
 10
201.072851
 20
47.538837
 42
0.117610
  0
VERTEX
  8
0
 10
201.589284
 20
47.354500
 42
0.295846
  0
VERTEX
  8
0
 10
201.882342
 20
47.502105
 42
0.133010
  0
VERTEX
  8
0
 10
202.000000
 20
47.936572
 42
-0.114189
  0
VERTEX
  8
0
 10
202.091037
 20
48.330000
 42
-0.184795
  0
VERTEX
  8
0
 10
202.339137
 20
48.561381
 42
-0.157054
  0
VERTEX
  8
0
 10
202.713172
 20
48.588928
 42
-0.079045
  0
VERTEX
  8
0
 10
203.154508
 20
48.404508
 42
0.028948
  0
VERTEX
  8
0
 10
203.616187
 20
48.154868
 42
0.323892
  0
VERTEX
  8
0
 10
203.809820
 20
48.191836
 42
0.309012
  0
VERTEX
  8
0
 10
203.841292
 20
48.391571
 42
0.027620
  0
VERTEX
  8
0
 10
203.585410
 20
48.861803
 42
0.068083
  0
VERTEX
  8
0
 10
203.247605
 20
49.271489
 42
0.084621
  0
VERTEX
  8
0
 10
202.834194
 20
49.540263
 42
0.099751
  0
VERTEX
  8
0
 10
202.411766
 20
49.629765
 42
0.141819
  0
VERTEX
  8
0
 10
202.044209
 20
49.527322
 42
-0.198601
  0
VERTEX
  8
0
 10
201.631870
 20
49.460155
 42
-0.071164
  0
VERTEX
  8
0
 10
201.066311
 20
49.681281
 42
-0.056811
  0
VERTEX
  8
0
 10
200.445256
 20
50.132487
 42
-0.041050
  0
VERTEX
  8
0
 10
199.863307
 20
50.761010
 42
-0.001748
  0
VERTEX
  8
0
 10
198.977586
 20
51.898978
 42
-0.488717
  0
VERTEX
  8
0
 10
199.003960
 20
52.001723
 42
-0.274127
  0
VERTEX
  8
0
 10
199.152295
 20
51.983123
 42
-0.001306
  0
VERTEX
  8
0
 10
200.412621
 20
51.000000
 42
0.006162
  0
VERTEX
  8
0
 10
201.562527
 20
50.120841
 42
0.161488
  0
VERTEX
  8
0
 10
201.926920
 20
50.000000
 42
0.478469
  0
VERTEX
  8
0
 10
202.068319
 20
50.175483
 42
0.023448
  0
VERTEX
  8
0
 10
201.847929
 20
51.000000
 42
0.087602
  0
VERTEX
  8
0
 10
201.509375
 20
51.645822
 42
0.040489
  0
VERTEX
  8
0
 10
200.868892
 20
52.349344
 42
0.038469
  0
VERTEX
  8
0
 10
200.056758
 20
52.998640
 42
0.043341
  0
VERTEX
  8
0
 10
199.185307
 20
53.487128
 42
-0.027037
  0
VERTEX
  8
0
 10
198.348582
 20
53.920970
 42
-0.035723
  0
VERTEX
  8
0
 10
197.641934
 20
54.408381
 42
-0.038659
  0
VERTEX
  8
0
 10
197.139007
 20
54.879270
 42
-0.187400
  0
VERTEX
  8
0
 10
197.000000
 20
55.237128
 42
-0.251502
  0
VERTEX
  8
0
 10
197.302264
 20
55.800036
 42
-0.242325
  0
VERTEX
  8
0
 10
197.947217
 20
55.871103
 42
-0.077761
  0
VERTEX
  8
0
 10
199.076993
 20
55.222817
 42
-0.019511
  0
SEQEND
  0
POLYLINE
  8
0
 66
1
 70
1
  0
VERTEX
  8
0
 10
243.000000
 20
55.200000
 42
-0.102712
  0
VERTEX
  8
0
 10
242.919239
 20
54.811004
 42
-0.032763
  0
VERTEX
  8
0
 10
242.647500
 20
54.282500
 42
-0.031128
  0
VERTEX
  8
0
 10
242.259244
 20
53.718210
 42
-0.030136
  0
VERTEX
  8
0
 10
241.800000
 20
53.200000
 42
0.018208
  0
VERTEX
  8
0
 10
241.222304
 20
52.578624
 42
0.180052
  0
VERTEX
  8
0
 10
241.100000
 20
52.250000
 42
0.354955
  0
VERTEX
  8
0
 10
241.257401
 20
52.056215
 42
0.051663
  0
VERTEX
  8
0
 10
241.800000
 20
52.000000
 42
-0.079246
  0
VERTEX
  8
0
 10
242.258385
 20
51.926890
 42
-0.090944
  0
VERTEX
  8
0
 10
242.647500
 20
51.715469
 42
-0.100771
  0
VERTEX
  8
0
 10
242.907644
 20
51.400802
 42
-0.123107
  0
VERTEX
  8
0
 10
243.000000
 20
51.031385
 42
-0.200538
  0
VERTEX
  8
0
 10
242.867654
 20
50.714679
 42
-0.142672
  0
VERTEX
  8
0
 10
242.525202
 20
50.529497
 42
-0.093488
  0
VERTEX
  8
0
 10
242.002804
 20
50.515991
 42
-0.051501
  0
VERTEX
  8
0
 10
241.383666
 20
50.683015
 42
0.030975
  0
VERTEX
  8
0
 10
240.527351
 20
50.952112
 42
0.406348
  0
VERTEX
  8
0
 10
240.266251
 20
50.799345
 42
0.182050
  0
VERTEX
  8
0
 10
240.306531
 20
50.356356
 42
0.010141
  0
VERTEX
  8
0
 10
240.946457
 20
49.100046
 42
-0.047557
  0
VERTEX
  8
0
 10
241.366813
 20
48.095617
 42
-0.033009
  0
VERTEX
  8
0
 10
241.653898
 20
46.898240
 42
-0.033389
  0
VERTEX
  8
0
 10
241.777205
 20
45.700323
 42
-0.056934
  0
VERTEX
  8
0
 10
241.698973
 20
44.698415
 42
-0.003206
  0
VERTEX
  8
0
 10
241.435250
 20
43.384489
 42
-0.552085
  0
VERTEX
  8
0
 10
241.323071
 20
43.342595
 42
-0.218313
  0
VERTEX
  8
0
 10
241.225449
 20
43.525862
 42
-0.001946
  0
VERTEX
  8
0
 10
241.136182
 20
45.127555
 42
0.048120
  0
VERTEX
  8
0
 10
240.972525
 20
46.225651
 42
0.039371
  0
VERTEX
  8
0
 10
240.595756
 20
47.351959
 42
0.040880
  0
VERTEX
  8
0
 10
240.077322
 20
48.339975
 42
0.078443
  0
VERTEX
  8
0
 10
239.487669
 20
49.010234
 42
-0.051865
  0
VERTEX
  8
0
 10
238.864578
 20
49.647137
 42
-0.117347
  0
VERTEX
  8
0
 10
238.580815
 20
50.254337
 42
-0.138851
  0
VERTEX
  8
0
 10
238.624464
 20
50.856245
 42
-0.086312
  0
VERTEX
  8
0
 10
238.978993
 20
51.474688
 42
0.056498
  0
VERTEX
  8
0
 10
239.313946
 20
51.986105
 42
0.071102
  0
VERTEX
  8
0
 10
239.494540
 20
52.522062
 42
0.086014
  0
VERTEX
  8
0
 10
239.499996
 20
52.999200
 42
0.157592
  0
VERTEX
  8
0
 10
239.324657
 20
53.342009
 42
-0.122915
  0
VERTEX
  8
0
 10
239.174670
 20
53.591776
 42
-0.257487
  0
VERTEX
  8
0
 10
239.219996
 20
53.806715
 42
-0.162272
  0
VERTEX
  8
0
 10
239.467333
 20
53.954036
 42
-0.053916
  0
VERTEX
  8
0
 10
239.892350
 20
54.000000
 42
0.089607
  0
VERTEX
  8
0
 10
240.313267
 20
54.076045
 42
0.168389
  0
VERTEX
  8
0
 10
240.576442
 20
54.293750
 42
0.176926
  0
VERTEX
  8
0
 10
240.640901
 20
54.618743
 42
0.100119
  0
VERTEX
  8
0
 10
240.500000
 20
55.000000
 42
-0.139169
  0
VERTEX
  8
0
 10
240.392057
 20
55.379648
 42
-0.191142
  0
VERTEX
  8
0
 10
240.521475
 20
55.706250
 42
-0.138808
  0
VERTEX
  8
0
 10
240.889346
 20
55.926733
 42
-0.066118
  0
VERTEX
  8
0
 10
241.440983
 20
56.000000
 42
-0.049341
  0
VERTEX
  8
0
 10
242.037583
 20
55.940983
 42
-0.069337
  0
VERTEX
  8
0
 10
242.542039
 20
55.765000
 42
-0.089510
  0
VERTEX
  8
0
 10
242.881602
 20
55.505439
 42
-0.187036
  0
SEQEND
  0
POLYLINE
  8
0
 66
1
 70
1
  0
VERTEX
  8
0
 10
254.683114
 20
52.812500
 42
-0.054073
  0
VERTEX
  8
0
 10
254.461564
 20
52.395823
 42
-0.470617
  0
VERTEX
  8
0
 10
254.279315
 20
52.378580
 42
-0.168741
  0
VERTEX
  8
0
 10
254.137993
 20
52.670344
 42
-0.018894
  0
VERTEX
  8
0
 10
254.078947
 20
53.416667
 42
-0.028489
  0
VERTEX
  8
0
 10
254.089945
 20
54.112848
 42
-0.077125
  0
VERTEX
  8
0
 10
254.200665
 20
54.592839
 42
-0.208169
  0
VERTEX
  8
0
 10
254.385309
 20
54.775380
 42
-0.296942
  0
VERTEX
  8
0
 10
254.604167
 20
54.729167
 42
-0.126455
  0
VERTEX
  8
0
 10
254.797407
 20
54.402231
 42
-0.060344
  0
VERTEX
  8
0
 10
254.876576
 20
53.916927
 42
-0.054150
  0
VERTEX
  8
0
 10
254.839148
 20
53.359369
 42
-0.051402
  0
SEQEND
  0
POLYLINE
  8
0
 66
1
 70
1
  0
VERTEX
  8
0
 10
330.521341
 20
53.023581
 42
-0.037479
  0
VERTEX
  8
0
 10
329.769442
 20
52.308494
 42
-0.051139
  0
VERTEX
  8
0
 10
328.989362
 20
51.793835
 42
-0.062218
  0
VERTEX
  8
0
 10
328.295496
 20
51.535245
 42
-0.199078
  0
VERTEX
  8
0
 10
327.817795
 20
51.612609
 42
-0.328628
  0
VERTEX
  8
0
 10
327.491874
 20
52.423422
 42
-0.116850
  0
VERTEX
  8
0
 10
328.110099
 20
53.595252
 42
-0.085334
  0
VERTEX
  8
0
 10
329.392349
 20
54.637332
 42
-0.128749
  0
VERTEX
  8
0
 10
330.777432
 20
55.000000
 42
-0.058688
  0
VERTEX
  8
0
 10
331.506030
 20
54.914185
 42
-0.383604
  0
VERTEX
  8
0
 10
331.698000
 20
54.635816
 42
-0.141257
  0
VERTEX
  8
0
 10
331.479033
 20
54.131346
 42
-0.011349
  0
SEQEND
  0
POLYLINE
  8
0
 66
1
 70
1
  0
VERTEX
  8
0
 10
189.000000
 20
52.669083
 42
0.244926
  0
VERTEX
  8
0
 10
189.157537
 20
52.366775
 42
0.106112
  0
VERTEX
  8
0
 10
189.587905
 20
52.185542
 42
0.070123
  0
VERTEX
  8
0
 10
190.234519
 20
52.155048
 42
0.040744
  0
VERTEX
  8
0
 10
191.001380
 20
52.290110
 42
-0.033809
  0
VERTEX
  8
0
 10
191.733252
 20
52.429487
 42
-0.095442
  0
VERTEX
  8
0
 10
192.250238
 20
52.393387
 42
-0.238295
  0
VERTEX
  8
0
 10
192.468510
 20
52.198880
 42
-0.236417
  0
VERTEX
  8
0
 10
192.442363
 20
51.906741
 42
-0.122048
  0
VERTEX
  8
0
 10
192.086342
 20
51.558517
 42
-0.047804
  0
VERTEX
  8
0
 10
191.459083
 20
51.266355
 42
-0.043646
  0
VERTEX
  8
0
 10
190.688616
 20
51.067059
 42
-0.041495
  0
VERTEX
  8
0
 10
189.881966
 20
51.000000
 42
0.043739
  0
VERTEX
  8
0
 10
189.154019
 20
50.936199
 42
0.095104
  0
VERTEX
  8
0
 10
188.631990
 20
50.737031
 42
0.173224
  0
VERTEX
  8
0
 10
188.397365
 20
50.443082
 42
0.224713
  0
VERTEX
  8
0
 10
188.435239
 20
50.104785
 42
-0.336585
  0
VERTEX
  8
0
 10
188.353117
 20
49.249947
 42
-0.134549
  0
VERTEX
  8
0
 10
187.292761
 20
48.587838
 42
-0.096532
  0
VERTEX
  8
0
 10
185.759988
 20
48.436797
 42
-0.174529
  0
VERTEX
  8
0
 10
184.632783
 20
48.967217
 42
-0.072029
  0
VERTEX
  8
0
 10
184.286217
 20
49.431150
 42
-0.313912
  0
VERTEX
  8
0
 10
184.322026
 20
49.753707
 42
-0.182770
  0
VERTEX
  8
0
 10
184.703579
 20
49.957392
 42
-0.030245
  0
VERTEX
  8
0
 10
185.550000
 20
50.015313
 42
0.035537
  0
VERTEX
  8
0
 10
186.237102
 20
50.069635
 42
0.130318
  0
VERTEX
  8
0
 10
186.634122
 20
50.241775
 42
0.319620
  0
VERTEX
  8
0
 10
186.705607
 20
50.486869
 42
0.151709
  0
VERTEX
  8
0
 10
186.500000
 20
50.765313
 42
-0.082663
  0
VERTEX
  8
0
 10
185.574639
 20
51.715397
 42
-0.204834
  0
VERTEX
  8
0
 10
185.382503
 20
52.647956
 42
-0.240951
  0
VERTEX
  8
0
 10
185.922283
 20
53.324015
 42
-0.106432
  0
VERTEX
  8
0
 10
187.071429
 20
53.571429
 42
-0.044832
  0
VERTEX
  8
0
 10
187.809659
 20
53.505103
 42
-0.064695
  0
VERTEX
  8
0
 10
188.433482
 20
53.306365
 42
-0.084611
  0
VERTEX
  8
0
 10
188.855122
 20
53.013898
 42
-0.201547
  0
SEQEND
  0
POLYLINE
  8
0
 66
1
 70
1
  0
VERTEX
  8
0
 10
247.457580
 20
51.312991
 42
-0.021699
  0
VERTEX
  8
0
 10
247.665592
 20
50.299922
 42
-0.028811
  0
VERTEX
  8
0
 10
247.760905
 20
49.364265
 42
-0.028885
  0
VERTEX
  8
0
 10
247.750404
 20
48.605675
 42
-0.180369
  0
VERTEX
  8
0
 10
247.591796
 20
48.258463
 42
-0.244342
  0
VERTEX
  8
0
 10
246.639427
 20
47.957477
 42
-0.123315
  0
VERTEX
  8
0
 10
245.457475
 20
48.483290
 42
-0.092028
  0
VERTEX
  8
0
 10
244.391794
 20
49.690310
 42
-0.087942
  0
VERTEX
  8
0
 10
243.809086
 20
51.218369
 42
-0.138340
  0
VERTEX
  8
0
 10
243.967737
 20
53.057497
 42
-0.304927
  0
VERTEX
  8
0
 10
245.064890
 20
53.837241
 42
-0.230544
  0
VERTEX
  8
0
 10
246.515078
 20
53.176991
 42
-0.111580
  0
SEQEND
  0
POLYLINE
  8
0
 66
1
 70
1
  0
VERTEX
  8
0
 10
263.683114
 20
51.812500
 42
-0.054073
  0
VERTEX
  8
0
 10
263.461564
 20
51.395823
 42
-0.470617
  0
VERTEX
  8
0
 10
263.279315
 20
51.378580
 42
-0.168741
  0
VERTEX
  8
0
 10
263.137993
 20
51.670344
 42
-0.018894
  0
VERTEX
  8
0
 10
263.078947
 20
52.416667
 42
-0.028489
  0
VERTEX
  8
0
 10
263.089945
 20
53.112848
 42
-0.077125
  0
VERTEX
  8
0
 10
263.200665
 20
53.592839
 42
-0.208169
  0
VERTEX
  8
0
 10
263.385309
 20
53.775380
 42
-0.296942
  0
VERTEX
  8
0
 10
263.604167
 20
53.729167
 42
-0.126455
  0
VERTEX
  8
0
 10
263.797407
 20
53.402231
 42
-0.060344
  0
VERTEX
  8
0
 10
263.876576
 20
52.916927
 42
-0.054150
  0
VERTEX
  8
0
 10
263.839148
 20
52.359369
 42
-0.051402
  0
SEQEND
  0
POLYLINE
  8
0
 66
1
 70
1
  0
VERTEX
  8
0
 10
267.000000
 20
51.500000
 42
-0.053595
  0
VERTEX
  8
0
 10
266.938310
 20
50.926139
 42
-0.073362
  0
VERTEX
  8
0
 10
266.755208
 20
50.440625
 42
-0.093122
  0
VERTEX
  8
0
 10
266.484659
 20
50.114688
 42
-0.174820
  0
VERTEX
  8
0
 10
266.166667
 20
50.000000
 42
-0.174820
  0
VERTEX
  8
0
 10
265.848674
 20
50.114688
 42
-0.093122
  0
VERTEX
  8
0
 10
265.578125
 20
50.440625
 42
-0.073362
  0
VERTEX
  8
0
 10
265.395023
 20
50.926139
 42
-0.053595
  0
VERTEX
  8
0
 10
265.333333
 20
51.500000
 42
-0.053595
  0
VERTEX
  8
0
 10
265.395023
 20
52.073861
 42
-0.073362
  0
VERTEX
  8
0
 10
265.578125
 20
52.559375
 42
-0.093122
  0
VERTEX
  8
0
 10
265.848674
 20
52.885312
 42
-0.174820
  0
VERTEX
  8
0
 10
266.166667
 20
53.000000
 42
-0.174820
  0
VERTEX
  8
0
 10
266.484659
 20
52.885312
 42
-0.093122
  0
VERTEX
  8
0
 10
266.755208
 20
52.559375
 42
-0.073362
  0
VERTEX
  8
0
 10
266.938310
 20
52.073861
 42
-0.053595
  0
SEQEND
  0
POLYLINE
  8
0
 66
1
 70
1
  0
VERTEX
  8
0
 10
252.552786
 20
51.085410
 42
0.129812
  0
VERTEX
  8
0
 10
252.436104
 20
50.701962
 42
0.127277
  0
VERTEX
  8
0
 10
252.522598
 20
50.307733
 42
0.110205
  0
VERTEX
  8
0
 10
252.806611
 20
49.962698
 42
0.080085
  0
VERTEX
  8
0
 10
253.243769
 20
49.722315
 42
-0.054023
  0
VERTEX
  8
0
 10
253.686360
 20
49.508049
 42
-0.099746
  0
VERTEX
  8
0
 10
253.975600
 20
49.234439
 42
-0.151025
  0
VERTEX
  8
0
 10
254.068441
 20
48.949075
 42
-0.190245
  0
VERTEX
  8
0
 10
253.971040
 20
48.691278
 42
-0.272879
  0
VERTEX
  8
0
 10
253.143869
 20
48.434703
 42
-0.120848
  0
VERTEX
  8
0
 10
252.087851
 20
48.974505
 42
-0.113857
  0
VERTEX
  8
0
 10
251.362062
 20
49.967880
 42
-0.244141
  0
VERTEX
  8
0
 10
251.430902
 20
50.888197
 42
-0.030077
  0
VERTEX
  8
0
 10
251.730690
 20
51.313755
 42
-0.036092
  0
VERTEX
  8
0
 10
252.063064
 20
51.673408
 42
-0.039032
  0
VERTEX
  8
0
 10
252.379835
 20
51.926761
 42
-0.150264
  0
VERTEX
  8
0
 10
252.618034
 20
52.000000
 42
-0.260320
  0
VERTEX
  8
0
 10
252.758475
 20
51.921566
 42
-0.157110
  0
VERTEX
  8
0
 10
252.805118
 20
51.731339
 42
-0.082527
  0
VERTEX
  8
0
 10
252.734228
 20
51.436428
 42
-0.038267
  0
SEQEND
  0
POLYLINE
  8
0
 66
1
 70
1
  0
VERTEX
  8
0
 10
261.967954
 20
49.166667
 42
0.126487
  0
VERTEX
  8
0
 10
261.597555
 20
48.922248
 42
0.067154
  0
VERTEX
  8
0
 10
261.284337
 20
48.466146
 42
0.060079
  0
VERTEX
  8
0
 10
261.072048
 20
47.880294
 42
0.056969
  0
VERTEX
  8
0
 10
261.000000
 20
47.250000
 42
-0.032986
  0
VERTEX
  8
0
 10
260.962265
 20
46.678632
 42
-0.089156
  0
VERTEX
  8
0
 10
260.838829
 20
46.292942
 42
-0.220317
  0
VERTEX
  8
0
 10
260.657256
 20
46.155050
 42
-0.255663
  0
VERTEX
  8
0
 10
260.451332
 20
46.215335
 42
-0.178861
  0
VERTEX
  8
0
 10
260.278803
 20
46.590120
 42
-0.029501
  0
VERTEX
  8
0
 10
260.263857
 20
47.399781
 42
-0.029235
  0
VERTEX
  8
0
 10
260.362984
 20
48.397998
 42
-0.022121
  0
VERTEX
  8
0
 10
260.583589
 20
49.477022
 42
-0.018771
  0
VERTEX
  8
0
 10
260.950481
 20
50.736584
 42
-0.129694
  0
VERTEX
  8
0
 10
261.299578
 20
51.270669
 42
-0.348901
  0
VERTEX
  8
0
 10
261.674259
 20
51.294128
 42
-0.101845
  0
VERTEX
  8
0
 10
262.100211
 20
50.845021
 42
-0.059091
  0
VERTEX
  8
0
 10
262.358228
 20
50.293972
 42
-0.099957
  0
VERTEX
  8
0
 10
262.419340
 20
49.789749
 42
-0.134244
  0
VERTEX
  8
0
 10
262.279396
 20
49.400984
 42
-0.157976
  0
SEQEND
  0
POLYLINE
  8
0
 66
1
 70
1
  0
VERTEX
  8
0
 10
210.127555
 20
49.250000
 42
-0.001576
  0
VERTEX
  8
0
 10
211.007640
 20
48.120493
 42
-0.377591
  0
VERTEX
  8
0
 10
211.000000
 20
48.000000
 42
-0.377591
  0
VERTEX
  8
0
 10
210.879507
 20
47.992360
 42
-0.001576
  0
VERTEX
  8
0
 10
209.750000
 20
48.872445
 42
-0.012436
  0
VERTEX
  8
0
 10
209.079598
 20
49.425681
 42
-0.017649
  0
VERTEX
  8
0
 10
208.514062
 20
49.952641
 42
-0.013803
  0
VERTEX
  8
0
 10
208.081150
 20
50.410139
 42
-0.184603
  0
VERTEX
  8
0
 10
208.000000
 20
50.622445
 42
-0.307699
  0
VERTEX
  8
0
 10
208.193395
 20
50.906950
 42
-0.241985
  0
VERTEX
  8
0
 10
208.573889
 20
50.869516
 42
-0.065617
  0
VERTEX
  8
0
 10
209.236680
 20
50.306759
 42
-0.017685
  0
SEQEND
  0
POLYLINE
  8
0
 66
1
 70
1
  0
VERTEX
  8
0
 10
249.683114
 20
46.812500
 42
-0.054073
  0
VERTEX
  8
0
 10
249.461564
 20
46.395823
 42
-0.470617
  0
VERTEX
  8
0
 10
249.279315
 20
46.378580
 42
-0.168741
  0
VERTEX
  8
0
 10
249.137993
 20
46.670344
 42
-0.018894
  0
VERTEX
  8
0
 10
249.078947
 20
47.416667
 42
-0.028489
  0
VERTEX
  8
0
 10
249.089945
 20
48.112848
 42
-0.077125
  0
VERTEX
  8
0
 10
249.200665
 20
48.592839
 42
-0.208169
  0
VERTEX
  8
0
 10
249.385309
 20
48.775380
 42
-0.296942
  0
VERTEX
  8
0
 10
249.604167
 20
48.729167
 42
-0.126455
  0
VERTEX
  8
0
 10
249.797407
 20
48.402231
 42
-0.060344
  0
VERTEX
  8
0
 10
249.876576
 20
47.916927
 42
-0.054150
  0
VERTEX
  8
0
 10
249.839148
 20
47.359369
 42
-0.051402
  0
SEQEND
  0
POLYLINE
  8
0
 66
1
 70
1
  0
VERTEX
  8
0
 10
265.500000
 20
48.000000
 42
-0.082592
  0
VERTEX
  8
0
 10
265.656512
 20
47.617900
 42
-0.161196
  0
VERTEX
  8
0
 10
265.625400
 20
47.293750
 42
-0.182303
  0
VERTEX
  8
0
 10
265.413961
 20
47.078288
 42
-0.108972
  0
VERTEX
  8
0
 10
265.059017
 20
47.000000
 42
-0.093332
  0
VERTEX
  8
0
 10
264.654762
 20
47.076123
 42
-0.096420
  0
VERTEX
  8
0
 10
264.311086
 20
47.293750
 42
-0.099167
  0
VERTEX
  8
0
 10
264.081062
 20
47.618444
 42
-0.105053
  0
VERTEX
  8
0
 10
264.000000
 20
48.000000
 42
-0.042167
  0
VERTEX
  8
0
 10
264.032345
 20
48.382849
 42
-0.061769
  0
VERTEX
  8
0
 10
264.129539
 20
48.706250
 42
-0.081139
  0
VERTEX
  8
0
 10
264.272352
 20
48.925540
 42
-0.210953
  0
VERTEX
  8
0
 10
264.440983
 20
49.000000
 42
-0.151918
  0
VERTEX
  8
0
 10
264.651710
 20
48.934461
 42
-0.038439
  0
VERTEX
  8
0
 10
264.933975
 20
48.706250
 42
-0.035638
  0
VERTEX
  8
0
 10
265.231006
 20
48.382774
 42
-0.029505
  0
SEQEND
  0
POLYLINE
  8
0
 66
1
 70
1
  0
VERTEX
  8
0
 10
304.683114
 20
46.812500
 42
-0.054073
  0
VERTEX
  8
0
 10
304.461564
 20
46.395823
 42
-0.470617
  0
VERTEX
  8
0
 10
304.279315
 20
46.378580
 42
-0.168741
  0
VERTEX
  8
0
 10
304.137993
 20
46.670344
 42
-0.018894
  0
VERTEX
  8
0
 10
304.078947
 20
47.416667
 42
-0.028489
  0
VERTEX
  8
0
 10
304.089945
 20
48.112848
 42
-0.077125
  0
VERTEX
  8
0
 10
304.200665
 20
48.592839
 42
-0.208169
  0
VERTEX
  8
0
 10
304.385309
 20
48.775380
 42
-0.296942
  0
VERTEX
  8
0
 10
304.604167
 20
48.729167
 42
-0.126455
  0
VERTEX
  8
0
 10
304.797407
 20
48.402231
 42
-0.060344
  0
VERTEX
  8
0
 10
304.876576
 20
47.916927
 42
-0.054150
  0
VERTEX
  8
0
 10
304.839148
 20
47.359369
 42
-0.051402
  0
SEQEND
  0
POLYLINE
  8
0
 66
1
 70
1
  0
VERTEX
  8
0
 10
340.574997
 20
45.241664
 42
-0.301323
  0
VERTEX
  8
0
 10
339.759756
 20
45.076357
 42
-0.139289
  0
VERTEX
  8
0
 10
338.867360
 20
45.771930
 42
-0.108842
  0
VERTEX
  8
0
 10
338.334963
 20
46.980014
 42
-0.190204
  0
VERTEX
  8
0
 10
338.525515
 20
48.041284
 42
-0.077359
  0
VERTEX
  8
0
 10
338.931435
 20
48.515472
 42
-0.251927
  0
VERTEX
  8
0
 10
339.322176
 20
48.600725
 42
-0.164133
  0
VERTEX
  8
0
 10
339.735325
 20
48.315562
 42
-0.032785
  0
VERTEX
  8
0
 10
340.230046
 20
47.553413
 42
-0.039848
  0
VERTEX
  8
0
 10
340.550054
 20
46.856669
 42
-0.050737
  0
VERTEX
  8
0
 10
340.724604
 20
46.171677
 42
-0.059903
  0
VERTEX
  8
0
 10
340.740997
 20
45.595831
 42
-0.175312
  0
SEQEND
  0
POLYLINE
  8
0
 66
1
 70
1
  0
VERTEX
  8
0
 10
182.000000
 20
47.166667
 42
-0.174820
  0
VERTEX
  8
0
 10
181.885312
 20
46.848674
 42
-0.093122
  0
VERTEX
  8
0
 10
181.559375
 20
46.578125
 42
-0.073362
  0
VERTEX
  8
0
 10
181.073861
 20
46.395023
 42
-0.053595
  0
VERTEX
  8
0
 10
180.500000
 20
46.333333
 42
-0.053595
  0
VERTEX
  8
0
 10
179.926139
 20
46.395023
 42
-0.073362
  0
VERTEX
  8
0
 10
179.440625
 20
46.578125
 42
-0.093122
  0
VERTEX
  8
0
 10
179.114688
 20
46.848674
 42
-0.174820
  0
VERTEX
  8
0
 10
179.000000
 20
47.166667
 42
-0.174820
  0
VERTEX
  8
0
 10
179.114688
 20
47.484659
 42
-0.093122
  0
VERTEX
  8
0
 10
179.440625
 20
47.755208
 42
-0.073362
  0
VERTEX
  8
0
 10
179.926139
 20
47.938310
 42
-0.053595
  0
VERTEX
  8
0
 10
180.500000
 20
48.000000
 42
-0.053595
  0
VERTEX
  8
0
 10
181.073861
 20
47.938310
 42
-0.073362
  0
VERTEX
  8
0
 10
181.559375
 20
47.755208
 42
-0.093122
  0
VERTEX
  8
0
 10
181.885312
 20
47.484659
 42
-0.174820
  0
SEQEND
  0
POLYLINE
  8
0
 66
1
 70
1
  0
VERTEX
  8
0
 10
200.127555
 20
45.250000
 42
-0.001576
  0
VERTEX
  8
0
 10
201.007640
 20
44.120493
 42
-0.377591
  0
VERTEX
  8
0
 10
201.000000
 20
44.000000
 42
-0.377591
  0
VERTEX
  8
0
 10
200.879507
 20
43.992360
 42
-0.001576
  0
VERTEX
  8
0
 10
199.750000
 20
44.872445
 42
-0.017685
  0
VERTEX
  8
0
 10
198.693241
 20
45.763320
 42
-0.065617
  0
VERTEX
  8
0
 10
198.130484
 20
46.426111
 42
-0.241985
  0
VERTEX
  8
0
 10
198.093050
 20
46.806605
 42
-0.307699
  0
VERTEX
  8
0
 10
198.377555
 20
47.000000
 42
-0.184603
  0
VERTEX
  8
0
 10
198.589861
 20
46.918850
 42
-0.013803
  0
VERTEX
  8
0
 10
199.047359
 20
46.485937
 42
-0.017649
  0
VERTEX
  8
0
 10
199.574319
 20
45.920402
 42
-0.012436
  0
SEQEND
  0
POLYLINE
  8
0
 66
1
 70
1
  0
VERTEX
  8
0
 10
238.250000
 20
46.337719
 42
-0.057986
  0
VERTEX
  8
0
 10
237.679992
 20
46.181385
 42
-0.037979
  0
VERTEX
  8
0
 10
237.000000
 20
46.129660
 42
-0.037979
  0
VERTEX
  8
0
 10
236.320008
 20
46.181385
 42
-0.057986
  0
VERTEX
  8
0
 10
235.750000
 20
46.337719
 42
-0.174857
  0
VERTEX
  8
0
 10
235.540618
 20
46.525001
 42
-0.447206
  0
VERTEX
  8
0
 10
235.601562
 20
46.693942
 42
-0.078554
  0
VERTEX
  8
0
 10
236.108560
 20
46.810911
 42
-0.017491
  0
VERTEX
  8
0
 10
237.000000
 20
46.842105
 42
-0.017491
  0
VERTEX
  8
0
 10
237.891440
 20
46.810911
 42
-0.078554
  0
VERTEX
  8
0
 10
238.398438
 20
46.693942
 42
-0.447206
  0
VERTEX
  8
0
 10
238.459382
 20
46.525001
 42
-0.174857
  0
SEQEND
  0
POLYLINE
  8
0
 66
1
 70
1
  0
VERTEX
  8
0
 10
254.794107
 20
43.356220
 42
-0.033951
  0
VERTEX
  8
0
 10
254.576195
 20
42.589027
 42
-0.550064
  0
VERTEX
  8
0
 10
254.360049
 20
42.540605
 42
-0.138278
  0
VERTEX
  8
0
 10
254.129397
 20
42.952391
 42
-0.008660
  0
VERTEX
  8
0
 10
253.824504
 20
44.325823
 42
-0.016428
  0
VERTEX
  8
0
 10
253.622686
 20
45.513799
 42
-0.086287
  0
VERTEX
  8
0
 10
253.646908
 20
46.173042
 42
-0.373673
  0
VERTEX
  8
0
 10
253.869057
 20
46.340770
 42
-0.181167
  0
VERTEX
  8
0
 10
254.217958
 20
46.182042
 42
-0.095372
  0
VERTEX
  8
0
 10
254.560845
 20
45.675678
 42
-0.051027
  0
VERTEX
  8
0
 10
254.787163
 20
44.951996
 42
-0.048216
  0
VERTEX
  8
0
 10
254.872744
 20
44.138160
 42
-0.054376
  0
SEQEND
  0
POLYLINE
  8
0
 66
1
 70
1
  0
VERTEX
  8
0
 10
183.609045
 20
43.724289
 42
-0.515890
  0
VERTEX
  8
0
 10
183.576034
 20
43.528651
 42
-0.090196
  0
VERTEX
  8
0
 10
183.146179
 20
43.409141
 42
-0.038198
  0
VERTEX
  8
0
 10
182.306517
 20
43.396619
 42
-0.016112
  0
VERTEX
  8
0
 10
181.182571
 20
43.502206
 42
0.041299
  0
VERTEX
  8
0
 10
179.839755
 20
43.560435
 42
0.054321
  0
VERTEX
  8
0
 10
178.627536
 20
43.380016
 42
0.062119
  0
VERTEX
  8
0
 10
177.623995
 20
42.978766
 42
0.093680
  0
VERTEX
  8
0
 10
176.900494
 20
42.380102
 42
0.030333
  0
VERTEX
  8
0
 10
176.301787
 20
41.562531
 42
0.445614
  0
VERTEX
  8
0
 10
176.385537
 20
41.256314
 42
0.165521
  0
VERTEX
  8
0
 10
176.895024
 20
41.185890
 42
0.008193
  0
VERTEX
  8
0
 10
178.575368
 20
41.538946
 42
-0.008568
  0
VERTEX
  8
0
 10
180.186325
 20
41.876162
 42
-0.678640
  0
VERTEX
  8
0
 10
180.287969
 20
41.716712
 42
-0.112556
  0
VERTEX
  8
0
 10
179.882871
 20
41.360229
 42
-0.002420
  0
VERTEX
  8
0
 10
177.538558
 20
40.101828
 42
-0.009487
  0
VERTEX
  8
0
 10
174.654386
 20
38.641006
 42
-0.062089
  0
VERTEX
  8
0
 10
173.120030
 20
38.122576
 42
-0.211632
  0
VERTEX
  8
0
 10
172.342734
 20
38.292555
 42
-0.239000
  0
VERTEX
  8
0
 10
172.000000
 20
38.968615
 42
-0.203262
  0
VERTEX
  8
0
 10
172.134022
 20
39.284671
 42
-0.141799
  0
VERTEX
  8
0
 10
172.480707
 20
39.468235
 42
-0.092409
  0
VERTEX
  8
0
 10
173.009572
 20
39.479310
 42
-0.050806
  0
VERTEX
  8
0
 10
173.636450
 20
39.309266
 42
0.039997
  0
VERTEX
  8
0
 10
174.354899
 20
39.097641
 42
0.198068
  0
VERTEX
  8
0
 10
174.760737
 20
39.173408
 42
0.267984
  0
VERTEX
  8
0
 10
174.920303
 20
39.486380
 42
0.067496
  0
VERTEX
  8
0
 10
174.809766
 20
40.070701
 42
-0.284590
  0
VERTEX
  8
0
 10
175.296738
 20
42.124862
 42
-0.097799
  0
VERTEX
  8
0
 10
177.949614
 20
43.895471
 42
-0.088493
  0
VERTEX
  8
0
 10
181.287180
 20
44.631402
 42
-0.209460
  0
SEQEND
  0
POLYLINE
  8
0
 66
1
 70
1
  0
VERTEX
  8
0
 10
236.868943
 20
37.500000
 42
-0.026775
  0
VERTEX
  8
0
 10
236.809359
 20
36.695815
 42
-0.608508
  0
VERTEX
  8
0
 10
236.638816
 20
36.633562
 42
-0.127233
  0
VERTEX
  8
0
 10
236.396801
 20
37.007520
 42
-0.007417
  0
VERTEX
  8
0
 10
235.983432
 20
38.313933
 42
0.019238
  0
VERTEX
  8
0
 10
235.582201
 20
39.484998
 42
0.016806
  0
VERTEX
  8
0
 10
235.075306
 20
40.676708
 42
0.017127
  0
VERTEX
  8
0
 10
234.543799
 20
41.722980
 42
0.047146
  0
VERTEX
  8
0
 10
234.078061
 20
42.405942
 42
-0.059987
  0
VERTEX
  8
0
 10
233.727386
 20
42.949576
 42
-0.073600
  0
VERTEX
  8
0
 10
233.545476
 20
43.525124
 42
-0.087669
  0
VERTEX
  8
0
 10
233.553600
 20
44.042682
 42
-0.149808
  0
VERTEX
  8
0
 10
233.754511
 20
44.421178
 42
-0.471813
  0
VERTEX
  8
0
 10
234.552708
 20
44.344079
 42
-0.042519
  0
VERTEX
  8
0
 10
235.669971
 20
42.336458
 42
-0.039961
  0
VERTEX
  8
0
 10
236.595156
 20
39.745445
 42
-0.070995
  0
SEQEND
  0
POLYLINE
  8
0
 66
1
 70
1
  0
VERTEX
  8
0
 10
238.420909
 20
42.459102
 42
0.040113
  0
VERTEX
  8
0
 10
238.735539
 20
41.528682
 42
0.071547
  0
VERTEX
  8
0
 10
239.156440
 20
40.840818
 42
0.112142
  0
VERTEX
  8
0
 10
239.609350
 20
40.492585
 42
0.251537
  0
VERTEX
  8
0
 10
240.029317
 20
40.518119
 42
-0.158851
  0
VERTEX
  8
0
 10
240.397235
 20
40.607572
 42
-0.191191
  0
VERTEX
  8
0
 10
240.714862
 20
40.452420
 42
-0.126434
  0
VERTEX
  8
0
 10
240.929618
 20
40.046924
 42
-0.058949
  0
VERTEX
  8
0
 10
241.000000
 20
39.452028
 42
0.071974
  0
VERTEX
  8
0
 10
241.097294
 20
38.779636
 42
0.165183
  0
VERTEX
  8
0
 10
241.388714
 20
38.366920
 42
0.171662
  0
VERTEX
  8
0
 10
241.862130
 20
38.226386
 42
0.078904
  0
VERTEX
  8
0
 10
242.500000
 20
38.361626
 42
-0.115131
  0
VERTEX
  8
0
 10
243.201537
 20
38.458454
 42
-0.229671
  0
VERTEX
  8
0
 10
243.669947
 20
38.175373
 42
-0.119413
  0
VERTEX
  8
0
 10
243.930580
 20
37.433805
 42
-0.025074
  0
VERTEX
  8
0
 10
244.000000
 20
36.050403
 42
0.018645
  0
VERTEX
  8
0
 10
244.045666
 20
34.826168
 42
0.015662
  0
VERTEX
  8
0
 10
244.182913
 20
33.534918
 42
0.015948
  0
VERTEX
  8
0
 10
244.383038
 20
32.362800
 42
0.041375
  0
VERTEX
  8
0
 10
244.622681
 20
31.540894
 42
-0.047828
  0
VERTEX
  8
0
 10
244.811545
 20
30.860661
 42
-0.164876
  0
VERTEX
  8
0
 10
244.743379
 20
30.414388
 42
-0.234967
  0
VERTEX
  8
0
 10
244.445225
 20
30.196611
 42
-0.097121
  0
VERTEX
  8
0
 10
243.932071
 20
30.209106
 42
0.142836
  0
VERTEX
  8
0
 10
243.399644
 20
30.174036
 42
0.100177
  0
VERTEX
  8
0
 10
242.884047
 20
29.858479
 42
0.084695
  0
VERTEX
  8
0
 10
242.463649
 20
29.308798
 42
0.067729
  0
VERTEX
  8
0
 10
242.208525
 20
28.606992
 42
0.045050
  0
VERTEX
  8
0
 10
242.093713
 20
27.681173
 42
0.225944
  0
VERTEX
  8
0
 10
242.296822
 20
27.215241
 42
0.207563
  0
VERTEX
  8
0
 10
242.802578
 20
27.055477
 42
0.038128
  0
VERTEX
  8
0
 10
243.788437
 20
27.234424
 42
-0.050534
  0
VERTEX
  8
0
 10
244.650375
 20
27.368924
 42
-0.040009
  0
VERTEX
  8
0
 10
245.593697
 20
27.344239
 42
-0.041300
  0
VERTEX
  8
0
 10
246.473965
 20
27.176143
 42
-0.075518
  0
VERTEX
  8
0
 10
247.139302
 20
26.877432
 42
-0.036210
  0
VERTEX
  8
0
 10
247.811459
 20
26.371604
 42
-0.230223
  0
VERTEX
  8
0
 10
247.973491
 20
25.989127
 42
-0.209747
  0
VERTEX
  8
0
 10
247.778679
 20
25.601147
 42
-0.030119
  0
VERTEX
  8
0
 10
247.045227
 20
25.064426
 42
-0.108023
  0
VERTEX
  8
0
 10
246.225991
 20
24.759517
 42
-0.078146
  0
VERTEX
  8
0
 10
245.248858
 20
24.774061
 42
-0.060004
  0
VERTEX
  8
0
 10
244.097331
 20
25.118596
 42
-0.030754
  0
VERTEX
  8
0
 10
242.752936
 20
25.805016
 42
0.015268
  0
VERTEX
  8
0
 10
241.124133
 20
26.701254
 42
0.105259
  0
VERTEX
  8
0
 10
240.247523
 20
26.937033
 42
0.193730
  0
VERTEX
  8
0
 10
239.612722
 20
26.719799
 42
0.076344
  0
VERTEX
  8
0
 10
239.002465
 20
26.003988
 42
-0.324950
  0
VERTEX
  8
0
 10
237.647181
 20
25.448717
 42
-0.171738
  0
VERTEX
  8
0
 10
236.048433
 20
26.495444
 42
-0.099205
  0
VERTEX
  8
0
 10
234.854558
 20
28.946942
 42
-0.111537
  0
VERTEX
  8
0
 10
234.767454
 20
31.563848
 42
-0.006314
  0
VERTEX
  8
0
 10
235.115931
 20
33.269686
 42
-0.190885
  0
VERTEX
  8
0
 10
235.355160
 20
33.625923
 42
-0.462098
  0
VERTEX
  8
0
 10
235.622375
 20
33.553823
 42
-0.017241
  0
VERTEX
  8
0
 10
236.088739
 20
32.472047
 42
0.003965
  0
VERTEX
  8
0
 10
236.573776
 20
31.259383
 42
0.252919
  0
VERTEX
  8
0
 10
236.744735
 20
31.119164
 42
0.451899
  0
VERTEX
  8
0
 10
236.873287
 20
31.218395
 42
0.006430
  0
VERTEX
  8
0
 10
236.929715
 20
32.309017
 42
-0.049457
  0
VERTEX
  8
0
 10
237.020358
 20
32.963277
 42
-0.103341
  0
VERTEX
  8
0
 10
237.239514
 20
33.425848
 42
-0.173352
  0
VERTEX
  8
0
 10
237.544574
 20
33.625323
 42
-0.199949
  0
VERTEX
  8
0
 10
237.885651
 20
33.570672
 42
0.269359
  0
VERTEX
  8
0
 10
238.259981
 20
33.560433
 42
0.114212
  0
VERTEX
  8
0
 10
238.649173
 20
33.906159
 42
0.069697
  0
VERTEX
  8
0
 10
238.997295
 20
34.578341
 42
0.037470
  0
VERTEX
  8
0
 10
239.241194
 20
35.481392
 42
0.028108
  0
VERTEX
  8
0
 10
239.362410
 20
36.389611
 42
0.068549
  0
VERTEX
  8
0
 10
239.321740
 20
37.062092
 42
0.164055
  0
VERTEX
  8
0
 10
239.134623
 20
37.387011
 42
0.330462
  0
VERTEX
  8
0
 10
238.855543
 20
37.410721
 42
-0.255096
  0
VERTEX
  8
0
 10
238.532304
 20
37.393237
 42
-0.159641
  0
VERTEX
  8
0
 10
238.251316
 20
37.661436
 42
-0.084236
  0
VERTEX
  8
0
 10
238.060768
 20
38.228828
 42
-0.039000
  0
VERTEX
  8
0
 10
238.000000
 20
39.006724
 42
0.039074
  0
VERTEX
  8
0
 10
237.925331
 20
39.960751
 42
0.023378
  0
VERTEX
  8
0
 10
237.695915
 20
41.075524
 42
0.023323
  0
VERTEX
  8
0
 10
237.361532
 20
42.170641
 42
0.037120
  0
VERTEX
  8
0
 10
236.964816
 20
43.065741
 42
-0.033199
  0
VERTEX
  8
0
 10
236.618591
 20
43.830692
 42
-0.075810
  0
VERTEX
  8
0
 10
236.488538
 20
44.448986
 42
-0.145523
  0
VERTEX
  8
0
 10
236.581591
 20
44.841050
 42
-0.268365
  0
VERTEX
  8
0
 10
236.856408
 20
45.000000
 42
-0.205734
  0
VERTEX
  8
0
 10
237.256501
 20
44.828098
 42
-0.051866
  0
VERTEX
  8
0
 10
237.698275
 20
44.253611
 42
-0.044280
  0
VERTEX
  8
0
 10
238.108840
 20
43.431975
 42
-0.032260
  0
SEQEND
  0
POLYLINE
  8
0
 66
1
 70
1
  0
VERTEX
  8
0
 10
258.508676
 20
44.175343
 42
0.219572
  0
VERTEX
  8
0
 10
258.402564
 20
43.887436
 42
0.065394
  0
VERTEX
  8
0
 10
258.502604
 20
43.417555
 42
0.052056
  0
VERTEX
  8
0
 10
258.769505
 20
42.857023
 42
0.036094
  0
VERTEX
  8
0
 10
259.177949
 20
42.285585
 42
-0.016327
  0
VERTEX
  8
0
 10
259.739474
 20
41.562176
 42
-0.218379
  0
VERTEX
  8
0
 10
259.803811
 20
41.240520
 42
-0.370765
  0
VERTEX
  8
0
 10
259.600052
 20
41.092550
 42
-0.032670
  0
VERTEX
  8
0
 10
258.919273
 20
41.193576
 42
-0.099198
  0
VERTEX
  8
0
 10
257.262955
 20
41.914227
 42
-0.144677
  0
VERTEX
  8
0
 10
256.274254
 20
43.148690
 42
-0.281747
  0
VERTEX
  8
0
 10
256.442314
 20
44.181446
 42
-0.218434
  0
VERTEX
  8
0
 10
257.500000
 20
44.666667
 42
-0.031108
  0
VERTEX
  8
0
 10
258.043174
 20
44.632840
 42
-0.082406
  0
VERTEX
  8
0
 10
258.415049
 20
44.522340
 42
-0.207511
  0
VERTEX
  8
0
 10
258.554398
 20
44.359662
 42
-0.277968
  0
SEQEND
  0
POLYLINE
  8
0
 66
1
 70
1
  0
VERTEX
  8
0
 10
262.457295
 20
44.069098
 42
-0.108373
  0
VERTEX
  8
0
 10
262.598899
 20
43.665803
 42
-0.099685
  0
VERTEX
  8
0
 10
262.565079
 20
43.227140
 42
-0.095498
  0
VERTEX
  8
0
 10
262.360589
 20
42.820631
 42
-0.090427
  0
VERTEX
  8
0
 10
262.016312
 20
42.510081
 42
-0.136093
  0
VERTEX
  8
0
 10
261.630360
 20
42.397824
 42
-0.190788
  0
VERTEX
  8
0
 10
261.298542
 20
42.524436
 42
-0.140899
  0
VERTEX
  8
0
 10
261.074611
 20
42.890269
 42
-0.067432
  0
VERTEX
  8
0
 10
261.000000
 20
43.440983
 42
-0.039415
  0
VERTEX
  8
0
 10
261.085158
 20
44.519563
 42
-0.257010
  0
VERTEX
  8
0
 10
261.407182
 20
44.933879
 42
-0.315493
  0
VERTEX
  8
0
 10
261.866860
 20
44.838655
 42
-0.050477
  0
SEQEND
  0
POLYLINE
  8
0
 66
1
 70
1
  0
VERTEX
  8
0
 10
249.000000
 20
40.416667
 42
-0.101078
  0
VERTEX
  8
0
 10
248.669814
 20
38.800032
 42
-0.316764
  0
VERTEX
  8
0
 10
247.777387
 20
38.247559
 42
-0.258351
  0
VERTEX
  8
0
 10
246.776427
 20
38.881901
 42
-0.086001
  0
VERTEX
  8
0
 10
246.196244
 20
40.582866
 42
-0.007603
  0
VERTEX
  8
0
 10
246.042848
 20
41.656366
 42
-0.304177
  0
VERTEX
  8
0
 10
246.144241
 20
41.859053
 42
-0.377756
  0
VERTEX
  8
0
 10
246.342242
 20
41.817681
 42
-0.009226
  0
VERTEX
  8
0
 10
246.930931
 20
41.000000
 42
0.011440
  0
VERTEX
  8
0
 10
247.537573
 20
40.165199
 42
0.296356
  0
VERTEX
  8
0
 10
247.788160
 20
40.075631
 42
0.330587
  0
VERTEX
  8
0
 10
247.950574
 20
40.268728
 42
0.013001
  0
VERTEX
  8
0
 10
247.984687
 20
41.250000
 42
-0.027018
  0
VERTEX
  8
0
 10
248.026834
 20
41.920543
 42
-0.042419
  0
VERTEX
  8
0
 10
248.142377
 20
42.485937
 42
-0.051904
  0
VERTEX
  8
0
 10
248.306114
 20
42.884175
 42
-0.275949
  0
VERTEX
  8
0
 10
248.500000
 20
43.000000
 42
-0.325913
  0
VERTEX
  8
0
 10
248.695116
 20
42.857704
 42
-0.029855
  0
VERTEX
  8
0
 10
248.853125
 20
42.241146
 42
-0.029589
  0
VERTEX
  8
0
 10
248.963908
 20
41.406909
 42
-0.018218
  0
SEQEND
  0
POLYLINE
  8
0
 66
1
 70
1
  0
VERTEX
  8
0
 10
227.000000
 20
41.000000
 42
-0.105053
  0
VERTEX
  8
0
 10
226.918938
 20
40.618444
 42
-0.099167
  0
VERTEX
  8
0
 10
226.688914
 20
40.293750
 42
-0.096420
  0
VERTEX
  8
0
 10
226.345238
 20
40.076123
 42
-0.093332
  0
VERTEX
  8
0
 10
225.940983
 20
40.000000
 42
-0.108972
  0
VERTEX
  8
0
 10
225.586039
 20
40.078288
 42
-0.182303
  0
VERTEX
  8
0
 10
225.374600
 20
40.293750
 42
-0.161196
  0
VERTEX
  8
0
 10
225.343488
 20
40.617900
 42
-0.082592
  0
VERTEX
  8
0
 10
225.500000
 20
41.000000
 42
-0.029505
  0
VERTEX
  8
0
 10
225.768994
 20
41.382774
 42
-0.035638
  0
VERTEX
  8
0
 10
226.066025
 20
41.706250
 42
-0.038439
  0
VERTEX
  8
0
 10
226.348290
 20
41.934461
 42
-0.151918
  0
VERTEX
  8
0
 10
226.559017
 20
42.000000
 42
-0.210953
  0
VERTEX
  8
0
 10
226.727648
 20
41.925540
 42
-0.081139
  0
VERTEX
  8
0
 10
226.870461
 20
41.706250
 42
-0.061769
  0
VERTEX
  8
0
 10
226.967655
 20
41.382849
 42
-0.042167
  0
SEQEND
  0
POLYLINE
  8
0
 66
1
 70
1
  0
VERTEX
  8
0
 10
293.000000
 20
39.050035
 42
-0.321358
  0
VERTEX
  8
0
 10
292.575203
 20
38.457352
 42
-0.119267
  0
VERTEX
  8
0
 10
291.494882
 20
38.360247
 42
-0.092572
  0
VERTEX
  8
0
 10
290.284469
 20
38.778075
 42
-0.173558
  0
VERTEX
  8
0
 10
289.617851
 20
39.553482
 42
-0.120121
  0
VERTEX
  8
0
 10
289.556399
 20
40.033559
 42
-0.255835
  0
VERTEX
  8
0
 10
289.765082
 20
40.330419
 42
-0.142047
  0
VERTEX
  8
0
 10
290.265084
 20
40.418799
 42
-0.037148
  0
VERTEX
  8
0
 10
291.074818
 20
40.270184
 42
-0.032747
  0
VERTEX
  8
0
 10
291.811910
 20
40.024897
 42
-0.044572
  0
VERTEX
  8
0
 10
292.434478
 20
39.704093
 42
-0.052170
  0
VERTEX
  8
0
 10
292.869346
 20
39.360179
 42
-0.202037
  0
SEQEND
  0
POLYLINE
  8
0
 66
1
 70
1
  0
VERTEX
  8
0
 10
178.595492
 20
37.845492
 42
-0.030284
  0
VERTEX
  8
0
 10
178.828504
 20
37.411802
 42
-0.256051
  0
VERTEX
  8
0
 10
178.813789
 20
37.198425
 42
-0.359857
  0
VERTEX
  8
0
 10
178.644686
 20
37.144303
 42
-0.043144
  0
VERTEX
  8
0
 10
178.267815
 20
37.334481
 42
0.145139
  0
VERTEX
  8
0
 10
177.776813
 20
37.467894
 42
0.083340
  0
VERTEX
  8
0
 10
177.169465
 20
37.351561
 42
0.071016
  0
VERTEX
  8
0
 10
176.540975
 20
37.010384
 42
0.059806
  0
VERTEX
  8
0
 10
175.990862
 20
36.488990
 42
-0.086867
  0
VERTEX
  8
0
 10
174.820902
 20
35.493962
 42
-0.106436
  0
VERTEX
  8
0
 10
173.461268
 20
35.044300
 42
-0.167821
  0
VERTEX
  8
0
 10
172.432154
 20
35.280075
 42
-0.258816
  0
VERTEX
  8
0
 10
172.000000
 20
36.059017
 42
-0.088068
  0
VERTEX
  8
0
 10
172.064684
 20
36.423408
 42
-0.166920
  0
VERTEX
  8
0
 10
172.250474
 20
36.652146
 42
-0.178141
  0
VERTEX
  8
0
 10
172.527660
 20
36.709855
 42
-0.101914
  0
VERTEX
  8
0
 10
172.852678
 20
36.591050
 42
0.167652
  0
VERTEX
  8
0
 10
173.311787
 20
36.487728
 42
0.052159
  0
VERTEX
  8
0
 10
174.012220
 20
36.640741
 42
0.045531
  0
VERTEX
  8
0
 10
174.813723
 20
36.989383
 42
0.036674
  0
VERTEX
  8
0
 10
175.602678
 20
37.500230
 42
-0.004504
  0
VERTEX
  8
0
 10
177.181287
 20
38.672930
 42
-0.129481
  0
VERTEX
  8
0
 10
177.648461
 20
38.855413
 42
-0.265716
  0
VERTEX
  8
0
 10
178.010348
 20
38.700455
 42
-0.023309
  0
SEQEND
  0
POLYLINE
  8
0
 66
1
 70
1
  0
VERTEX
  8
0
 10
231.457295
 20
38.069098
 42
-0.090093
  0
VERTEX
  8
0
 10
231.612382
 20
37.673795
 42
-0.095385
  0
VERTEX
  8
0
 10
231.614038
 20
37.257398
 42
-0.099739
  0
VERTEX
  8
0
 10
231.463027
 20
36.884780
 42
-0.108766
  0
VERTEX
  8
0
 10
231.182979
 20
36.613087
 42
-0.158515
  0
VERTEX
  8
0
 10
230.860929
 20
36.534562
 42
-0.191218
  0
VERTEX
  8
0
 10
230.582917
 20
36.669932
 42
-0.126631
  0
VERTEX
  8
0
 10
230.394948
 20
37.024148
 42
-0.059057
  0
VERTEX
  8
0
 10
230.333333
 20
37.543989
 42
-0.019984
  0
VERTEX
  8
0
 10
230.376303
 20
38.618676
 42
-0.269722
  0
VERTEX
  8
0
 10
230.592080
 20
38.929499
 42
-0.350126
  0
VERTEX
  8
0
 10
230.913397
 20
38.852054
 42
-0.026790
  0
SEQEND
  0
POLYLINE
  8
0
 66
1
 70
1
  0
VERTEX
  8
0
 10
86.381637
 20
30.250000
 42
-0.016178
  0
VERTEX
  8
0
 10
85.939064
 20
26.659926
 42
-0.021979
  0
VERTEX
  8
0
 10
85.293828
 20
23.459850
 42
-0.024760
  0
VERTEX
  8
0
 10
84.466538
 20
20.711876
 42
-0.040729
  0
VERTEX
  8
0
 10
83.469885
 20
18.500000
 42
0.023000
  0
VERTEX
  8
0
 10
82.526127
 20
16.589222
 42
0.045513
  0
VERTEX
  8
0
 10
81.991712
 20
14.986296
 42
0.058924
  0
VERTEX
  8
0
 10
81.838277
 20
13.635864
 42
0.094234
  0
VERTEX
  8
0
 10
82.059663
 20
12.500000
 42
-0.031632
  0
VERTEX
  8
0
 10
82.751572
 20
10.392086
 42
-0.284681
  0
VERTEX
  8
0
 10
82.476107
 20
9.503997
 42
-0.169223
  0
VERTEX
  8
0
 10
81.403647
 20
9.075554
 42
-0.011201
  0
VERTEX
  8
0
 10
78.031385
 20
9.000000
 42
-0.010850
  0
VERTEX
  8
0
 10
75.433270
 20
9.056385
 42
-0.071532
  0
VERTEX
  8
0
 10
74.158720
 20
9.296512
 42
-0.214651
  0
VERTEX
  8
0
 10
73.649125
 20
9.773083
 42
-0.192941
  0
VERTEX
  8
0
 10
73.638374
 20
10.500000
 42
0.074326
  0
VERTEX
  8
0
 10
73.770995
 20
11.098609
 42
0.137289
  0
VERTEX
  8
0
 10
73.671177
 20
11.583001
 42
0.160406
  0
VERTEX
  8
0
 10
73.351673
 20
11.896931
 42
0.112271
  0
VERTEX
  8
0
 10
72.856989
 20
12.015313
 42
-0.031840
  0
VERTEX
  8
0
 10
72.293764
 20
12.057602
 42
-0.282806
  0
VERTEX
  8
0
 10
72.110008
 20
12.209206
 42
-0.302158
  0
VERTEX
  8
0
 10
72.168521
 20
12.431748
 42
-0.034535
  0
VERTEX
  8
0
 10
72.600296
 20
12.765313
 42
0.091187
  0
VERTEX
  8
0
 10
74.029972
 20
14.153293
 42
0.063667
  0
VERTEX
  8
0
 10
75.092483
 20
16.139741
 42
0.069555
  0
VERTEX
  8
0
 10
75.538060
 20
18.085559
 42
0.221422
  0
VERTEX
  8
0
 10
75.092641
 20
19.307359
 42
-0.110208
  0
VERTEX
  8
0
 10
74.133300
 20
20.817767
 42
-0.165272
  0
VERTEX
  8
0
 10
74.104265
 20
22.365705
 42
-0.157439
  0
VERTEX
  8
0
 10
75.033420
 20
23.664072
 42
-0.098173
  0
VERTEX
  8
0
 10
76.739983
 20
24.470876
 42
0.051029
  0
VERTEX
  8
0
 10
78.758241
 20
25.202737
 42
0.111394
  0
VERTEX
  8
0
 10
80.039414
 20
26.221332
 42
0.113673
  0
VERTEX
  8
0
 10
80.743851
 20
27.676528
 42
0.054467
  0
VERTEX
  8
0
 10
80.984687
 20
29.750000
 42
-0.042491
  0
VERTEX
  8
0
 10
81.063930
 20
30.611380
 42
-0.061885
  0
VERTEX
  8
0
 10
81.289252
 20
31.339063
 42
-0.081007
  0
VERTEX
  8
0
 10
81.616457
 20
31.832484
 42
-0.208855
  0
VERTEX
  8
0
 10
82.000000
 20
32.000000
 42
0.230178
  0
VERTEX
  8
0
 10
82.383082
 20
32.186221
 42
0.073461
  0
VERTEX
  8
0
 10
82.706250
 20
32.751711
 42
0.055981
  0
VERTEX
  8
0
 10
82.926934
 20
33.579009
 42
0.037227
  0
VERTEX
  8
0
 10
83.000000
 20
34.559017
 42
-0.035659
  0
VERTEX
  8
0
 10
83.068671
 20
35.520664
 42
-0.083483
  0
VERTEX
  8
0
 10
83.287316
 20
36.205217
 42
-0.165100
  0
VERTEX
  8
0
 10
83.615199
 20
36.521766
 42
-0.253782
  0
VERTEX
  8
0
 10
84.000000
 20
36.500000
 42
0.082592
  0
VERTEX
  8
0
 10
84.382100
 20
36.343488
 42
0.161196
  0
VERTEX
  8
0
 10
84.706250
 20
36.374600
 42
0.182303
  0
VERTEX
  8
0
 10
84.921712
 20
36.586039
 42
0.108972
  0
VERTEX
  8
0
 10
85.000000
 20
36.940983
 42
-0.097366
  0
VERTEX
  8
0
 10
85.079462
 20
37.345171
 42
-0.097536
  0
VERTEX
  8
0
 10
85.306000
 20
37.688914
 42
-0.098328
  0
VERTEX
  8
0
 10
85.644173
 20
37.919088
 42
-0.100736
  0
VERTEX
  8
0
 10
86.041701
 20
38.000000
 42
-0.365615
  0
VERTEX
  8
0
 10
86.478870
 20
37.631003
 42
-0.031233
  0
VERTEX
  8
0
 10
86.646630
 20
36.058479
 42
-0.024907
  0
VERTEX
  8
0
 10
86.632417
 20
33.677417
 42
-0.008633
  0
SEQEND
  0
POLYLINE
  8
0
 66
1
 70
1
  0
VERTEX
  8
0
 10
173.036985
 20
33.522858
 42
-0.240905
  0
VERTEX
  8
0
 10
173.449437
 20
33.556246
 42
-0.083528
  0
VERTEX
  8
0
 10
173.970938
 20
33.230236
 42
-0.060367
  0
VERTEX
  8
0
 10
174.518737
 20
32.611723
 42
-0.038143
  0
VERTEX
  8
0
 10
175.004993
 20
31.778008
 42
-0.002173
  0
VERTEX
  8
0
 10
175.651939
 20
30.429822
 42
-0.183226
  0
VERTEX
  8
0
 10
175.670013
 20
30.206149
 42
-0.597773
  0
VERTEX
  8
0
 10
175.561693
 20
30.182899
 42
-0.004163
  0
VERTEX
  8
0
 10
174.805166
 20
31.087771
 42
0.054408
  0
VERTEX
  8
0
 10
174.215284
 20
31.664436
 42
0.057412
  0
VERTEX
  8
0
 10
173.524910
 20
32.088336
 42
0.064147
  0
VERTEX
  8
0
 10
172.842585
 20
32.305284
 42
0.126861
  0
VERTEX
  8
0
 10
172.279633
 20
32.264315
 42
0.292888
  0
VERTEX
  8
0
 10
171.988700
 20
31.901540
 42
0.146245
  0
VERTEX
  8
0
 10
172.101045
 20
31.298989
 42
0.065600
  0
VERTEX
  8
0
 10
172.700539
 20
30.433479
 42
0.022344
  0
VERTEX
  8
0
 10
173.779633
 20
29.345870
 42
-0.009188
  0
VERTEX
  8
0
 10
174.748211
 20
28.419696
 42
-0.030617
  0
VERTEX
  8
0
 10
175.333705
 20
27.763056
 42
-0.225053
  0
VERTEX
  8
0
 10
175.384240
 20
27.541483
 42
-0.490883
  0
VERTEX
  8
0
 10
175.250000
 20
27.478343
 42
0.069185
  0
VERTEX
  8
0
 10
174.771752
 20
27.644754
 42
0.130832
  0
VERTEX
  8
0
 10
174.367188
 20
27.619038
 42
0.173222
  0
VERTEX
  8
0
 10
174.101005
 20
27.409579
 42
0.141190
  0
VERTEX
  8
0
 10
174.000000
 20
27.059017
 42
0.112550
  0
VERTEX
  8
0
 10
174.092104
 20
26.655032
 42
0.100186
  0
VERTEX
  8
0
 10
174.352500
 20
26.311086
 42
0.094273
  0
VERTEX
  8
0
 10
174.741796
 20
26.080327
 42
0.086991
  0
VERTEX
  8
0
 10
175.200000
 20
26.000000
 42
-0.055180
  0
VERTEX
  8
0
 10
175.716912
 20
25.942780
 42
-0.331599
  0
VERTEX
  8
0
 10
175.882586
 20
25.750000
 42
-0.192263
  0
VERTEX
  8
0
 10
175.780027
 20
25.430213
 42
-0.023795
  0
VERTEX
  8
0
 10
175.278145
 20
24.878145
 42
0.076720
  0
VERTEX
  8
0
 10
174.888627
 20
24.346437
 42
0.061633
  0
VERTEX
  8
0
 10
174.641183
 20
23.681005
 42
0.062739
  0
VERTEX
  8
0
 10
174.566408
 20
22.988667
 42
0.087391
  0
VERTEX
  8
0
 10
174.685134
 20
22.378145
 42
-0.076139
  0
VERTEX
  8
0
 10
174.799837
 20
21.851428
 42
-0.124512
  0
VERTEX
  8
0
 10
174.716116
 20
21.404830
 42
-0.152158
  0
VERTEX
  8
0
 10
174.449316
 20
21.109723
 42
-0.134231
  0
VERTEX
  8
0
 10
174.047972
 20
21.000000
 42
-0.087099
  0
VERTEX
  8
0
 10
173.646275
 20
21.070510
 42
-0.165964
  0
VERTEX
  8
0
 10
173.393483
 20
21.273452
 42
-0.178898
  0
VERTEX
  8
0
 10
173.328540
 20
21.576118
 42
-0.103085
  0
VERTEX
  8
0
 10
173.457295
 20
21.930902
 42
0.104804
  0
VERTEX
  8
0
 10
173.601539
 20
22.332621
 42
0.099124
  0
VERTEX
  8
0
 10
173.574701
 20
22.766913
 42
0.096487
  0
VERTEX
  8
0
 10
173.380712
 20
23.166765
 42
0.093557
  0
VERTEX
  8
0
 10
173.049067
 20
23.469675
 42
-0.174375
  0
VERTEX
  8
0
 10
172.709284
 20
23.896847
 42
-0.051201
  0
VERTEX
  8
0
 10
172.519947
 20
24.726571
 42
-0.044652
  0
VERTEX
  8
0
 10
172.485658
 20
25.771787
 42
-0.035251
  0
VERTEX
  8
0
 10
172.628972
 20
26.894862
 42
0.034839
  0
VERTEX
  8
0
 10
172.809794
 20
28.302647
 42
0.100431
  0
VERTEX
  8
0
 10
172.671116
 20
29.272013
 42
0.129611
  0
VERTEX
  8
0
 10
172.196760
 20
29.965268
 42
0.078142
  0
VERTEX
  8
0
 10
171.346218
 20
30.494933
 42
0.036706
  0
VERTEX
  8
0
 10
168.454832
 20
31.477638
 42
0.150773
  0
VERTEX
  8
0
 10
166.627426
 20
31.395264
 42
0.449133
  0
VERTEX
  8
0
 10
166.271128
 20
30.508856
 42
0.104376
  0
VERTEX
  8
0
 10
167.402754
 20
29.080707
 42
0.030013
  0
VERTEX
  8
0
 10
168.108211
 20
28.563408
 42
0.142337
  0
VERTEX
  8
0
 10
168.583210
 20
28.421696
 42
0.230449
  0
VERTEX
  8
0
 10
168.928340
 20
28.586641
 42
0.087781
  0
VERTEX
  8
0
 10
169.189305
 20
29.067916
 42
-0.180173
  0
VERTEX
  8
0
 10
169.460262
 20
29.404171
 42
-0.222164
  0
VERTEX
  8
0
 10
169.856759
 20
29.443464
 42
-0.105848
  0
VERTEX
  8
0
 10
170.389588
 20
29.117251
 42
-0.032093
  0
VERTEX
  8
0
 10
171.036551
 20
28.417695
 42
-0.006646
  0
VERTEX
  8
0
 10
171.755893
 20
27.507679
 42
-0.137872
  0
VERTEX
  8
0
 10
171.884261
 20
27.187773
 42
-0.588633
  0
VERTEX
  8
0
 10
171.759462
 20
27.099741
 42
-0.023077
  0
VERTEX
  8
0
 10
171.142866
 20
27.433271
 42
0.057454
  0
VERTEX
  8
0
 10
170.505617
 20
27.723378
 42
0.397559
  0
VERTEX
  8
0
 10
170.223131
 20
27.588877
 42
0.156029
  0
VERTEX
  8
0
 10
170.192951
 20
27.087011
 42
0.014424
  0
VERTEX
  8
0
 10
170.539235
 20
25.875229
 42
-0.021123
  0
VERTEX
  8
0
 10
170.870674
 20
24.653700
 42
-0.616519
  0
VERTEX
  8
0
 10
170.676307
 20
24.493754
 42
-0.110222
  0
VERTEX
  8
0
 10
170.162377
 20
24.873177
 42
-0.003919
  0
VERTEX
  8
0
 10
168.555218
 20
26.752683
 42
0.021603
  0
VERTEX
  8
0
 10
167.445357
 20
27.961353
 42
0.033081
  0
VERTEX
  8
0
 10
166.375168
 20
28.897435
 42
0.035076
  0
VERTEX
  8
0
 10
165.465639
 20
29.496445
 42
0.272951
  0
VERTEX
  8
0
 10
164.977947
 20
29.486371
 42
-0.138225
  0
VERTEX
  8
0
 10
164.601940
 20
29.378710
 42
-0.100127
  0
VERTEX
  8
0
 10
164.172314
 20
29.463759
 42
-0.085856
  0
VERTEX
  8
0
 10
163.754113
 20
29.729644
 42
-0.070018
  0
VERTEX
  8
0
 10
163.414590
 20
30.138197
 42
-0.027620
  0
VERTEX
  8
0
 10
163.158708
 20
30.608429
 42
-0.309012
  0
VERTEX
  8
0
 10
163.190180
 20
30.808164
 42
-0.323892
  0
VERTEX
  8
0
 10
163.383813
 20
30.845132
 42
-0.028948
  0
VERTEX
  8
0
 10
163.845492
 20
30.595492
 42
0.057202
  0
VERTEX
  8
0
 10
164.287966
 20
30.387564
 42
0.123172
  0
VERTEX
  8
0
 10
164.660863
 20
30.357704
 42
0.190594
  0
VERTEX
  8
0
 10
164.903977
 20
30.504053
 42
0.164524
  0
VERTEX
  8
0
 10
165.000000
 20
30.787973
 42
-0.118454
  0
VERTEX
  8
0
 10
165.117014
 20
31.274967
 42
-0.020996
  0
VERTEX
  8
0
 10
165.581403
 20
32.098204
 42
-0.021686
  0
VERTEX
  8
0
 10
166.221491
 20
33.035919
 42
-0.018034
  0
VERTEX
  8
0
 10
166.979243
 20
33.976067
 42
0.035556
  0
VERTEX
  8
0
 10
167.696020
 20
34.932034
 42
0.043907
  0
VERTEX
  8
0
 10
168.214518
 20
35.917062
 42
0.049837
  0
VERTEX
  8
0
 10
168.482229
 20
36.791228
 42
0.165536
  0
VERTEX
  8
0
 10
168.405070
 20
37.379077
 42
-0.607674
  0
VERTEX
  8
0
 10
168.462446
 20
37.457197
 42
-0.161057
  0
VERTEX
  8
0
 10
168.649111
 20
37.361403
 42
-0.021398
  0
VERTEX
  8
0
 10
169.215188
 20
36.734547
 42
-0.006626
  0
VERTEX
  8
0
 10
170.012985
 20
35.744850
 42
0.027146
  0
VERTEX
  8
0
 10
170.903729
 20
34.728186
 42
0.040860
  0
VERTEX
  8
0
 10
171.792834
 20
33.955640
 42
0.048041
  0
VERTEX
  8
0
 10
172.563136
 20
33.496319
 42
0.254078
  0
SEQEND
  0
POLYLINE
  8
0
 66
1
 70
1
  0
VERTEX
  8
0
 10
186.000000
 20
33.867887
 42
-0.106270
  0
VERTEX
  8
0
 10
185.928737
 20
33.536382
 42
-0.051235
  0
VERTEX
  8
0
 10
185.709615
 20
33.158835
 42
-0.047544
  0
VERTEX
  8
0
 10
185.389608
 20
32.796373
 42
-0.049775
  0
VERTEX
  8
0
 10
185.011454
 20
32.507079
 42
-0.106430
  0
VERTEX
  8
0
 10
184.676374
 20
32.387979
 42
-0.316285
  0
VERTEX
  8
0
 10
184.471944
 20
32.495242
 42
-0.170102
  0
VERTEX
  8
0
 10
184.426762
 20
32.820692
 42
-0.041869
  0
VERTEX
  8
0
 10
184.579628
 20
33.346912
 42
0.075388
  0
VERTEX
  8
0
 10
184.712104
 20
33.950897
 42
0.075928
  0
VERTEX
  8
0
 10
184.659035
 20
34.565454
 42
0.081888
  0
VERTEX
  8
0
 10
184.434026
 20
35.096000
 42
0.113659
  0
VERTEX
  8
0
 10
184.068174
 20
35.457866
 42
-0.072366
  0
VERTEX
  8
0
 10
183.661924
 20
35.798697
 42
-0.054525
  0
VERTEX
  8
0
 10
183.323118
 20
36.273961
 42
-0.055116
  0
VERTEX
  8
0
 10
183.098642
 20
36.804519
 42
-0.079374
  0
VERTEX
  8
0
 10
183.031803
 20
37.309017
 42
-0.600136
  0
VERTEX
  8
0
 10
183.455398
 20
37.520504
 42
-0.060342
  0
VERTEX
  8
0
 10
184.528460
 20
36.543618
 42
-0.036913
  0
VERTEX
  8
0
 10
185.671305
 20
35.002075
 42
-0.141982
  0
SEQEND
  0
POLYLINE
  8
0
 66
1
 70
1
  0
VERTEX
  8
0
 10
231.000000
 20
33.393011
 42
-0.289661
  0
VERTEX
  8
0
 10
230.903916
 20
33.241071
 42
-0.046727
  0
VERTEX
  8
0
 10
230.559375
 20
33.115447
 42
-0.039339
  0
VERTEX
  8
0
 10
230.074824
 20
33.028469
 42
-0.024748
  0
VERTEX
  8
0
 10
229.500000
 20
33.000000
 42
-0.062722
  0
VERTEX
  8
0
 10
228.926468
 20
33.072230
 42
-0.080880
  0
VERTEX
  8
0
 10
228.440625
 20
33.284531
 42
-0.098158
  0
VERTEX
  8
0
 10
228.115494
 20
33.599211
 42
-0.152681
  0
VERTEX
  8
0
 10
228.000000
 20
33.968615
 42
-0.184534
  0
VERTEX
  8
0
 10
228.122486
 20
34.289193
 42
-0.147206
  0
VERTEX
  8
0
 10
228.440625
 20
34.483616
 42
-0.100118
  0
VERTEX
  8
0
 10
228.925634
 20
34.511135
 42
-0.055937
  0
VERTEX
  8
0
 10
229.500000
 20
34.361626
 42
-0.021360
  0
VERTEX
  8
0
 10
230.074558
 20
34.112506
 42
-0.030395
  0
VERTEX
  8
0
 10
230.559375
 20
33.839659
 42
-0.030693
  0
VERTEX
  8
0
 10
230.912889
 20
33.579329
 42
-0.222225
  0
SEQEND
  0
POLYLINE
  8
0
 66
1
 70
1
  0
VERTEX
  8
0
 10
182.639571
 20
32.750000
 42
-0.081341
  0
VERTEX
  8
0
 10
182.374036
 20
31.915465
 42
-0.137534
  0
VERTEX
  8
0
 10
181.880682
 20
31.379186
 42
-0.104183
  0
VERTEX
  8
0
 10
181.072089
 20
31.087602
 42
-0.034633
  0
VERTEX
  8
0
 10
179.808870
 20
31.000000
 42
-0.256858
  0
VERTEX
  8
0
 10
179.551294
 20
31.141668
 42
-0.265320
  0
VERTEX
  8
0
 10
179.537842
 20
31.431283
 42
-0.085437
  0
VERTEX
  8
0
 10
179.890573
 20
31.902343
 42
-0.027517
  0
VERTEX
  8
0
 10
180.558870
 20
32.468197
 42
-0.002447
  0
VERTEX
  8
0
 10
182.210874
 20
33.705046
 42
-0.126456
  0
VERTEX
  8
0
 10
182.578659
 20
33.854593
 42
-0.476166
  0
VERTEX
  8
0
 10
182.743465
 20
33.699768
 42
-0.018389
  0
SEQEND
  0
POLYLINE
  8
0
 66
1
 70
1
  0
VERTEX
  8
0
 10
327.000000
 20
33.106989
 42
-0.148172
  0
VERTEX
  8
0
 10
326.882557
 20
32.719384
 42
-0.058677
  0
VERTEX
  8
0
 10
326.517826
 20
32.291272
 42
-0.051260
  0
VERTEX
  8
0
 10
325.986565
 20
31.891147
 42
-0.044200
  0
VERTEX
  8
0
 10
325.358556
 20
31.584097
 42
-0.012731
  0
VERTEX
  8
0
 10
324.458284
 20
31.264678
 42
-0.389672
  0
VERTEX
  8
0
 10
324.258808
 20
31.355597
 42
-0.270710
  0
VERTEX
  8
0
 10
324.292701
 20
31.617386
 42
-0.008807
  0
VERTEX
  8
0
 10
324.981001
 20
32.477108
 42
-0.017238
  0
VERTEX
  8
0
 10
325.946872
 20
33.562498
 42
-0.127361
  0
VERTEX
  8
0
 10
326.530548
 20
33.925000
 42
-0.389178
  0
VERTEX
  8
0
 10
326.870501
 20
33.765008
 42
-0.097466
  0
SEQEND
  0
POLYLINE
  8
0
 66
1
 70
1
  0
VERTEX
  8
0
 10
224.725047
 20
31.000000
 42
-0.065366
  0
VERTEX
  8
0
 10
224.678167
 20
30.154051
 42
-0.118832
  0
VERTEX
  8
0
 10
224.395844
 20
29.526005
 42
-0.134773
  0
VERTEX
  8
0
 10
223.888619
 20
29.145310
 42
-0.096546
  0
VERTEX
  8
0
 10
223.187851
 20
29.015313
 42
-0.012108
  0
VERTEX
  8
0
 10
222.236808
 20
29.046981
 42
-0.343863
  0
VERTEX
  8
0
 10
222.063229
 20
29.199189
 42
-0.294301
  0
VERTEX
  8
0
 10
222.156590
 20
29.430294
 42
-0.010173
  0
VERTEX
  8
0
 10
223.000000
 20
30.000000
 42
0.023407
  0
VERTEX
  8
0
 10
223.524321
 20
30.374744
 42
0.073021
  0
VERTEX
  8
0
 10
223.821726
 20
30.689119
 42
0.258347
  0
VERTEX
  8
0
 10
223.842320
 20
30.882222
 42
0.296366
  0
VERTEX
  8
0
 10
223.690983
 20
30.984687
 42
-0.158163
  0
VERTEX
  8
0
 10
223.435271
 20
31.073033
 42
-0.186749
  0
VERTEX
  8
0
 10
223.301162
 20
31.289252
 42
-0.125591
  0
VERTEX
  8
0
 10
223.322071
 20
31.615787
 42
-0.060011
  0
VERTEX
  8
0
 10
223.500000
 20
32.000000
 42
-0.023932
  0
VERTEX
  8
0
 10
224.080045
 20
32.845253
 42
-0.424595
  0
VERTEX
  8
0
 10
224.376249
 20
32.880505
 42
-0.196077
  0
VERTEX
  8
0
 10
224.584641
 20
32.498098
 42
-0.009132
  0
SEQEND
  0
POLYLINE
  8
0
 66
1
 70
1
  0
VERTEX
  8
0
 10
247.000000
 20
31.000000
 42
-0.018041
  0
VERTEX
  8
0
 10
246.972329
 20
30.233356
 42
-0.029316
  0
VERTEX
  8
0
 10
246.887385
 20
29.587500
 42
-0.029396
  0
VERTEX
  8
0
 10
246.766282
 20
29.109555
 42
-0.326917
  0
VERTEX
  8
0
 10
246.616631
 20
29.000000
 42
-0.269386
  0
VERTEX
  8
0
 10
246.439563
 20
29.102864
 42
-0.023188
  0
VERTEX
  8
0
 10
246.192243
 20
29.587500
 42
-0.025621
  0
VERTEX
  8
0
 10
245.938458
 20
30.233613
 42
-0.016817
  0
VERTEX
  8
0
 10
245.710251
 20
31.000000
 42
-0.040966
  0
VERTEX
  8
0
 10
245.575635
 20
31.766322
 42
-0.070464
  0
VERTEX
  8
0
 10
245.607123
 20
32.412500
 42
-0.106581
  0
VERTEX
  8
0
 10
245.789795
 20
32.842465
 42
-0.243840
  0
VERTEX
  8
0
 10
246.093620
 20
33.000000
 42
-0.206609
  0
VERTEX
  8
0
 10
246.440102
 20
32.850443
 42
-0.082769
  0
VERTEX
  8
0
 10
246.733751
 20
32.412500
 42
-0.063112
  0
VERTEX
  8
0
 10
246.933456
 20
31.765641
 42
-0.043375
  0
SEQEND
  0
POLYLINE
  8
0
 66
1
 70
1
  0
VERTEX
  8
0
 10
249.345077
 20
31.456872
 42
-0.035865
  0
VERTEX
  8
0
 10
249.083816
 20
30.899181
 42
-0.069269
  0
VERTEX
  8
0
 10
248.786868
 20
30.507038
 42
-0.118528
  0
VERTEX
  8
0
 10
248.505460
 20
30.335123
 42
-0.281567
  0
VERTEX
  8
0
 10
248.276326
 20
30.390341
 42
-0.156651
  0
VERTEX
  8
0
 10
248.142323
 20
30.651151
 42
-0.070517
  0
VERTEX
  8
0
 10
248.133355
 20
31.040231
 42
-0.059701
  0
VERTEX
  8
0
 10
248.242038
 20
31.490157
 42
-0.049364
  0
VERTEX
  8
0
 10
248.458881
 20
31.933469
 42
-0.030391
  0
VERTEX
  8
0
 10
249.120758
 20
32.871774
 42
-0.361950
  0
VERTEX
  8
0
 10
249.525317
 20
32.954259
 42
-0.344086
  0
VERTEX
  8
0
 10
249.696703
 20
32.564815
 42
-0.029555
  0
SEQEND
  0
POLYLINE
  8
0
 66
1
 70
1
  0
VERTEX
  8
0
 10
345.000000
 20
22.893011
 42
-0.009824
  0
VERTEX
  8
0
 10
344.885001
 20
17.040857
 42
-0.100162
  0
VERTEX
  8
0
 10
344.313348
 20
14.694254
 42
-0.393541
  0
VERTEX
  8
0
 10
343.213033
 20
14.251797
 42
-0.104851
  0
VERTEX
  8
0
 10
341.476190
 20
15.380952
 42
-0.068207
  0
VERTEX
  8
0
 10
340.674730
 20
16.436983
 42
-0.255300
  0
VERTEX
  8
0
 10
340.664215
 20
17.241319
 42
-0.291509
  0
VERTEX
  8
0
 10
341.312185
 20
17.609446
 42
-0.079104
  0
VERTEX
  8
0
 10
342.520492
 20
17.353763
 42
0.270569
  0
VERTEX
  8
0
 10
343.120712
 20
17.451905
 42
0.170156
  0
VERTEX
  8
0
 10
343.498557
 20
18.077764
 42
0.056301
  0
VERTEX
  8
0
 10
343.632511
 20
19.504948
 42
0.010164
  0
VERTEX
  8
0
 10
343.527813
 20
22.172664
 42
0.001411
  0
VERTEX
  8
0
 10
343.398477
 20
24.243464
 42
0.002103
  0
VERTEX
  8
0
 10
343.272611
 20
26.054060
 42
0.000892
  0
VERTEX
  8
0
 10
343.155667
 20
27.602219
 42
0.044205
  0
VERTEX
  8
0
 10
343.105087
 20
27.904988
 42
0.487964
  0
VERTEX
  8
0
 10
342.956280
 20
27.969481
 42
0.021005
  0
VERTEX
  8
0
 10
342.393559
 20
27.631420
 42
0.022215
  0
VERTEX
  8
0
 10
341.670294
 20
27.106943
 42
0.012182
  0
VERTEX
  8
0
 10
340.830435
 20
26.404988
 42
-0.002628
  0
VERTEX
  8
0
 10
339.341271
 20
25.111226
 42
-0.186303
  0
VERTEX
  8
0
 10
339.037746
 20
25.003291
 42
-0.503713
  0
VERTEX
  8
0
 10
338.925212
 20
25.164014
 42
-0.007246
  0
VERTEX
  8
0
 10
339.373469
 20
26.443933
 42
0.006613
  0
VERTEX
  8
0
 10
339.821993
 20
27.719435
 42
0.490606
  0
VERTEX
  8
0
 10
339.716058
 20
27.878583
 42
0.201618
  0
VERTEX
  8
0
 10
339.432564
 20
27.782553
 42
0.002763
  0
VERTEX
  8
0
 10
338.043034
 20
26.538946
 42
-0.029422
  0
VERTEX
  8
0
 10
336.405239
 20
25.223342
 42
-0.732160
  0
VERTEX
  8
0
 10
336.100161
 20
25.453373
 42
-0.085458
  0
VERTEX
  8
0
 10
336.848722
 20
26.792442
 42
-0.010073
  0
VERTEX
  8
0
 10
339.056874
 20
29.411994
 42
-0.046530
  0
VERTEX
  8
0
 10
342.088009
 20
32.277231
 42
-0.392429
  0
VERTEX
  8
0
 10
343.800744
 20
32.133628
 42
-0.172270
  0
VERTEX
  8
0
 10
344.805229
 20
29.744689
 42
-0.014211
  0
SEQEND
  0
POLYLINE
  8
0
 66
1
 70
1
  0
VERTEX
  8
0
 10
231.683114
 20
29.812500
 42
-0.054073
  0
VERTEX
  8
0
 10
231.461564
 20
29.395823
 42
-0.470617
  0
VERTEX
  8
0
 10
231.279315
 20
29.378580
 42
-0.168741
  0
VERTEX
  8
0
 10
231.137993
 20
29.670344
 42
-0.018894
  0
VERTEX
  8
0
 10
231.078947
 20
30.416667
 42
-0.028489
  0
VERTEX
  8
0
 10
231.089945
 20
31.112848
 42
-0.077125
  0
VERTEX
  8
0
 10
231.200665
 20
31.592839
 42
-0.208169
  0
VERTEX
  8
0
 10
231.385309
 20
31.775380
 42
-0.296942
  0
VERTEX
  8
0
 10
231.604167
 20
31.729167
 42
-0.126455
  0
VERTEX
  8
0
 10
231.797407
 20
31.402231
 42
-0.060344
  0
VERTEX
  8
0
 10
231.876576
 20
30.916927
 42
-0.054150
  0
VERTEX
  8
0
 10
231.839148
 20
30.359369
 42
-0.051402
  0
SEQEND
  0
POLYLINE
  8
0
 66
1
 70
1
  0
VERTEX
  8
0
 10
190.471337
 20
28.953622
 42
-0.207982
  0
VERTEX
  8
0
 10
191.326840
 20
29.547870
 42
-0.193617
  0
VERTEX
  8
0
 10
192.379120
 20
29.350388
 42
-0.139486
  0
VERTEX
  8
0
 10
193.254963
 20
28.362993
 42
-0.112576
  0
VERTEX
  8
0
 10
193.571429
 20
26.975240
 42
-0.042557
  0
VERTEX
  8
0
 10
193.506949
 20
26.219040
 42
-0.062205
  0
VERTEX
  8
0
 10
193.313271
 20
25.580227
 42
-0.081675
  0
VERTEX
  8
0
 10
193.028623
 20
25.147287
 42
-0.209537
  0
VERTEX
  8
0
 10
192.692596
 20
25.000000
 42
0.573469
  0
VERTEX
  8
0
 10
192.550626
 20
24.757380
 42
0.017805
  0
VERTEX
  8
0
 10
193.289134
 20
23.546172
 42
0.018658
  0
VERTEX
  8
0
 10
194.429600
 20
21.950229
 42
0.009818
  0
VERTEX
  8
0
 10
195.957470
 20
20.050797
 42
0.016833
  0
VERTEX
  8
0
 10
197.796243
 20
17.999032
 42
0.034987
  0
VERTEX
  8
0
 10
199.387412
 20
16.556383
 42
0.044468
  0
VERTEX
  8
0
 10
200.688927
 20
15.708018
 42
0.217115
  0
VERTEX
  8
0
 10
201.544845
 20
15.655582
 42
0.085385
  0
VERTEX
  8
0
 10
202.046387
 20
15.954020
 42
0.107643
  0
VERTEX
  8
0
 10
202.372152
 20
16.383243
 42
0.118726
  0
VERTEX
  8
0
 10
202.471082
 20
16.875304
 42
0.120914
  0
VERTEX
  8
0
 10
202.333931
 20
17.354785
 42
-0.017422
  0
VERTEX
  8
0
 10
202.109237
 20
17.781764
 42
-0.289166
  0
VERTEX
  8
0
 10
202.126608
 20
17.934294
 42
-0.407111
  0
VERTEX
  8
0
 10
202.252054
 20
17.949570
 42
-0.022267
  0
VERTEX
  8
0
 10
202.586678
 20
17.669663
 42
-0.173551
  0
VERTEX
  8
0
 10
203.330628
 20
16.261358
 42
-0.024370
  0
VERTEX
  8
0
 10
203.642810
 20
12.935417
 42
-0.022046
  0
VERTEX
  8
0
 10
203.645383
 20
9.602636
 42
-0.248405
  0
VERTEX
  8
0
 10
202.998327
 20
8.498966
 42
-0.284073
  0
VERTEX
  8
0
 10
201.887202
 20
8.498953
 42
-0.077906
  0
VERTEX
  8
0
 10
200.498841
 20
9.689995
 42
-0.072563
  0
VERTEX
  8
0
 10
199.464773
 20
11.334318
 42
-0.198267
  0
VERTEX
  8
0
 10
199.431035
 20
12.680877
 42
0.036674
  0
VERTEX
  8
0
 10
199.586375
 20
13.195615
 42
0.132983
  0
VERTEX
  8
0
 10
199.571253
 20
13.534183
 42
0.315433
  0
VERTEX
  8
0
 10
199.408909
 20
13.657761
 42
0.149372
  0
VERTEX
  8
0
 10
199.141570
 20
13.587495
 42
-0.252211
  0
VERTEX
  8
0
 10
198.653002
 20
13.558412
 42
-0.036292
  0
VERTEX
  8
0
 10
197.748278
 20
14.061168
 42
-0.033952
  0
VERTEX
  8
0
 10
196.680016
 20
14.869295
 42
-0.022828
  0
VERTEX
  8
0
 10
195.571733
 20
15.925127
 42
-0.021640
  0
VERTEX
  8
0
 10
194.498598
 20
17.146926
 42
-0.058617
  0
VERTEX
  8
0
 10
193.886550
 20
18.122430
 42
-0.119964
  0
VERTEX
  8
0
 10
193.746336
 20
18.798667
 42
-0.313369
  0
VERTEX
  8
0
 10
194.028361
 20
19.176120
 42
0.125595
  0
VERTEX
  8
0
 10
194.441451
 20
19.441850
 42
0.254333
  0
VERTEX
  8
0
 10
194.534725
 20
19.805357
 42
0.128519
  0
VERTEX
  8
0
 10
194.268756
 20
20.289256
 42
0.029976
  0
VERTEX
  8
0
 10
193.586761
 20
20.927995
 42
0.006969
  0
VERTEX
  8
0
 10
192.629642
 20
21.700060
 42
0.240274
  0
VERTEX
  8
0
 10
192.353485
 20
21.754099
 42
0.425426
  0
VERTEX
  8
0
 10
192.254777
 20
21.568130
 42
0.012478
  0
VERTEX
  8
0
 10
192.584097
 20
20.641444
 42
-0.126230
  0
VERTEX
  8
0
 10
192.697860
 20
19.658927
 42
-0.252123
  0
VERTEX
  8
0
 10
192.250251
 20
19.044773
 42
-0.116102
  0
VERTEX
  8
0
 10
191.109790
 20
18.794690
 42
-0.022774
  0
VERTEX
  8
0
 10
189.000000
 20
18.923215
 42
0.012464
  0
VERTEX
  8
0
 10
188.133923
 20
18.993919
 42
0.430869
  0
VERTEX
  8
0
 10
188.000000
 20
18.867361
 42
0.228185
  0
VERTEX
  8
0
 10
188.109715
 20
18.639470
 42
0.006308
  0
VERTEX
  8
0
 10
189.000000
 20
17.947366
 42
-0.003966
  0
VERTEX
  8
0
 10
189.881770
 20
17.268483
 42
-0.326737
  0
VERTEX
  8
0
 10
189.925871
 20
17.112263
 42
-0.395487
  0
VERTEX
  8
0
 10
189.795165
 20
17.047323
 42
-0.004519
  0
VERTEX
  8
0
 10
188.782025
 20
17.361994
 42
0.066153
  0
VERTEX
  8
0
 10
188.073956
 20
17.489428
 42
0.068819
  0
VERTEX
  8
0
 10
187.367036
 20
17.424589
 42
0.076132
  0
VERTEX
  8
0
 10
186.768772
 20
17.185039
 42
0.121694
  0
VERTEX
  8
0
 10
186.377517
 20
16.801818
 42
0.034140
  0
VERTEX
  8
0
 10
186.162969
 20
16.395010
 42
0.277625
  0
VERTEX
  8
0
 10
186.188042
 20
16.194725
 42
0.334830
  0
VERTEX
  8
0
 10
186.364162
 20
16.148165
 42
0.041482
  0
VERTEX
  8
0
 10
186.740707
 20
16.339748
 42
-0.136651
  0
VERTEX
  8
0
 10
187.185708
 20
16.468652
 42
-0.124178
  0
VERTEX
  8
0
 10
187.651566
 20
16.356249
 42
-0.104849
  0
VERTEX
  8
0
 10
188.067994
 20
16.010604
 42
-0.075813
  0
VERTEX
  8
0
 10
188.367425
 20
15.484890
 42
-0.107842
  0
VERTEX
  8
0
 10
188.475954
 20
14.774268
 42
-0.296746
  0
VERTEX
  8
0
 10
188.186876
 20
14.386198
 42
-0.114254
  0
VERTEX
  8
0
 10
187.398384
 20
14.286240
 42
-0.015188
  0
VERTEX
  8
0
 10
185.722209
 20
14.508441
 42
0.011999
  0
VERTEX
  8
0
 10
184.369664
 20
14.696526
 42
0.077084
  0
VERTEX
  8
0
 10
183.681558
 20
14.669203
 42
0.490036
  0
VERTEX
  8
0
 10
183.577763
 20
14.462806
 42
0.136707
  0
VERTEX
  8
0
 10
183.856763
 20
14.142808
 42
-0.053956
  0
VERTEX
  8
0
 10
184.354996
 20
13.731753
 42
-0.136515
  0
VERTEX
  8
0
 10
184.578939
 20
13.323595
 42
-0.192196
  0
VERTEX
  8
0
 10
184.522686
 20
12.949606
 42
-0.122651
  0
VERTEX
  8
0
 10
184.211548
 20
12.630744
 42
-0.142705
  0
VERTEX
  8
0
 10
183.784978
 20
12.512651
 42
-0.124025
  0
VERTEX
  8
0
 10
183.335464
 20
12.632332
 42
-0.102314
  0
VERTEX
  8
0
 10
182.930451
 20
12.981097
 42
-0.072515
  0
VERTEX
  8
0
 10
182.636170
 20
13.505744
 42
0.058922
  0
VERTEX
  8
0
 10
182.335700
 20
14.077139
 42
0.059372
  0
VERTEX
  8
0
 10
181.910900
 20
14.561062
 42
0.065276
  0
VERTEX
  8
0
 10
181.431945
 20
14.889716
 42
0.118305
  0
VERTEX
  8
0
 10
180.972368
 20
15.000000
 42
0.095143
  0
VERTEX
  8
0
 10
180.600519
 20
14.928596
 42
0.173198
  0
VERTEX
  8
0
 10
180.371274
 20
14.726548
 42
0.172460
  0
VERTEX
  8
0
 10
180.321308
 20
14.424270
 42
0.094236
  0
VERTEX
  8
0
 10
180.457295
 20
14.069098
 42
-0.100828
  0
VERTEX
  8
0
 10
180.604475
 20
13.669126
 42
-0.098348
  0
VERTEX
  8
0
 10
180.585377
 20
13.239685
 42
-0.097513
  0
VERTEX
  8
0
 10
180.403043
 20
12.847224
 42
-0.097277
  0
VERTEX
  8
0
 10
180.085410
 20
12.552786
 42
-0.106468
  0
VERTEX
  8
0
 10
179.675905
 20
12.407266
 42
-0.099401
  0
VERTEX
  8
0
 10
179.231932
 20
12.437882
 42
-0.096033
  0
VERTEX
  8
0
 10
178.821919
 20
12.640247
 42
-0.092075
  0
VERTEX
  8
0
 10
178.510081
 20
12.983688
 42
0.092667
  0
VERTEX
  8
0
 10
177.727347
 20
13.843717
 42
0.259489
  0
VERTEX
  8
0
 10
176.947981
 20
13.953412
 42
0.282972
  0
VERTEX
  8
0
 10
176.494713
 20
13.358802
 42
0.100650
  0
VERTEX
  8
0
 10
176.606890
 20
12.250000
 42
-0.002241
  0
VERTEX
  8
0
 10
176.958045
 20
11.102500
 42
-0.513875
  0
VERTEX
  8
0
 10
176.899562
 20
11.026659
 42
-0.244385
  0
VERTEX
  8
0
 10
176.771126
 20
11.099319
 42
-0.001467
  0
VERTEX
  8
0
 10
176.014045
 20
12.271032
 42
0.048805
  0
VERTEX
  8
0
 10
175.511800
 20
12.907263
 42
0.068050
  0
VERTEX
  8
0
 10
174.943664
 20
13.356562
 42
0.087363
  0
VERTEX
  8
0
 10
174.400445
 20
13.560382
 42
0.186685
  0
VERTEX
  8
0
 10
173.966785
 20
13.479472
 42
-0.252489
  0
VERTEX
  8
0
 10
172.655714
 20
13.402114
 42
-0.043029
  0
VERTEX
  8
0
 10
170.411550
 20
14.692132
 42
-0.044818
  0
VERTEX
  8
0
 10
168.230134
 20
16.519423
 42
-0.084056
  0
VERTEX
  8
0
 10
166.904227
 20
18.391617
 42
-0.001106
  0
VERTEX
  8
0
 10
166.219526
 20
19.822606
 42
-0.398275
  0
VERTEX
  8
0
 10
166.252942
 20
19.925521
 42
-0.361581
  0
VERTEX
  8
0
 10
166.365406
 20
19.903295
 42
-0.001057
  0
VERTEX
  8
0
 10
167.378299
 20
18.649862
 42
0.045606
  0
VERTEX
  8
0
 10
168.019987
 20
17.986367
 42
0.060745
  0
VERTEX
  8
0
 10
168.716431
 20
17.520446
 42
0.075283
  0
VERTEX
  8
0
 10
169.359813
 20
17.308667
 42
0.182302
  0
VERTEX
  8
0
 10
169.843223
 20
17.403107
 42
-0.151159
  0
VERTEX
  8
0
 10
171.052688
 20
17.716484
 42
-0.105388
  0
VERTEX
  8
0
 10
172.425705
 20
17.356348
 42
-0.135812
  0
VERTEX
  8
0
 10
173.313504
 20
16.551407
 42
-0.277726
  0
VERTEX
  8
0
 10
173.333931
 20
15.645215
 42
0.017640
  0
VERTEX
  8
0
 10
173.116661
 20
15.231907
 42
0.159518
  0
VERTEX
  8
0
 10
173.090082
 20
15.032240
 42
0.521533
  0
VERTEX
  8
0
 10
173.182805
 20
14.990241
 42
0.048719
  0
VERTEX
  8
0
 10
173.423008
 20
15.166667
 42
0.052028
  0
VERTEX
  8
0
 10
173.682825
 20
15.453524
 42
0.068576
  0
VERTEX
  8
0
 10
173.850300
 20
15.763706
 42
0.085150
  0
VERTEX
  8
0
 10
173.904565
 20
16.048555
 42
0.171193
  0
VERTEX
  8
0
 10
173.833333
 20
16.262972
 42
-0.256865
  0
VERTEX
  8
0
 10
173.790032
 20
16.536541
 42
-0.031991
  0
VERTEX
  8
0
 10
174.038542
 20
17.108565
 42
-0.031276
  0
VERTEX
  8
0
 10
174.449522
 20
17.799924
 42
-0.020900
  0
VERTEX
  8
0
 10
175.000000
 20
18.538264
 42
0.002779
  0
VERTEX
  8
0
 10
175.915129
 20
19.677148
 42
0.169427
  0
VERTEX
  8
0
 10
176.000000
 20
19.920424
 42
0.579355
  0
VERTEX
  8
0
 10
175.887496
 20
19.984928
 42
0.006985
  0
VERTEX
  8
0
 10
175.000000
 20
19.448612
 42
-0.080994
  0
VERTEX
  8
0
 10
173.225988
 20
18.707106
 42
-0.066569
  0
VERTEX
  8
0
 10
171.181228
 20
18.499186
 42
-0.075734
  0
VERTEX
  8
0
 10
169.437691
 20
18.821476
 42
-0.221107
  0
VERTEX
  8
0
 10
168.580205
 20
19.651585
 42
-0.210006
  0
VERTEX
  8
0
 10
168.605143
 20
20.175203
 42
-0.213891
  0
VERTEX
  8
0
 10
169.007292
 20
20.505612
 42
-0.080789
  0
VERTEX
  8
0
 10
169.933620
 20
20.603348
 42
-0.017810
  0
VERTEX
  8
0
 10
171.530361
 20
20.456478
 42
0.029682
  0
VERTEX
  8
0
 10
173.440438
 20
20.326409
 42
0.114235
  0
VERTEX
  8
0
 10
174.594439
 20
20.583060
 42
0.125622
  0
VERTEX
  8
0
 10
175.458263
 20
21.305139
 42
0.039289
  0
VERTEX
  8
0
 10
176.341681
 20
22.758830
 42
0.025862
  0
VERTEX
  8
0
 10
176.841578
 20
23.890936
 42
0.029069
  0
VERTEX
  8
0
 10
177.200080
 20
25.025777
 42
0.030212
  0
VERTEX
  8
0
 10
177.387577
 20
26.014246
 42
0.118588
  0
VERTEX
  8
0
 10
177.320530
 20
26.626793
 42
-0.147384
  0
VERTEX
  8
0
 10
177.295368
 20
27.106236
 42
-0.096448
  0
VERTEX
  8
0
 10
177.529047
 20
27.612382
 42
-0.080762
  0
VERTEX
  8
0
 10
177.985737
 20
28.068521
 42
-0.064392
  0
VERTEX
  8
0
 10
178.599179
 20
28.399685
 42
-0.012421
  0
VERTEX
  8
0
 10
179.502319
 20
28.720752
 42
-0.344674
  0
VERTEX
  8
0
 10
179.723344
 20
28.640792
 42
-0.311447
  0
VERTEX
  8
0
 10
179.712450
 20
28.393471
 42
-0.011214
  0
VERTEX
  8
0
 10
179.092885
 20
27.611920
 42
0.149052
  0
VERTEX
  8
0
 10
178.593550
 20
26.420259
 42
0.250523
  0
VERTEX
  8
0
 10
178.995839
 20
25.441773
 42
0.233817
  0
VERTEX
  8
0
 10
180.069741
 20
25.189867
 42
0.140010
  0
VERTEX
  8
0
 10
181.240328
 20
25.840328
 42
-0.090429
  0
VERTEX
  8
0
 10
181.836568
 20
26.252656
 42
-0.103422
  0
VERTEX
  8
0
 10
182.512289
 20
26.402733
 42
-0.084325
  0
VERTEX
  8
0
 10
183.299008
 20
26.279152
 42
-0.041858
  0
VERTEX
  8
0
 10
184.228876
 20
25.877509
 42
0.023179
  0
VERTEX
  8
0
 10
185.260940
 20
25.385256
 42
0.210518
  0
VERTEX
  8
0
 10
185.748206
 20
25.393189
 42
0.279769
  0
VERTEX
  8
0
 10
185.986427
 20
25.745955
 42
0.038147
  0
VERTEX
  8
0
 10
185.960526
 20
26.674313
 42
-0.016854
  0
VERTEX
  8
0
 10
185.819727
 20
28.669731
 42
-0.185816
  0
VERTEX
  8
0
 10
186.075275
 20
29.414096
 42
-0.309118
  0
VERTEX
  8
0
 10
186.672756
 20
29.581418
 42
-0.041235
  0
VERTEX
  8
0
 10
187.939312
 20
29.032479
 42
0.038782
  0
VERTEX
  8
0
 10
188.795080
 20
28.656590
 42
0.076452
  0
VERTEX
  8
0
 10
189.523495
 20
28.521224
 42
0.107735
  0
VERTEX
  8
0
 10
190.088478
 20
28.626082
 42
0.156016
  0
SEQEND
  0
POLYLINE
  8
0
 66
1
 70
1
  0
VERTEX
  8
0
 10
163.194515
 20
27.231505
 42
0.100633
  0
VERTEX
  8
0
 10
162.785043
 20
26.995782
 42
0.123726
  0
VERTEX
  8
0
 10
162.536180
 20
26.633315
 42
0.124801
  0
VERTEX
  8
0
 10
162.489444
 20
26.198781
 42
0.103466
  0
VERTEX
  8
0
 10
162.648278
 20
25.760081
 42
-0.038633
  0
VERTEX
  8
0
 10
162.849628
 20
25.369850
 42
-0.327355
  0
VERTEX
  8
0
 10
162.806573
 20
25.188906
 42
-0.288254
  0
VERTEX
  8
0
 10
162.609235
 20
25.160456
 42
-0.033879
  0
VERTEX
  8
0
 10
162.198182
 20
25.377517
 42
-0.110412
  0
VERTEX
  8
0
 10
161.816387
 20
25.750339
 42
-0.081906
  0
VERTEX
  8
0
 10
161.578482
 20
26.291911
 42
-0.076759
  0
VERTEX
  8
0
 10
161.517608
 20
26.915934
 42
-0.077765
  0
VERTEX
  8
0
 10
161.648459
 20
27.526281
 42
-0.082017
  0
VERTEX
  8
0
 10
161.945681
 20
28.033472
 42
-0.109105
  0
VERTEX
  8
0
 10
162.366682
 20
28.360013
 42
-0.123785
  0
VERTEX
  8
0
 10
162.844216
 20
28.454847
 42
-0.126493
  0
VERTEX
  8
0
 10
163.305531
 20
28.311172
 42
-0.045711
  0
VERTEX
  8
0
 10
163.750331
 20
27.976575
 42
-0.238622
  0
VERTEX
  8
0
 10
163.856768
 20
27.698881
 42
-0.243923
  0
VERTEX
  8
0
 10
163.695410
 20
27.453115
 42
-0.047430
  0
SEQEND
  0
POLYLINE
  8
0
 66
1
 70
1
  0
VERTEX
  8
0
 10
197.682427
 20
27.614802
 42
0.180191
  0
VERTEX
  8
0
 10
197.667083
 20
26.057389
 42
0.062539
  0
VERTEX
  8
0
 10
198.704150
 20
24.023942
 42
0.086187
  0
VERTEX
  8
0
 10
200.003210
 20
22.680175
 42
0.436888
  0
VERTEX
  8
0
 10
200.912403
 20
22.858266
 42
-0.214655
  0
VERTEX
  8
0
 10
201.284749
 20
23.109913
 42
-0.173103
  0
VERTEX
  8
0
 10
201.765325
 20
23.026739
 42
-0.090441
  0
VERTEX
  8
0
 10
202.336769
 20
22.550692
 42
-0.034730
  0
VERTEX
  8
0
 10
202.945020
 20
21.710111
 42
-0.002055
  0
VERTEX
  8
0
 10
203.853340
 20
20.238040
 42
-0.291612
  0
VERTEX
  8
0
 10
203.849678
 20
20.042715
 42
-0.439277
  0
VERTEX
  8
0
 10
203.696090
 20
20.018439
 42
-0.002704
  0
VERTEX
  8
0
 10
202.473425
 20
21.000000
 42
0.005456
  0
VERTEX
  8
0
 10
201.316134
 20
21.918651
 42
0.253052
  0
VERTEX
  8
0
 10
201.027981
 20
21.966436
 42
0.411786
  0
VERTEX
  8
0
 10
200.926602
 20
21.760878
 42
0.009023
  0
VERTEX
  8
0
 10
201.335661
 20
20.608556
 42
-0.009479
  0
VERTEX
  8
0
 10
201.715298
 20
19.536014
 42
-0.318820
  0
VERTEX
  8
0
 10
201.640294
 20
19.290086
 42
-0.339680
  0
VERTEX
  8
0
 10
201.391309
 20
19.289437
 42
-0.010107
  0
VERTEX
  8
0
 10
200.522892
 20
19.981001
 42
0.082888
  0
VERTEX
  8
0
 10
199.500203
 20
20.576545
 42
0.480620
  0
VERTEX
  8
0
 10
199.036279
 20
20.302151
 42
0.180098
  0
VERTEX
  8
0
 10
199.245594
 20
19.347063
 42
0.044042
  0
VERTEX
  8
0
 10
200.250000
 20
18.053296
 42
-0.007035
  0
VERTEX
  8
0
 10
200.838155
 20
17.401483
 42
-0.164107
  0
VERTEX
  8
0
 10
200.932712
 20
17.174503
 42
-0.572780
  0
VERTEX
  8
0
 10
200.833324
 20
17.106526
 42
-0.017987
  0
VERTEX
  8
0
 10
200.296561
 20
17.383536
 42
-0.069199
  0
VERTEX
  8
0
 10
199.693353
 20
17.842644
 42
-0.014739
  0
VERTEX
  8
0
 10
198.789918
 20
18.807433
 42
-0.015148
  0
VERTEX
  8
0
 10
197.801706
 20
19.997974
 42
-0.013897
  0
VERTEX
  8
0
 10
196.857499
 20
21.280241
 42
0.000000
  0
VERTEX
  8
0
 10
194.621876
 20
24.500000
 42
0.000000
  0
VERTEX
  8
0
 10
196.810938
 20
22.595012
 42
0.045396
  0
VERTEX
  8
0
 10
198.402400
 20
21.445847
 42
0.548427
  0
VERTEX
  8
0
 10
198.957010
 20
21.726597
 42
0.203400
  0
VERTEX
  8
0
 10
198.610456
 20
22.837444
 42
0.032887
  0
VERTEX
  8
0
 10
197.000000
 20
24.500000
 42
-0.041764
  0
VERTEX
  8
0
 10
195.738847
 20
25.849006
 42
-0.086848
  0
VERTEX
  8
0
 10
195.056929
 20
27.112185
 42
-0.414320
  0
VERTEX
  8
0
 10
195.292214
 20
27.582541
 42
-0.222297
  0
VERTEX
  8
0
 10
196.000000
 20
27.500000
 42
0.082592
  0
VERTEX
  8
0
 10
196.382100
 20
27.343488
 42
0.161196
  0
VERTEX
  8
0
 10
196.706250
 20
27.374600
 42
0.182303
  0
VERTEX
  8
0
 10
196.921712
 20
27.586039
 42
0.108972
  0
VERTEX
  8
0
 10
197.000000
 20
27.940983
 42
-0.055369
  0
VERTEX
  8
0
 10
197.044999
 20
28.346090
 42
-0.074941
  0
VERTEX
  8
0
 10
197.178303
 20
28.688914
 42
-0.094369
  0
VERTEX
  8
0
 10
197.375406
 20
28.918864
 42
-0.170108
  0
VERTEX
  8
0
 10
197.606989
 20
29.000000
 42
-0.273610
  0
VERTEX
  8
0
 10
197.794998
 20
28.888793
 42
-0.112495
  0
VERTEX
  8
0
 10
197.879532
 20
28.593098
 42
-0.068538
  0
VERTEX
  8
0
 10
197.842576
 20
28.145918
 42
-0.036789
  0
SEQEND
  0
POLYLINE
  8
0
 66
1
 70
1
  0
VERTEX
  8
0
 10
219.000000
 20
28.000000
 42
-0.042167
  0
VERTEX
  8
0
 10
218.967655
 20
27.617151
 42
-0.061769
  0
VERTEX
  8
0
 10
218.870461
 20
27.293750
 42
-0.081139
  0
VERTEX
  8
0
 10
218.727648
 20
27.074460
 42
-0.210953
  0
VERTEX
  8
0
 10
218.559017
 20
27.000000
 42
-0.151918
  0
VERTEX
  8
0
 10
218.348290
 20
27.065539
 42
-0.038439
  0
VERTEX
  8
0
 10
218.066025
 20
27.293750
 42
-0.035638
  0
VERTEX
  8
0
 10
217.768994
 20
27.617226
 42
-0.029505
  0
VERTEX
  8
0
 10
217.500000
 20
28.000000
 42
-0.082592
  0
VERTEX
  8
0
 10
217.343488
 20
28.382100
 42
-0.161196
  0
VERTEX
  8
0
 10
217.374600
 20
28.706250
 42
-0.182303
  0
VERTEX
  8
0
 10
217.586039
 20
28.921712
 42
-0.108972
  0
VERTEX
  8
0
 10
217.940983
 20
29.000000
 42
-0.093332
  0
VERTEX
  8
0
 10
218.345238
 20
28.923877
 42
-0.096420
  0
VERTEX
  8
0
 10
218.688914
 20
28.706250
 42
-0.099167
  0
VERTEX
  8
0
 10
218.918938
 20
28.381556
 42
-0.105053
  0
SEQEND
  0
POLYLINE
  8
0
 66
1
 70
1
  0
VERTEX
  8
0
 10
167.500000
 20
26.000000
 42
-0.012939
  0
VERTEX
  8
0
 10
168.159597
 20
25.232121
 42
-0.025990
  0
VERTEX
  8
0
 10
168.631420
 20
24.587500
 42
-0.034935
  0
VERTEX
  8
0
 10
168.889734
 20
24.125730
 42
-0.549874
  0
VERTEX
  8
0
 10
168.809975
 20
24.000000
 42
-0.165568
  0
VERTEX
  8
0
 10
168.525997
 20
24.096686
 42
-0.014322
  0
VERTEX
  8
0
 10
167.925170
 20
24.587500
 42
-0.017642
  0
VERTEX
  8
0
 10
167.229731
 20
25.233916
 42
-0.012769
  0
VERTEX
  8
0
 10
166.500000
 20
26.000000
 42
-0.012939
  0
VERTEX
  8
0
 10
165.840403
 20
26.767879
 42
-0.025990
  0
VERTEX
  8
0
 10
165.368580
 20
27.412500
 42
-0.034935
  0
VERTEX
  8
0
 10
165.110266
 20
27.874270
 42
-0.549874
  0
VERTEX
  8
0
 10
165.190025
 20
28.000000
 42
-0.165568
  0
VERTEX
  8
0
 10
165.474003
 20
27.903314
 42
-0.014322
  0
VERTEX
  8
0
 10
166.074830
 20
27.412500
 42
-0.017642
  0
VERTEX
  8
0
 10
166.770269
 20
26.766084
 42
-0.012769
  0
SEQEND
  0
POLYLINE
  8
0
 66
1
 70
1
  0
VERTEX
  8
0
 10
224.267972
 20
26.000000
 42
-0.012632
  0
VERTEX
  8
0
 10
223.059129
 20
24.658313
 42
-0.074492
  0
VERTEX
  8
0
 10
222.315495
 20
24.077034
 42
-0.686603
  0
VERTEX
  8
0
 10
222.137098
 20
24.223851
 42
-0.058170
  0
VERTEX
  8
0
 10
222.500000
 20
25.000000
 42
0.111856
  0
VERTEX
  8
0
 10
222.632659
 20
25.386303
 42
0.171987
  0
VERTEX
  8
0
 10
222.551963
 20
25.726896
 42
0.152911
  0
VERTEX
  8
0
 10
222.262339
 20
25.967910
 42
0.084433
  0
VERTEX
  8
0
 10
221.809017
 20
26.070285
 42
-0.141044
  0
VERTEX
  8
0
 10
221.503421
 20
26.176286
 42
-0.421563
  0
VERTEX
  8
0
 10
221.472024
 20
26.372382
 42
-0.108547
  0
VERTEX
  8
0
 10
221.806049
 20
26.662637
 42
-0.023328
  0
VERTEX
  8
0
 10
222.500000
 20
27.000000
 42
-0.009905
  0
VERTEX
  8
0
 10
224.624142
 20
27.863342
 42
-0.223881
  0
VERTEX
  8
0
 10
225.266159
 20
27.815578
 42
-0.448660
  0
VERTEX
  8
0
 10
225.360168
 20
27.379991
 42
-0.019298
  0
SEQEND
  0
POLYLINE
  8
0
 66
1
 70
1
  0
VERTEX
  8
0
 10
230.683114
 20
24.812500
 42
-0.054073
  0
VERTEX
  8
0
 10
230.461564
 20
24.395823
 42
-0.470617
  0
VERTEX
  8
0
 10
230.279315
 20
24.378580
 42
-0.168741
  0
VERTEX
  8
0
 10
230.137993
 20
24.670344
 42
-0.018894
  0
VERTEX
  8
0
 10
230.078947
 20
25.416667
 42
-0.028489
  0
VERTEX
  8
0
 10
230.089945
 20
26.112848
 42
-0.077125
  0
VERTEX
  8
0
 10
230.200665
 20
26.592839
 42
-0.208169
  0
VERTEX
  8
0
 10
230.385309
 20
26.775380
 42
-0.296942
  0
VERTEX
  8
0
 10
230.604167
 20
26.729167
 42
-0.126455
  0
VERTEX
  8
0
 10
230.797407
 20
26.402231
 42
-0.060344
  0
VERTEX
  8
0
 10
230.876576
 20
25.916927
 42
-0.054150
  0
VERTEX
  8
0
 10
230.839148
 20
25.359369
 42
-0.051402
  0
SEQEND
  0
POLYLINE
  8
0
 66
1
 70
1
  0
VERTEX
  8
0
 10
342.124088
 20
24.733333
 42
-0.011214
  0
VERTEX
  8
0
 10
341.463552
 20
24.106486
 42
-0.400052
  0
VERTEX
  8
0
 10
341.270328
 20
24.111181
 42
-0.286372
  0
VERTEX
  8
0
 10
341.218210
 20
24.336218
 42
-0.008399
  0
VERTEX
  8
0
 10
341.564293
 20
25.293128
 42
-0.036269
  0
VERTEX
  8
0
 10
341.866277
 20
25.940734
 42
-0.070189
  0
VERTEX
  8
0
 10
342.210949
 20
26.395085
 42
-0.120343
  0
VERTEX
  8
0
 10
342.538684
 20
26.592490
 42
-0.278911
  0
VERTEX
  8
0
 10
342.806872
 20
26.526461
 42
-0.207420
  0
VERTEX
  8
0
 10
342.927901
 20
26.220211
 42
-0.082976
  0
VERTEX
  8
0
 10
342.837219
 20
25.768815
 42
-0.063152
  0
VERTEX
  8
0
 10
342.558688
 20
25.246577
 42
-0.043285
  0
SEQEND
  0
POLYLINE
  8
0
 66
1
 70
1
  0
VERTEX
  8
0
 10
164.381733
 20
23.279390
 42
-0.015228
  0
VERTEX
  8
0
 10
165.205638
 20
24.276206
 42
-0.189820
  0
VERTEX
  8
0
 10
165.633712
 20
24.496056
 42
-0.299725
  0
VERTEX
  8
0
 10
165.980688
 20
24.314031
 42
-0.034725
  0
VERTEX
  8
0
 10
166.370279
 20
23.477452
 42
-0.034432
  0
VERTEX
  8
0
 10
166.546336
 20
22.903371
 42
-0.120790
  0
VERTEX
  8
0
 10
166.541851
 20
22.519467
 42
-0.310393
  0
VERTEX
  8
0
 10
166.376757
 20
22.375609
 42
-0.168677
  0
VERTEX
  8
0
 10
166.102236
 20
22.436815
 42
0.239955
  0
VERTEX
  8
0
 10
165.724067
 20
22.468111
 42
0.115446
  0
VERTEX
  8
0
 10
165.316962
 20
22.178512
 42
0.074581
  0
VERTEX
  8
0
 10
164.939292
 20
21.594099
 42
0.042290
  0
VERTEX
  8
0
 10
164.657484
 20
20.798219
 42
-0.018570
  0
VERTEX
  8
0
 10
164.247358
 20
19.438331
 42
-0.364943
  0
VERTEX
  8
0
 10
163.899297
 20
19.229266
 42
-0.182369
  0
VERTEX
  8
0
 10
163.429421
 20
19.498126
 42
-0.005946
  0
VERTEX
  8
0
 10
162.043794
 20
21.217196
 42
-0.013511
  0
VERTEX
  8
0
 10
161.261166
 20
22.269451
 42
-0.017214
  0
VERTEX
  8
0
 10
160.600364
 20
23.282343
 42
-0.015270
  0
VERTEX
  8
0
 10
160.109635
 20
24.153316
 42
-0.121227
  0
VERTEX
  8
0
 10
160.000000
 20
24.598859
 42
-0.464826
  0
VERTEX
  8
0
 10
160.137601
 20
24.714892
 42
-0.122522
  0
VERTEX
  8
0
 10
160.440625
 20
24.581929
 42
-0.045632
  0
VERTEX
  8
0
 10
160.922999
 20
24.133883
 42
-0.018296
  0
VERTEX
  8
0
 10
161.500000
 20
23.441130
 42
0.017219
  0
VERTEX
  8
0
 10
162.462376
 20
22.280617
 42
0.199579
  0
VERTEX
  8
0
 10
162.983184
 20
22.029007
 42
0.223397
  0
VERTEX
  8
0
 10
163.495541
 20
22.235736
 42
0.021867
  0
SEQEND
  0
POLYLINE
  8
0
 66
1
 70
1
  0
VERTEX
  8
0
 10
160.084716
 20
20.194905
 42
0.151210
  0
VERTEX
  8
0
 10
159.676930
 20
19.902614
 42
0.166095
  0
VERTEX
  8
0
 10
159.524598
 20
19.442276
 42
0.092984
  0
VERTEX
  8
0
 10
159.658992
 20
18.762018
 42
0.027735
  0
VERTEX
  8
0
 10
160.107758
 20
17.798653
 42
-0.009946
  0
VERTEX
  8
0
 10
160.638375
 20
16.757946
 42
-0.140613
  0
VERTEX
  8
0
 10
160.709353
 20
16.349895
 42
-0.495268
  0
VERTEX
  8
0
 10
160.526729
 20
16.239450
 42
-0.044474
  0
VERTEX
  8
0
 10
159.970036
 20
16.518519
 42
0.046503
  0
VERTEX
  8
0
 10
159.460601
 20
16.771322
 42
0.270088
  0
VERTEX
  8
0
 10
159.176037
 20
16.725431
 42
0.262437
  0
VERTEX
  8
0
 10
159.070197
 20
16.452565
 42
0.044647
  0
VERTEX
  8
0
 10
159.203601
 20
15.889196
 42
0.055022
  0
VERTEX
  8
0
 10
159.448865
 20
15.356778
 42
0.058788
  0
VERTEX
  8
0
 10
159.799912
 20
14.903578
 42
0.066017
  0
VERTEX
  8
0
 10
160.198404
 20
14.592737
 42
0.129188
  0
VERTEX
  8
0
 10
160.583333
 20
14.484687
 42
-0.060576
  0
VERTEX
  8
0
 10
161.022346
 20
14.423847
 42
-0.024668
  0
VERTEX
  8
0
 10
161.597917
 20
14.240722
 42
-0.023970
  0
VERTEX
  8
0
 10
162.204149
 20
13.980622
 42
-0.028135
  0
VERTEX
  8
0
 10
162.750000
 20
13.675670
 42
0.076576
  0
VERTEX
  8
0
 10
163.600164
 20
13.303250
 42
0.465046
  0
VERTEX
  8
0
 10
163.944061
 20
13.543896
 42
0.130336
  0
VERTEX
  8
0
 10
163.801276
 20
14.377834
 42
0.015655
  0
VERTEX
  8
0
 10
162.964816
 20
16.065741
 42
-0.018996
  0
VERTEX
  8
0
 10
162.603138
 20
16.808001
 42
-0.036388
  0
VERTEX
  8
0
 10
162.380593
 20
17.431812
 42
-0.051667
  0
VERTEX
  8
0
 10
162.306982
 20
17.869310
 42
-0.432922
  0
VERTEX
  8
0
 10
162.429632
 20
18.000000
 42
-0.206129
  0
VERTEX
  8
0
 10
162.683434
 20
17.890725
 42
-0.023407
  0
VERTEX
  8
0
 10
163.100427
 20
17.406429
 42
-0.025234
  0
VERTEX
  8
0
 10
163.560393
 20
16.753337
 42
-0.017938
  0
VERTEX
  8
0
 10
164.011060
 20
15.979333
 42
-0.069663
  0
VERTEX
  8
0
 10
164.648779
 20
14.244666
 42
-0.181089
  0
VERTEX
  8
0
 10
164.459393
 20
12.948638
 42
-0.314734
  0
VERTEX
  8
0
 10
163.614726
 20
12.532710
 42
-0.135940
  0
VERTEX
  8
0
 10
162.410972
 20
13.073886
 42
0.021867
  0
VERTEX
  8
0
 10
161.687014
 20
13.623098
 42
0.182535
  0
VERTEX
  8
0
 10
161.294880
 20
13.720797
 42
0.318304
  0
VERTEX
  8
0
 10
161.067507
 20
13.515983
 42
0.055361
  0
VERTEX
  8
0
 10
161.000000
 20
12.908159
 42
-0.095056
  0
VERTEX
  8
0
 10
160.900086
 20
12.387354
 42
-0.360168
  0
VERTEX
  8
0
 10
160.630062
 20
12.239733
 42
-0.131605
  0
VERTEX
  8
0
 10
160.157689
 20
12.469556
 42
-0.017722
  0
VERTEX
  8
0
 10
159.342621
 20
13.228808
 42
-0.114250
  0
VERTEX
  8
0
 10
158.256156
 20
14.969922
 42
-0.041862
  0
VERTEX
  8
0
 10
157.543220
 20
17.801009
 42
-0.061728
  0
VERTEX
  8
0
 10
157.454171
 20
20.041742
 42
-0.559619
  0
VERTEX
  8
0
 10
158.163256
 20
20.399102
 42
0.254922
  0
VERTEX
  8
0
 10
158.730272
 20
20.368247
 42
0.331982
  0
VERTEX
  8
0
 10
158.964727
 20
20.813278
 42
0.094413
  0
VERTEX
  8
0
 10
158.586103
 20
21.868656
 42
0.047005
  0
VERTEX
  8
0
 10
157.750000
 20
23.023466
 42
-0.045953
  0
VERTEX
  8
0
 10
157.486085
 20
23.386374
 42
-0.744916
  0
VERTEX
  8
0
 10
157.550664
 20
23.456597
 42
-0.053878
  0
VERTEX
  8
0
 10
157.984089
 20
23.184324
 42
-0.007116
  0
VERTEX
  8
0
 10
158.826727
 20
22.499042
 42
-0.030214
  0
VERTEX
  8
0
 10
159.644215
 20
21.726072
 42
-0.063391
  0
VERTEX
  8
0
 10
160.156036
 20
21.018697
 42
-0.121150
  0
VERTEX
  8
0
 10
160.295249
 20
20.492457
 42
-0.327659
  0
SEQEND
  0
POLYLINE
  8
0
 66
1
 70
1
  0
VERTEX
  8
0
 10
172.000000
 20
22.000000
 42
-0.092995
  0
VERTEX
  8
0
 10
171.928382
 20
21.618268
 42
-0.096318
  0
VERTEX
  8
0
 10
171.723586
 20
21.293750
 42
-0.099231
  0
VERTEX
  8
0
 10
171.418051
 20
21.076556
 42
-0.105429
  0
VERTEX
  8
0
 10
171.059017
 20
21.000000
 42
-0.089642
  0
VERTEX
  8
0
 10
170.653442
 20
21.073302
 42
-0.053229
  0
VERTEX
  8
0
 10
170.212900
 20
21.293750
 42
-0.051032
  0
VERTEX
  8
0
 10
169.806203
 20
21.617485
 42
-0.060810
  0
VERTEX
  8
0
 10
169.500000
 20
22.000000
 42
-0.139169
  0
VERTEX
  8
0
 10
169.392057
 20
22.379648
 42
-0.191142
  0
VERTEX
  8
0
 10
169.521475
 20
22.706250
 42
-0.138808
  0
VERTEX
  8
0
 10
169.889346
 20
22.926733
 42
-0.066118
  0
VERTEX
  8
0
 10
170.440983
 20
23.000000
 42
-0.062283
  0
VERTEX
  8
0
 10
171.037096
 20
22.925455
 42
-0.080552
  0
VERTEX
  8
0
 10
171.542039
 20
22.706250
 42
-0.097988
  0
VERTEX
  8
0
 10
171.879982
 20
22.381379
 42
-0.153634
  0
SEQEND
  0
POLYLINE
  8
0
 66
1
 70
1
  0
VERTEX
  8
0
 10
232.748577
 20
19.745732
 42
-0.190140
  0
VERTEX
  8
0
 10
232.098004
 20
18.969484
 42
-0.068265
  0
VERTEX
  8
0
 10
230.724143
 20
18.450571
 42
-0.084671
  0
VERTEX
  8
0
 10
229.454425
 20
18.379543
 42
-0.381474
  0
VERTEX
  8
0
 10
229.000000
 20
18.888484
 42
-0.107949
  0
VERTEX
  8
0
 10
229.076716
 20
19.239679
 42
-0.031197
  0
VERTEX
  8
0
 10
229.340774
 20
19.731766
 42
-0.029804
  0
VERTEX
  8
0
 10
229.716089
 20
20.263683
 42
-0.027842
  0
VERTEX
  8
0
 10
230.160081
 20
20.760081
 42
-0.114815
  0
VERTEX
  8
0
 10
231.151975
 20
21.377495
 42
-0.177226
  0
VERTEX
  8
0
 10
232.150915
 20
21.354847
 42
-0.222553
  0
VERTEX
  8
0
 10
232.748756
 20
20.725023
 42
-0.162184
  0
SEQEND
  0
POLYLINE
  8
0
 66
1
 70
1
  0
VERTEX
  8
0
 10
307.029194
 20
18.535176
 42
-0.058660
  0
VERTEX
  8
0
 10
306.471667
 20
18.004333
 42
-0.070272
  0
VERTEX
  8
0
 10
305.837313
 20
17.654990
 42
-0.082874
  0
VERTEX
  8
0
 10
305.226498
 20
17.532632
 42
-0.147533
  0
VERTEX
  8
0
 10
304.735203
 20
17.663654
 42
-0.180577
  0
VERTEX
  8
0
 10
304.453722
 20
18.026398
 42
-0.172331
  0
VERTEX
  8
0
 10
304.471794
 20
18.493230
 42
-0.100283
  0
VERTEX
  8
0
 10
304.834481
 20
19.046929
 42
-0.039928
  0
VERTEX
  8
0
 10
305.525509
 20
19.642311
 42
-0.039209
  0
VERTEX
  8
0
 10
306.979089
 20
20.539507
 42
-0.284655
  0
VERTEX
  8
0
 10
307.761606
 20
20.476754
 42
-0.375695
  0
VERTEX
  8
0
 10
307.905675
 20
19.824455
 42
-0.047871
  0
SEQEND
  0
POLYLINE
  8
0
 66
1
 70
1
  0
VERTEX
  8
0
 10
158.680006
 20
10.750000
 42
-0.051728
  0
VERTEX
  8
0
 10
158.605386
 20
10.080426
 42
-0.071272
  0
VERTEX
  8
0
 10
158.394365
 20
9.514062
 42
-0.090892
  0
VERTEX
  8
0
 10
158.086292
 20
9.133284
 42
-0.179199
  0
VERTEX
  8
0
 10
157.726345
 20
9.000000
 42
-0.221127
  0
VERTEX
  8
0
 10
157.423601
 20
9.140773
 42
-0.135471
  0
VERTEX
  8
0
 10
157.256070
 20
9.505109
 42
-0.085661
  0
VERTEX
  8
0
 10
157.261189
 20
10.060613
 42
-0.046606
  0
VERTEX
  8
0
 10
157.445864
 20
10.719519
 42
0.019419
  0
VERTEX
  8
0
 10
157.657119
 20
11.341193
 42
0.085020
  0
VERTEX
  8
0
 10
157.703067
 20
11.725120
 42
0.424903
  0
VERTEX
  8
0
 10
157.593353
 20
11.820707
 42
0.176427
  0
VERTEX
  8
0
 10
157.394862
 20
11.728195
 42
-0.161237
  0
VERTEX
  8
0
 10
157.021977
 20
11.540806
 42
-0.085147
  0
VERTEX
  8
0
 10
156.498614
 20
11.553332
 42
-0.069936
  0
VERTEX
  8
0
 10
155.908084
 20
11.757886
 42
-0.054961
  0
VERTEX
  8
0
 10
155.342009
 20
12.131121
 42
0.101007
  0
VERTEX
  8
0
 10
154.507597
 20
12.577679
 42
0.401201
  0
VERTEX
  8
0
 10
154.037808
 20
12.337254
 42
0.195490
  0
VERTEX
  8
0
 10
154.079427
 20
11.528571
 42
0.055075
  0
VERTEX
  8
0
 10
154.750000
 20
10.428845
 42
-0.056294
  0
VERTEX
  8
0
 10
154.862364
 20
10.243558
 42
-0.796897
  0
VERTEX
  8
0
 10
154.828869
 20
10.217682
 42
-0.026346
  0
VERTEX
  8
0
 10
154.519873
 20
10.500163
 42
-0.004484
  0
VERTEX
  8
0
 10
153.965300
 20
11.073745
 42
0.022908
  0
VERTEX
  8
0
 10
153.270493
 20
11.741310
 42
0.017315
  0
VERTEX
  8
0
 10
152.450986
 20
12.410777
 42
0.017602
  0
VERTEX
  8
0
 10
151.635775
 20
12.986806
 42
0.038327
  0
VERTEX
  8
0
 10
150.965300
 20
13.355988
 42
-0.043586
  0
VERTEX
  8
0
 10
150.563554
 20
13.582730
 42
-0.624760
  0
VERTEX
  8
0
 10
150.581897
 20
13.706615
 42
-0.111323
  0
VERTEX
  8
0
 10
150.932752
 20
13.736585
 42
-0.011734
  0
VERTEX
  8
0
 10
151.750000
 20
13.604708
 42
0.045675
  0
VERTEX
  8
0
 10
152.611636
 20
13.525066
 42
0.073732
  0
VERTEX
  8
0
 10
153.339063
 20
13.632264
 42
0.105421
  0
VERTEX
  8
0
 10
153.823939
 20
13.899410
 42
0.217629
  0
VERTEX
  8
0
 10
154.000000
 20
14.284749
 42
-0.296837
  0
VERTEX
  8
0
 10
154.143252
 20
14.504786
 42
-0.238926
  0
VERTEX
  8
0
 10
154.431283
 20
14.489659
 42
-0.075204
  0
VERTEX
  8
0
 10
154.902559
 20
14.115017
 42
-0.025369
  0
VERTEX
  8
0
 10
155.468197
 20
13.441130
 42
0.025554
  0
VERTEX
  8
0
 10
156.035710
 20
12.765516
 42
0.072467
  0
VERTEX
  8
0
 10
156.514453
 20
12.381250
 42
0.218612
  0
VERTEX
  8
0
 10
156.814607
 20
12.350763
 42
0.312501
  0
VERTEX
  8
0
 10
156.968197
 20
12.558870
 42
0.092984
  0
VERTEX
  8
0
 10
156.884225
 20
13.094844
 42
0.026431
  0
VERTEX
  8
0
 10
156.559375
 20
13.876904
 42
0.025646
  0
VERTEX
  8
0
 10
156.091402
 20
14.737973
 42
0.024619
  0
VERTEX
  8
0
 10
155.531803
 20
15.558870
 42
-0.021045
  0
VERTEX
  8
0
 10
154.967489
 20
16.374108
 42
-0.022329
  0
VERTEX
  8
0
 10
154.485547
 20
17.218295
 42
-0.022634
  0
VERTEX
  8
0
 10
154.138173
 20
17.978066
 42
-0.088027
  0
VERTEX
  8
0
 10
154.031803
 20
18.482135
 42
-0.614721
  0
VERTEX
  8
0
 10
154.206833
 20
18.577940
 42
-0.055632
  0
VERTEX
  8
0
 10
154.698677
 20
18.152890
 42
-0.026842
  0
VERTEX
  8
0
 10
155.446758
 20
17.252554
 42
-0.011655
  0
VERTEX
  8
0
 10
156.346673
 20
15.982135
 42
-0.021222
  0
VERTEX
  8
0
 10
157.243907
 20
14.520571
 42
-0.022163
  0
VERTEX
  8
0
 10
158.000092
 20
13.008815
 42
-0.022515
  0
VERTEX
  8
0
 10
158.533783
 20
11.650863
 42
-0.084467
  0
SEQEND
  0
POLYLINE
  8
0
 66
1
 70
1
  0
VERTEX
  8
0
 10
169.521520
 20
14.000000
 42
-0.183889
  0
VERTEX
  8
0
 10
170.703917
 20
13.549921
 42
-0.069406
  0
VERTEX
  8
0
 10
171.869225
 20
12.179753
 42
-0.073617
  0
VERTEX
  8
0
 10
172.560018
 20
10.629615
 42
-0.270751
  0
VERTEX
  8
0
 10
172.298150
 20
9.631483
 42
-0.152941
  0
VERTEX
  8
0
 10
171.270345
 20
9.093954
 42
-0.070912
  0
VERTEX
  8
0
 10
169.748977
 20
9.038018
 42
-0.071171
  0
VERTEX
  8
0
 10
168.279899
 20
9.408351
 42
-0.158349
  0
VERTEX
  8
0
 10
167.409864
 20
10.145843
 42
-0.142997
  0
VERTEX
  8
0
 10
167.283374
 20
10.603763
 42
-0.338845
  0
VERTEX
  8
0
 10
167.489470
 20
10.864990
 42
-0.106304
  0
VERTEX
  8
0
 10
168.125974
 20
10.888940
 42
-0.017927
  0
VERTEX
  8
0
 10
169.324208
 20
10.633477
 42
0.017268
  0
VERTEX
  8
0
 10
170.699941
 20
10.338276
 42
0.151328
  0
VERTEX
  8
0
 10
171.311401
 20
10.414201
 42
0.321111
  0
VERTEX
  8
0
 10
171.524154
 20
10.781122
 42
0.067715
  0
VERTEX
  8
0
 10
171.344318
 20
11.545105
 42
0.084253
  0
VERTEX
  8
0
 10
171.012526
 20
12.105565
 42
0.093188
  0
VERTEX
  8
0
 10
170.524191
 20
12.502349
 42
0.100488
  0
VERTEX
  8
0
 10
169.957107
 20
12.675403
 42
0.116091
  0
VERTEX
  8
0
 10
169.398323
 20
12.599357
 42
-0.249210
  0
VERTEX
  8
0
 10
168.243187
 20
12.741060
 42
-0.055863
  0
VERTEX
  8
0
 10
166.704086
 20
14.096800
 42
-0.055012
  0
VERTEX
  8
0
 10
165.415289
 20
15.875114
 42
-0.130030
  0
VERTEX
  8
0
 10
165.000000
 20
17.445012
 42
-0.408389
  0
VERTEX
  8
0
 10
165.152354
 20
17.600433
 42
-0.173112
  0
VERTEX
  8
0
 10
165.457282
 20
17.498401
 42
-0.053865
  0
VERTEX
  8
0
 10
165.957337
 20
17.010253
 42
-0.019705
  0
VERTEX
  8
0
 10
166.556704
 20
16.222506
 42
0.038750
  0
VERTEX
  8
0
 10
167.256389
 20
15.372108
 42
0.040422
  0
VERTEX
  8
0
 10
168.069759
 20
14.652861
 42
0.043846
  0
VERTEX
  8
0
 10
168.871873
 20
14.154850
 42
0.117534
  0
SEQEND
  0
POLYLINE
  8
0
 66
1
 70
1
  0
VERTEX
  8
0
 10
192.500000
 20
15.500000
 42
-0.027192
  0
VERTEX
  8
0
 10
192.447865
 20
14.542071
 42
-0.042816
  0
VERTEX
  8
0
 10
192.288907
 20
13.734375
 42
-0.052711
  0
VERTEX
  8
0
 10
192.058505
 20
13.166161
 42
-0.276825
  0
VERTEX
  8
0
 10
191.781385
 20
13.000000
 42
0.252227
  0
VERTEX
  8
0
 10
191.555287
 20
12.878195
 42
0.122469
  0
VERTEX
  8
0
 10
191.442946
 20
12.559375
 42
0.075094
  0
VERTEX
  8
0
 10
191.469542
 20
12.075020
 42
0.040434
  0
VERTEX
  8
0
 10
191.638374
 20
11.500000
 42
0.046632
  0
VERTEX
  8
0
 10
191.922397
 20
10.926166
 42
0.052856
  0
VERTEX
  8
0
 10
192.297997
 20
10.440625
 42
0.060245
  0
VERTEX
  8
0
 10
192.703798
 20
10.108138
 42
0.142471
  0
VERTEX
  8
0
 10
193.075604
 20
10.000000
 42
0.244198
  0
VERTEX
  8
0
 10
193.349422
 20
10.142212
 42
0.124564
  0
VERTEX
  8
0
 10
193.491473
 20
10.514062
 42
0.077197
  0
VERTEX
  8
0
 10
193.470531
 20
11.079226
 42
0.041885
  0
VERTEX
  8
0
 10
193.281384
 20
11.750000
 42
-0.011274
  0
VERTEX
  8
0
 10
192.928449
 20
12.760504
 42
-0.403289
  0
VERTEX
  8
0
 10
193.027632
 20
12.964160
 42
-0.256824
  0
VERTEX
  8
0
 10
193.308495
 20
12.921175
 42
-0.007057
  0
VERTEX
  8
0
 10
194.312769
 20
12.127555
 42
-0.022728
  0
VERTEX
  8
0
 10
194.958709
 20
11.551437
 42
-0.027900
  0
VERTEX
  8
0
 10
195.504376
 20
10.955312
 42
-0.028310
  0
VERTEX
  8
0
 10
195.896412
 20
10.416317
 42
-0.144044
  0
VERTEX
  8
0
 10
196.000000
 20
10.064204
 42
-0.404699
  0
VERTEX
  8
0
 10
195.373717
 20
9.417170
 42
-0.010657
  0
VERTEX
  8
0
 10
190.992275
 20
9.367748
 42
-0.010699
  0
VERTEX
  8
0
 10
186.598401
 20
9.505895
 42
-0.348123
  0
VERTEX
  8
0
 10
185.850000
 20
10.166050
 42
-0.026778
  0
VERTEX
  8
0
 10
185.635082
 20
11.884465
 42
-0.133276
  0
VERTEX
  8
0
 10
185.820980
 20
12.830100
 42
-0.204562
  0
VERTEX
  8
0
 10
186.405643
 20
13.330747
 42
-0.076127
  0
VERTEX
  8
0
 10
187.497415
 20
13.498681
 42
0.048029
  0
VERTEX
  8
0
 10
188.263135
 20
13.572914
 42
0.067226
  0
VERTEX
  8
0
 10
188.913347
 20
13.793362
 42
0.086468
  0
VERTEX
  8
0
 10
189.355102
 20
14.117919
 42
0.188889
  0
VERTEX
  8
0
 10
189.512728
 20
14.500000
 42
-0.091139
  0
VERTEX
  8
0
 10
189.728645
 20
15.566957
 42
-0.049840
  0
VERTEX
  8
0
 10
190.348225
 20
16.754036
 42
-0.049910
  0
VERTEX
  8
0
 10
191.125839
 20
17.714902
 42
-0.200286
  0
VERTEX
  8
0
 10
191.809017
 20
18.000000
 42
-0.282345
  0
VERTEX
  8
0
 10
192.075760
 20
17.836325
 42
-0.050143
  0
VERTEX
  8
0
 10
192.297024
 20
17.265625
 42
-0.041316
  0
VERTEX
  8
0
 10
192.449903
 20
16.457978
 42
-0.026129
  0
SEQEND
  0
POLYLINE
  8
0
 66
1
 70
1
  0
VERTEX
  8
0
 10
207.500000
 20
16.000000
 42
-0.082592
  0
VERTEX
  8
0
 10
207.656512
 20
15.617900
 42
-0.161196
  0
VERTEX
  8
0
 10
207.625400
 20
15.293750
 42
-0.182303
  0
VERTEX
  8
0
 10
207.413961
 20
15.078288
 42
-0.108972
  0
VERTEX
  8
0
 10
207.059017
 20
15.000000
 42
-0.093332
  0
VERTEX
  8
0
 10
206.654762
 20
15.076123
 42
-0.096420
  0
VERTEX
  8
0
 10
206.311086
 20
15.293750
 42
-0.099167
  0
VERTEX
  8
0
 10
206.081062
 20
15.618444
 42
-0.105053
  0
VERTEX
  8
0
 10
206.000000
 20
16.000000
 42
-0.042167
  0
VERTEX
  8
0
 10
206.032345
 20
16.382849
 42
-0.061769
  0
VERTEX
  8
0
 10
206.129539
 20
16.706250
 42
-0.081139
  0
VERTEX
  8
0
 10
206.272352
 20
16.925540
 42
-0.210953
  0
VERTEX
  8
0
 10
206.440983
 20
17.000000
 42
-0.151918
  0
VERTEX
  8
0
 10
206.651710
 20
16.934461
 42
-0.038439
  0
VERTEX
  8
0
 10
206.933975
 20
16.706250
 42
-0.035638
  0
VERTEX
  8
0
 10
207.231006
 20
16.382774
 42
-0.029505
  0
SEQEND
  0
POLYLINE
  8
0
 66
1
 70
1
  0
VERTEX
  8
0
 10
198.977764
 20
8.734223
 42
-0.625476
  0
VERTEX
  8
0
 10
198.500169
 20
8.512350
 42
-0.041646
  0
VERTEX
  8
0
 10
197.072625
 20
9.886182
 42
-0.029800
  0
VERTEX
  8
0
 10
195.338208
 20
12.112925
 42
-0.031079
  0
VERTEX
  8
0
 10
193.907247
 20
14.500000
 42
-0.187989
  0
VERTEX
  8
0
 10
193.867625
 20
14.871528
 42
-0.502722
  0
VERTEX
  8
0
 10
194.075815
 20
14.953178
 42
-0.053145
  0
VERTEX
  8
0
 10
194.811303
 20
14.377540
 42
-0.011737
  0
VERTEX
  8
0
 10
195.935697
 20
13.234223
 42
-0.017712
  0
VERTEX
  8
0
 10
197.107345
 20
11.893390
 42
-0.022077
  0
VERTEX
  8
0
 10
198.093329
 20
10.565216
 42
-0.021043
  0
VERTEX
  8
0
 10
198.809791
 20
9.402822
 42
-0.132849
  0
SEQEND
  0
POLYLINE
  8
0
 66
1
 70
1
  0
VERTEX
  8
0
 10
333.361626
 20
12.500000
 42
-0.049166
  0
VERTEX
  8
0
 10
333.519532
 20
11.925320
 42
-0.089820
  0
VERTEX
  8
0
 10
333.515044
 20
11.440625
 42
-0.139550
  0
VERTEX
  8
0
 10
333.355341
 20
11.122874
 42
-0.209945
  0
VERTEX
  8
0
 10
333.075604
 20
11.000000
 42
-0.142471
  0
VERTEX
  8
0
 10
332.703798
 20
11.108138
 42
-0.060245
  0
VERTEX
  8
0
 10
332.297997
 20
11.440625
 42
-0.052856
  0
VERTEX
  8
0
 10
331.922397
 20
11.926166
 42
-0.046632
  0
VERTEX
  8
0
 10
331.638374
 20
12.500000
 42
-0.049166
  0
VERTEX
  8
0
 10
331.480468
 20
13.074680
 42
-0.089820
  0
VERTEX
  8
0
 10
331.484956
 20
13.559375
 42
-0.139550
  0
VERTEX
  8
0
 10
331.644659
 20
13.877126
 42
-0.209945
  0
VERTEX
  8
0
 10
331.924396
 20
14.000000
 42
-0.142471
  0
VERTEX
  8
0
 10
332.296202
 20
13.891862
 42
-0.060245
  0
VERTEX
  8
0
 10
332.702003
 20
13.559375
 42
-0.052856
  0
VERTEX
  8
0
 10
333.077603
 20
13.073834
 42
-0.046632
  0
SEQEND
  0
POLYLINE
  8
0
 66
1
 70
1
  0
VERTEX
  8
0
 10
345.000000
 20
11.000000
 42
-0.095842
  0
VERTEX
  8
0
 10
344.802000
 20
9.976540
 42
-0.184755
  0
VERTEX
  8
0
 10
344.242623
 20
9.373183
 42
-0.097853
  0
VERTEX
  8
0
 10
343.130514
 20
9.074084
 42
-0.016913
  0
VERTEX
  8
0
 10
340.940983
 20
9.000000
 42
-0.019531
  0
VERTEX
  8
0
 10
339.311372
 20
9.063682
 42
-0.051222
  0
VERTEX
  8
0
 10
338.161260
 20
9.273526
 42
-0.106919
  0
VERTEX
  8
0
 10
337.562569
 20
9.597376
 42
-0.369423
  0
VERTEX
  8
0
 10
337.500000
 20
10.000000
 42
-0.128561
  0
VERTEX
  8
0
 10
337.903211
 20
10.384387
 42
-0.046040
  0
VERTEX
  8
0
 10
338.636189
 20
10.706250
 42
-0.041947
  0
VERTEX
  8
0
 10
339.542916
 20
10.926129
 42
-0.038534
  0
VERTEX
  8
0
 10
340.500000
 20
11.000000
 42
0.038534
  0
VERTEX
  8
0
 10
341.457084
 20
11.073871
 42
0.041947
  0
VERTEX
  8
0
 10
342.363811
 20
11.293750
 42
0.046040
  0
VERTEX
  8
0
 10
343.096789
 20
11.615613
 42
0.128561
  0
VERTEX
  8
0
 10
343.500000
 20
12.000000
 42
-0.048769
  0
VERTEX
  8
0
 10
344.146255
 20
12.848285
 42
-0.367951
  0
VERTEX
  8
0
 10
344.609439
 20
12.902796
 42
-0.222490
  0
VERTEX
  8
0
 10
344.926001
 20
12.380567
 42
-0.026781
  0
SEQEND
  0
POLYLINE
  8
0
 66
1
 70
1
  0
VERTEX
  8
0
 10
118.000000
 20
10.440983
 42
-0.066118
  0
VERTEX
  8
0
 10
117.926733
 20
9.889346
 42
-0.138808
  0
VERTEX
  8
0
 10
117.706250
 20
9.521475
 42
-0.191142
  0
VERTEX
  8
0
 10
117.379648
 20
9.392057
 42
-0.139169
  0
VERTEX
  8
0
 10
117.000000
 20
9.500000
 42
-0.060810
  0
VERTEX
  8
0
 10
116.617485
 20
9.806203
 42
-0.051032
  0
VERTEX
  8
0
 10
116.293750
 20
10.212900
 42
-0.053229
  0
VERTEX
  8
0
 10
116.073302
 20
10.653442
 42
-0.089642
  0
VERTEX
  8
0
 10
116.000000
 20
11.059017
 42
-0.105429
  0
VERTEX
  8
0
 10
116.076556
 20
11.418051
 42
-0.099231
  0
VERTEX
  8
0
 10
116.293750
 20
11.723586
 42
-0.096318
  0
VERTEX
  8
0
 10
116.618268
 20
11.928382
 42
-0.092995
  0
VERTEX
  8
0
 10
117.000000
 20
12.000000
 42
-0.153634
  0
VERTEX
  8
0
 10
117.381379
 20
11.879982
 42
-0.097988
  0
VERTEX
  8
0
 10
117.706250
 20
11.542039
 42
-0.080552
  0
VERTEX
  8
0
 10
117.925455
 20
11.037096
 42
-0.062283
  0
SEQEND
  0
POLYLINE
  8
0
 66
1
 70
1
  0
VERTEX
  8
0
 10
152.622197
 20
9.133409
 42
-0.015571
  0
VERTEX
  8
0
 10
152.690082
 20
8.710146
 42
-0.258562
  0
VERTEX
  8
0
 10
152.639261
 20
8.582218
 42
-0.452310
  0
VERTEX
  8
0
 10
152.540949
 20
8.598381
 42
-0.022599
  0
VERTEX
  8
0
 10
152.360392
 20
8.918823
 42
0.125399
  0
VERTEX
  8
0
 10
152.071805
 20
9.249575
 42
0.089854
  0
VERTEX
  8
0
 10
151.622673
 20
9.452655
 42
0.080479
  0
VERTEX
  8
0
 10
151.083179
 20
9.498521
 42
0.072780
  0
VERTEX
  8
0
 10
150.536543
 20
9.375649
 42
-0.082124
  0
VERTEX
  8
0
 10
149.976928
 20
9.260737
 42
-0.078099
  0
VERTEX
  8
0
 10
149.399763
 20
9.328714
 42
-0.081743
  0
VERTEX
  8
0
 10
148.894054
 20
9.564475
 42
-0.104845
  0
VERTEX
  8
0
 10
148.540269
 20
9.934843
 42
-0.166547
  0
VERTEX
  8
0
 10
148.446795
 20
10.346069
 42
-0.265229
  0
VERTEX
  8
0
 10
148.652232
 20
10.630767
 42
-0.114580
  0
VERTEX
  8
0
 10
149.216889
 20
10.744662
 42
-0.030588
  0
VERTEX
  8
0
 10
150.136316
 20
10.661426
 42
-0.046418
  0
VERTEX
  8
0
 10
151.017047
 20
10.441961
 42
-0.053592
  0
VERTEX
  8
0
 10
151.798001
 20
10.070420
 42
-0.061556
  0
VERTEX
  8
0
 10
152.371894
 20
9.611909
 42
-0.146936
  0
SEQEND
  0
POLYLINE
  8
0
 66
1
 70
1
  0
VERTEX
  8
0
 10
164.000000
 20
8.881966
 42
-0.117858
  0
VERTEX
  8
0
 10
163.920761
 20
8.550471
 42
-0.186277
  0
VERTEX
  8
0
 10
163.706250
 20
8.357263
 42
-0.154201
  0
VERTEX
  8
0
 10
163.382383
 20
8.338175
 42
-0.076764
  0
VERTEX
  8
0
 10
163.000000
 20
8.500000
 42
-0.064269
  0
VERTEX
  8
0
 10
162.617474
 20
8.810561
 42
-0.051777
  0
VERTEX
  8
0
 10
162.293750
 20
9.230237
 42
-0.053414
  0
VERTEX
  8
0
 10
162.073533
 20
9.689814
 42
-0.085235
  0
VERTEX
  8
0
 10
162.000000
 20
10.118034
 42
-0.117858
  0
VERTEX
  8
0
 10
162.079239
 20
10.449529
 42
-0.186277
  0
VERTEX
  8
0
 10
162.293750
 20
10.642737
 42
-0.154201
  0
VERTEX
  8
0
 10
162.617617
 20
10.661825
 42
-0.076764
  0
VERTEX
  8
0
 10
163.000000
 20
10.500000
 42
-0.064269
  0
VERTEX
  8
0
 10
163.382526
 20
10.189439
 42
-0.051777
  0
VERTEX
  8
0
 10
163.706250
 20
9.769763
 42
-0.053414
  0
VERTEX
  8
0
 10
163.926467
 20
9.310186
 42
-0.085235
  0
SEQEND
  0
POLYLINE
  8
0
 66
1
 70
1
  0
VERTEX
  8
0
 10
184.000000
 20
9.833333
 42
-0.112153
  0
VERTEX
  8
0
 10
183.927786
 20
9.515437
 42
-0.100145
  0
VERTEX
  8
0
 10
183.723586
 20
9.244792
 42
-0.094392
  0
VERTEX
  8
0
 10
183.418314
 20
9.063221
 42
-0.087308
  0
VERTEX
  8
0
 10
183.059017
 20
9.000000
 42
-0.076861
  0
VERTEX
  8
0
 10
182.660916
 20
9.061561
 42
-0.053298
  0
VERTEX
  8
0
 10
182.243158
 20
9.244792
 42
-0.052880
  0
VERTEX
  8
0
 10
181.869696
 20
9.514519
 42
-0.071639
  0
VERTEX
  8
0
 10
181.603006
 20
9.833333
 42
-0.162770
  0
VERTEX
  8
0
 10
181.528782
 20
10.149103
 42
-0.190804
  0
VERTEX
  8
0
 10
181.666970
 20
10.421875
 42
-0.124167
  0
VERTEX
  8
0
 10
182.023273
 20
10.606344
 42
-0.057730
  0
VERTEX
  8
0
 10
182.543989
 20
10.666667
 42
-0.055286
  0
VERTEX
  8
0
 10
183.100961
 20
10.604892
 42
-0.074868
  0
VERTEX
  8
0
 10
183.572297
 20
10.421875
 42
-0.094314
  0
VERTEX
  8
0
 10
183.888458
 20
10.151276
 42
-0.170324
  0
SEQEND
  0
POLYLINE
  8
0
 66
1
 70
1
  0
VERTEX
  8
0
 10
223.801764
 20
9.531570
 42
-0.551876
  0
VERTEX
  8
0
 10
223.726553
 20
9.200169
 42
-0.052514
  0
VERTEX
  8
0
 10
222.740412
 20
8.964968
 42
-0.025194
  0
VERTEX
  8
0
 10
220.891234
 20
8.818905
 42
-0.007112
  0
VERTEX
  8
0
 10
218.000000
 20
8.777778
 42
-0.007510
  0
VERTEX
  8
0
 10
216.121163
 20
8.805999
 42
-0.087846
  0
VERTEX
  8
0
 10
215.406208
 20
8.954864
 42
-0.331042
  0
VERTEX
  8
0
 10
215.208578
 20
9.276557
 42
-0.116801
  0
VERTEX
  8
0
 10
215.389909
 20
9.821870
 42
-0.251619
  0
VERTEX
  8
0
 10
216.301125
 20
10.348714
 42
-0.016430
  0
VERTEX
  8
0
 10
219.453323
 20
10.343541
 42
-0.018891
  0
VERTEX
  8
0
 10
222.582833
 20
10.116964
 42
-0.170459
  0
SEQEND
  0
POLYLINE
  8
0
 66
1
 70
1
  0
VERTEX
  8
0
 10
310.500000
 20
10.000000
 42
-0.109916
  0
VERTEX
  8
0
 10
310.632782
 20
9.618109
 42
-0.180417
  0
VERTEX
  8
0
 10
310.551963
 20
9.289739
 42
-0.159285
  0
VERTEX
  8
0
 10
310.262667
 20
9.066806
 42
-0.082741
  0
VERTEX
  8
0
 10
309.809017
 20
8.986345
 42
0.029720
  0
VERTEX
  8
0
 10
309.153087
 20
8.940452
 42
0.010571
  0
VERTEX
  8
0
 10
308.223586
 20
8.799577
 42
0.010447
  0
VERTEX
  8
0
 10
307.207420
 20
8.601566
 42
0.012124
  0
VERTEX
  8
0
 10
306.250000
 20
8.369714
 42
-0.039379
  0
VERTEX
  8
0
 10
305.364891
 20
8.205797
 42
-0.074959
  0
VERTEX
  8
0
 10
304.643242
 20
8.238464
 42
-0.118187
  0
VERTEX
  8
0
 10
304.175442
 20
8.453095
 42
-0.230286
  0
VERTEX
  8
0
 10
304.000000
 20
8.813818
 42
-0.181781
  0
VERTEX
  8
0
 10
304.162670
 20
9.246467
 42
-0.067493
  0
VERTEX
  8
0
 10
304.660937
 20
9.680620
 42
-0.055581
  0
VERTEX
  8
0
 10
305.388911
 20
10.051244
 42
-0.042423
  0
VERTEX
  8
0
 10
306.250000
 20
10.294267
 42
0.000120
  0
VERTEX
  8
0
 10
307.162088
 20
10.470170
 42
0.000134
  0
VERTEX
  8
0
 10
308.042039
 20
10.640337
 42
0.000123
  0
VERTEX
  8
0
 10
308.792273
 20
10.785819
 42
0.000702
  0
VERTEX
  8
0
 10
309.190983
 20
10.863818
 42
-0.131781
  0
VERTEX
  8
0
 10
309.500766
 20
10.842888
 42
-0.063532
  0
VERTEX
  8
0
 10
309.860537
 20
10.666247
 42
-0.056408
  0
VERTEX
  8
0
 10
310.212297
 20
10.372361
 42
-0.052179
  0
SEQEND
  0
POLYLINE
  8
0
 66
1
 70
1
  0
VERTEX
  8
0
 10
214.000000
 20
378.606989
 42
0.222225
  0
VERTEX
  8
0
 10
214.087111
 20
378.420671
 42
0.030693
  0
VERTEX
  8
0
 10
214.440625
 20
378.160341
 42
0.030395
  0
VERTEX
  8
0
 10
214.925442
 20
377.887494
 42
0.021360
  0
VERTEX
  8
0
 10
215.500000
 20
377.638374
 42
0.055937
  0
VERTEX
  8
0
 10
216.074366
 20
377.488865
 42
0.100118
  0
VERTEX
  8
0
 10
216.559375
 20
377.516384
 42
0.147206
  0
VERTEX
  8
0
 10
216.877514
 20
377.710807
 42
0.184534
  0
VERTEX
  8
0
 10
217.000000
 20
378.031385
 42
0.152681
  0
VERTEX
  8
0
 10
216.884506
 20
378.400789
 42
0.098158
  0
VERTEX
  8
0
 10
216.559375
 20
378.715469
 42
0.080880
  0
VERTEX
  8
0
 10
216.073532
 20
378.927770
 42
0.062722
  0
VERTEX
  8
0
 10
215.500000
 20
379.000000
 42
0.024748
  0
VERTEX
  8
0
 10
214.925176
 20
378.971531
 42
0.039339
  0
VERTEX
  8
0
 10
214.440625
 20
378.884553
 42
0.046727
  0
VERTEX
  8
0
 10
214.096084
 20
378.758929
 42
0.289661
  0
SEQEND
  0
POLYLINE
  8
0
 66
1
 70
1
  0
VERTEX
  8
0
 10
159.408505
 20
291.636016
 42
-0.046156
  0
VERTEX
  8
0
 10
159.572291
 20
289.883747
 42
-0.070213
  0
VERTEX
  8
0
 10
159.360428
 20
288.372051
 42
-0.061590
  0
VERTEX
  8
0
 10
158.709094
 20
286.842022
 42
-0.027543
  0
VERTEX
  8
0
 10
157.507069
 20
285.009581
 42
0.061090
  0
VERTEX
  8
0
 10
155.583711
 20
281.599976
 42
0.128035
  0
VERTEX
  8
0
 10
155.171209
 20
278.605478
 42
0.103883
  0
VERTEX
  8
0
 10
156.257561
 20
275.379408
 42
0.032054
  0
VERTEX
  8
0
 10
159.151737
 20
271.111780
 42
0.000000
  0
VERTEX
  8
0
 10
161.005288
 20
268.723560
 42
0.000000
  0
VERTEX
  8
0
 10
160.377644
 20
271.861780
 42
-0.051451
  0
VERTEX
  8
0
 10
160.152334
 20
274.236786
 42
-0.402014
  0
VERTEX
  8
0
 10
160.857729
 20
274.960309
 42
-0.251236
  0
VERTEX
  8
0
 10
162.046662
 20
274.373206
 42
-0.035661
  0
VERTEX
  8
0
 10
163.516908
 20
271.967304
 42
0.030864
  0
VERTEX
  8
0
 10
164.186454
 20
270.847687
 42
0.049557
  0
VERTEX
  8
0
 10
164.902372
 20
269.997198
 42
0.065724
  0
VERTEX
  8
0
 10
165.557229
 20
269.508808
 42
0.272221
  0
VERTEX
  8
0
 10
166.031134
 20
269.519242
 42
-0.156921
  0
VERTEX
  8
0
 10
166.337627
 20
269.594984
 42
-0.323896
  0
VERTEX
  8
0
 10
166.517497
 20
269.444861
 42
-0.122694
  0
VERTEX
  8
0
 10
166.519430
 20
269.030367
 42
-0.031737
  0
VERTEX
  8
0
 10
166.318607
 20
268.387893
 42
0.028744
  0
VERTEX
  8
0
 10
166.100100
 20
267.703252
 42
0.145153
  0
VERTEX
  8
0
 10
166.114714
 20
267.306620
 42
0.353620
  0
VERTEX
  8
0
 10
166.317748
 20
267.177658
 42
0.110361
  0
VERTEX
  8
0
 10
166.683779
 20
267.304564
 42
-0.211685
  0
VERTEX
  8
0
 10
167.332122
 20
267.393527
 42
-0.025433
  0
VERTEX
  8
0
 10
168.730432
 20
266.911913
 42
-0.026729
  0
VERTEX
  8
0
 10
170.412976
 20
266.128011
 42
-0.018935
  0
VERTEX
  8
0
 10
172.213635
 20
265.079471
 42
0.043865
  0
VERTEX
  8
0
 10
176.256068
 20
262.987761
 42
0.030413
  0
VERTEX
  8
0
 10
181.128369
 20
261.324212
 42
0.023782
  0
VERTEX
  8
0
 10
185.574471
 20
260.326913
 42
0.365772
  0
VERTEX
  8
0
 10
186.833333
 20
261.061481
 42
-0.201962
  0
VERTEX
  8
0
 10
187.165384
 20
261.425257
 42
-0.041608
  0
VERTEX
  8
0
 10
187.998958
 20
261.728808
 42
-0.037649
  0
VERTEX
  8
0
 10
189.096366
 20
261.940773
 42
-0.027683
  0
VERTEX
  8
0
 10
190.333333
 20
262.015313
 42
0.010871
  0
VERTEX
  8
0
 10
191.905429
 20
262.057103
 42
0.121929
  0
VERTEX
  8
0
 10
192.499809
 20
262.235106
 42
0.473360
  0
VERTEX
  8
0
 10
192.545881
 20
262.533993
 42
0.066544
  0
VERTEX
  8
0
 10
192.000000
 20
263.000000
 42
-0.032412
  0
VERTEX
  8
0
 10
191.494098
 20
263.375516
 42
-0.129670
  0
VERTEX
  8
0
 10
191.275121
 20
263.689119
 42
-0.347537
  0
VERTEX
  8
0
 10
191.342167
 20
263.893283
 42
-0.143751
  0
VERTEX
  8
0
 10
191.638709
 20
263.984687
 42
0.222160
  0
VERTEX
  8
0
 10
192.120268
 20
264.217702
 42
0.050822
  0
VERTEX
  8
0
 10
192.630188
 20
264.993714
 42
0.043220
  0
VERTEX
  8
0
 10
193.087564
 20
266.095702
 42
0.030404
  0
VERTEX
  8
0
 10
193.414919
 20
267.398170
 42
-0.037370
  0
VERTEX
  8
0
 10
193.864500
 20
269.087165
 42
-0.086281
  0
VERTEX
  8
0
 10
194.500088
 20
270.231511
 42
-0.097379
  0
VERTEX
  8
0
 10
195.429971
 20
271.010813
 42
-0.057383
  0
VERTEX
  8
0
 10
196.776210
 20
271.562208
 42
-0.010823
  0
VERTEX
  8
0
 10
197.870728
 20
271.844548
 42
-0.013188
  0
VERTEX
  8
0
 10
198.906847
 20
272.059367
 42
-0.011748
  0
VERTEX
  8
0
 10
199.780888
 20
272.195548
 42
-0.085036
  0
VERTEX
  8
0
 10
200.204544
 20
272.179190
 42
0.014793
  0
VERTEX
  8
0
 10
200.646020
 20
272.099459
 42
0.001604
  0
VERTEX
  8
0
 10
201.670169
 20
271.948985
 42
0.001966
  0
VERTEX
  8
0
 10
202.891085
 20
271.778497
 42
0.001584
  0
VERTEX
  8
0
 10
204.204544
 20
271.604588
 42
-0.018475
  0
VERTEX
  8
0
 10
205.684006
 20
271.357602
 42
-0.011225
  0
VERTEX
  8
0
 10
207.413210
 20
270.962171
 42
-0.011242
  0
VERTEX
  8
0
 10
209.113166
 20
270.492165
 42
-0.019434
  0
VERTEX
  8
0
 10
210.500000
 20
270.015453
 42
0.038374
  0
VERTEX
  8
0
 10
212.158769
 20
269.514597
 42
0.057194
  0
VERTEX
  8
0
 10
213.665082
 20
269.360015
 42
0.051559
  0
VERTEX
  8
0
 10
215.277865
 20
269.546350
 42
0.024973
  0
VERTEX
  8
0
 10
217.282618
 20
270.096841
 42
0.017481
  0
VERTEX
  8
0
 10
218.915296
 20
270.698152
 42
0.073710
  0
VERTEX
  8
0
 10
219.810722
 20
271.228821
 42
0.228945
  0
VERTEX
  8
0
 10
220.031501
 20
271.699592
 42
0.256836
  0
VERTEX
  8
0
 10
219.787489
 20
272.131339
 42
-0.097241
  0
VERTEX
  8
0
 10
219.292348
 20
272.590256
 42
-0.238776
  0
VERTEX
  8
0
 10
219.215144
 20
273.066532
 42
-0.132166
  0
VERTEX
  8
0
 10
219.573587
 20
273.624669
 42
-0.025958
  0
VERTEX
  8
0
 10
220.504871
 20
274.385811
 42
0.016887
  0
VERTEX
  8
0
 10
221.723850
 20
275.345750
 42
0.306089
  0
VERTEX
  8
0
 10
221.852233
 20
275.799226
 42
0.215975
  0
VERTEX
  8
0
 10
221.484113
 20
276.199485
 42
0.009277
  0
VERTEX
  8
0
 10
219.666084
 20
276.932450
 42
0.041082
  0
VERTEX
  8
0
 10
217.707500
 20
277.501085
 42
0.105864
  0
VERTEX
  8
0
 10
216.242156
 20
277.485701
 42
0.176086
  0
VERTEX
  8
0
 10
215.348619
 20
276.912924
 42
0.164500
  0
VERTEX
  8
0
 10
215.000000
 20
275.881966
 42
0.143682
  0
VERTEX
  8
0
 10
215.094259
 20
275.560726
 42
0.191478
  0
VERTEX
  8
0
 10
215.339137
 20
275.385314
 42
0.135818
  0
VERTEX
  8
0
 10
215.712375
 20
275.395305
 42
0.064296
  0
VERTEX
  8
0
 10
216.154508
 20
275.595492
 42
-0.029004
  0
VERTEX
  8
0
 10
216.613152
 20
275.843426
 42
-0.315645
  0
VERTEX
  8
0
 10
216.809017
 20
275.809017
 42
-0.315645
  0
VERTEX
  8
0
 10
216.843426
 20
275.613152
 42
-0.029004
  0
VERTEX
  8
0
 10
216.595492
 20
275.154508
 42
-0.145565
  0
VERTEX
  8
0
 10
215.560380
 20
274.231664
 42
-0.159564
  0
VERTEX
  8
0
 10
214.228903
 20
274.067653
 42
-0.151928
  0
VERTEX
  8
0
 10
213.010294
 20
274.726194
 42
-0.130234
  0
VERTEX
  8
0
 10
212.289749
 20
276.000000
 42
0.080266
  0
VERTEX
  8
0
 10
211.952140
 20
276.764263
 42
0.072861
  0
VERTEX
  8
0
 10
211.381729
 20
277.412500
 42
0.075734
  0
VERTEX
  8
0
 10
210.673025
 20
277.849481
 42
0.100676
  0
VERTEX
  8
0
 10
209.933059
 20
278.000000
 42
-0.082607
  0
VERTEX
  8
0
 10
209.156135
 20
278.129241
 42
-0.055189
  0
VERTEX
  8
0
 10
208.338609
 20
278.514063
 42
-0.054083
  0
VERTEX
  8
0
 10
207.606016
 20
279.080607
 42
-0.069374
  0
VERTEX
  8
0
 10
207.080099
 20
279.750000
 42
0.026406
  0
VERTEX
  8
0
 10
206.684392
 20
280.353698
 42
0.098767
  0
VERTEX
  8
0
 10
206.351299
 20
280.658385
 42
0.341664
  0
VERTEX
  8
0
 10
206.139437
 20
280.634028
 42
0.195072
  0
VERTEX
  8
0
 10
206.030409
 20
280.384928
 42
-0.429247
  0
VERTEX
  8
0
 10
204.764873
 20
279.246423
 42
-0.020355
  0
VERTEX
  8
0
 10
198.456853
 20
280.000785
 42
-0.026138
  0
VERTEX
  8
0
 10
192.042839
 20
281.381240
 42
-0.108600
  0
VERTEX
  8
0
 10
188.553747
 20
283.200395
 42
-0.193603
  0
VERTEX
  8
0
 10
188.326158
 20
283.625684
 42
-0.133454
  0
VERTEX
  8
0
 10
188.412300
 20
284.171780
 42
-0.086000
  0
VERTEX
  8
0
 10
188.833303
 20
284.795999
 42
-0.042536
  0
VERTEX
  8
0
 10
189.553747
 20
285.428933
 42
0.124216
  0
VERTEX
  8
0
 10
190.585837
 20
286.685002
 42
0.322284
  0
VERTEX
  8
0
 10
190.384300
 20
287.774641
 42
0.102673
  0
VERTEX
  8
0
 10
188.664561
 20
288.852181
 42
0.013011
  0
VERTEX
  8
0
 10
184.500000
 20
290.274367
 42
0.015207
  0
VERTEX
  8
0
 10
177.887198
 20
292.123374
 42
0.024737
  0
VERTEX
  8
0
 10
172.166090
 20
293.240102
 42
0.027008
  0
VERTEX
  8
0
 10
167.619365
 20
293.647224
 42
0.132441
  0
VERTEX
  8
0
 10
165.129688
 20
293.069407
 42
-0.032131
  0
VERTEX
  8
0
 10
164.312468
 20
292.697421
 42
-0.064944
  0
VERTEX
  8
0
 10
163.625596
 20
292.534266
 42
-0.117767
  0
VERTEX
  8
0
 10
163.175190
 20
292.593586
 42
-0.310814
  0
VERTEX
  8
0
 10
163.000000
 20
292.848185
 42
0.182687
  0
VERTEX
  8
0
 10
162.852050
 20
293.239599
 42
0.059526
  0
VERTEX
  8
0
 10
162.383547
 20
293.658119
 42
0.050131
  0
VERTEX
  8
0
 10
161.704660
 20
294.037876
 42
0.038535
  0
VERTEX
  8
0
 10
160.901437
 20
294.315524
 42
0.043264
  0
VERTEX
  8
0
 10
159.733060
 20
294.515247
 42
0.294415
  0
VERTEX
  8
0
 10
159.240717
 20
294.252753
 42
0.161483
  0
VERTEX
  8
0
 10
159.104286
 20
293.536119
 42
0.013344
  0
SEQEND
  0
POLYLINE
  8
0
 66
1
 70
1
  0
VERTEX
  8
0
 10
161.685134
 20
285.621855
 42
0.091881
  0
VERTEX
  8
0
 10
161.569341
 20
284.996750
 42
0.058457
  0
VERTEX
  8
0
 10
161.655870
 20
284.259725
 42
0.056201
  0
VERTEX
  8
0
 10
161.919321
 20
283.528782
 42
0.066708
  0
VERTEX
  8
0
 10
162.328145
 20
282.920083
 42
-0.003329
  0
VERTEX
  8
0
 10
162.984720
 20
282.168448
 42
-0.609136
  0
VERTEX
  8
0
 10
162.953984
 20
282.092132
 42
-0.185134
  0
VERTEX
  8
0
 10
162.789471
 20
282.138093
 42
-0.001896
  0
VERTEX
  8
0
 10
161.809441
 20
282.871341
 42
-0.129827
  0
VERTEX
  8
0
 10
160.990011
 20
283.913214
 42
-0.096580
  0
VERTEX
  8
0
 10
160.675480
 20
285.348847
 42
-0.126076
  0
VERTEX
  8
0
 10
160.950583
 20
286.536016
 42
-0.280060
  0
VERTEX
  8
0
 10
161.713978
 20
287.000000
 42
-0.318186
  0
VERTEX
  8
0
 10
161.863917
 20
286.893834
 42
-0.090117
  0
VERTEX
  8
0
 10
161.911755
 20
286.595170
 42
-0.056234
  0
VERTEX
  8
0
 10
161.852126
 20
286.150412
 42
-0.030205
  0
SEQEND
  0
POLYLINE
  8
0
 66
1
 70
1
  0
VERTEX
  8
0
 10
159.250000
 20
280.337719
 42
-0.057986
  0
VERTEX
  8
0
 10
158.679992
 20
280.181385
 42
-0.037979
  0
VERTEX
  8
0
 10
158.000000
 20
280.129660
 42
-0.037979
  0
VERTEX
  8
0
 10
157.320008
 20
280.181385
 42
-0.057986
  0
VERTEX
  8
0
 10
156.750000
 20
280.337719
 42
-0.174857
  0
VERTEX
  8
0
 10
156.540618
 20
280.525001
 42
-0.447206
  0
VERTEX
  8
0
 10
156.601562
 20
280.693942
 42
-0.078554
  0
VERTEX
  8
0
 10
157.108560
 20
280.810911
 42
-0.017491
  0
VERTEX
  8
0
 10
158.000000
 20
280.842105
 42
-0.017491
  0
VERTEX
  8
0
 10
158.891440
 20
280.810911
 42
-0.078554
  0
VERTEX
  8
0
 10
159.398438
 20
280.693942
 42
-0.447206
  0
VERTEX
  8
0
 10
159.459382
 20
280.525001
 42
-0.174857
  0
SEQEND
  0
POLYLINE
  8
0
 66
1
 70
1
  0
VERTEX
  8
0
 10
197.000000
 20
273.000000
 42
-0.054370
  0
VERTEX
  8
0
 10
195.582896
 20
272.288872
 42
-0.089354
  0
VERTEX
  8
0
 10
194.266300
 20
272.051693
 42
-0.147327
  0
VERTEX
  8
0
 10
193.363212
 20
272.323695
 42
-0.251537
  0
VERTEX
  8
0
 10
193.000000
 20
273.000000
 42
-0.242407
  0
VERTEX
  8
0
 10
193.196990
 20
273.382445
 42
-0.069028
  0
VERTEX
  8
0
 10
193.807813
 20
273.701752
 42
-0.052836
  0
VERTEX
  8
0
 10
194.696678
 20
273.917643
 42
-0.034580
  0
VERTEX
  8
0
 10
195.750000
 20
273.984687
 42
-0.011096
  0
VERTEX
  8
0
 10
197.150937
 20
273.945789
 42
-0.155556
  0
VERTEX
  8
0
 10
197.616929
 20
273.771138
 42
-0.461139
  0
VERTEX
  8
0
 10
197.628119
 20
273.487379
 42
-0.043106
  0
SEQEND
  0
POLYLINE
  8
0
 66
1
 70
1
  0
VERTEX
  8
0
 10
147.738095
 20
280.404762
 42
0.215499
  0
VERTEX
  8
0
 10
147.603328
 20
280.047687
 42
0.079389
  0
VERTEX
  8
0
 10
147.724702
 20
279.510119
 42
0.060377
  0
VERTEX
  8
0
 10
148.068028
 20
278.883327
 42
0.040942
  0
VERTEX
  8
0
 10
148.595238
 20
278.261905
 42
0.040942
  0
VERTEX
  8
0
 10
149.216661
 20
277.734694
 42
0.060377
  0
VERTEX
  8
0
 10
149.843452
 20
277.391369
 42
0.079389
  0
VERTEX
  8
0
 10
150.381021
 20
277.269995
 42
0.215499
  0
VERTEX
  8
0
 10
150.738095
 20
277.404762
 42
0.215499
  0
VERTEX
  8
0
 10
150.872863
 20
277.761836
 42
0.079389
  0
VERTEX
  8
0
 10
150.751488
 20
278.299405
 42
0.060377
  0
VERTEX
  8
0
 10
150.408163
 20
278.926196
 42
0.040942
  0
VERTEX
  8
0
 10
149.880952
 20
279.547619
 42
0.040942
  0
VERTEX
  8
0
 10
149.259530
 20
280.074830
 42
0.060377
  0
VERTEX
  8
0
 10
148.632738
 20
280.418155
 42
0.079389
  0
VERTEX
  8
0
 10
148.095170
 20
280.539529
 42
0.215499
  0
SEQEND
  0
POLYLINE
  8
0
 66
1
 70
1
  0
VERTEX
  8
0
 10
245.812500
 20
263.316886
 42
0.051402
  0
VERTEX
  8
0
 10
246.359369
 20
263.160852
 42
0.054150
  0
VERTEX
  8
0
 10
246.916927
 20
263.123424
 42
0.060344
  0
VERTEX
  8
0
 10
247.402231
 20
263.202593
 42
0.126455
  0
VERTEX
  8
0
 10
247.729167
 20
263.395833
 42
0.296942
  0
VERTEX
  8
0
 10
247.775380
 20
263.614691
 42
0.208169
  0
VERTEX
  8
0
 10
247.592839
 20
263.799335
 42
0.077125
  0
VERTEX
  8
0
 10
247.112848
 20
263.910055
 42
0.028489
  0
VERTEX
  8
0
 10
246.416667
 20
263.921053
 42
0.018894
  0
VERTEX
  8
0
 10
245.670344
 20
263.862007
 42
0.168741
  0
VERTEX
  8
0
 10
245.378580
 20
263.720685
 42
0.470617
  0
VERTEX
  8
0
 10
245.395823
 20
263.538436
 42
0.054073
  0
SEQEND
  0
POLYLINE
  8
0
 66
1
 70
1
  0
VERTEX
  8
0
 10
173.483154
 20
244.033244
 42
-0.014431
  0
VERTEX
  8
0
 10
174.446614
 20
241.987593
 42
-0.015757
  0
VERTEX
  8
0
 10
175.260677
 20
239.948209
 42
-0.015362
  0
VERTEX
  8
0
 10
175.846094
 20
238.167102
 42
-0.071832
  0
VERTEX
  8
0
 10
176.000000
 20
237.101338
 42
0.108931
  0
VERTEX
  8
0
 10
176.197332
 20
236.206321
 42
0.045285
  0
VERTEX
  8
0
 10
176.820556
 20
235.129164
 42
0.041978
  0
VERTEX
  8
0
 10
177.724631
 20
234.053487
 42
0.042320
  0
VERTEX
  8
0
 10
178.793382
 20
233.147125
 42
-0.044909
  0
VERTEX
  8
0
 10
180.257213
 20
231.892649
 42
-0.008807
  0
VERTEX
  8
0
 10
182.634713
 20
229.365487
 42
-0.009280
  0
VERTEX
  8
0
 10
185.307479
 20
226.310227
 42
-0.008486
  0
VERTEX
  8
0
 10
187.947633
 20
223.066615
 42
0.006785
  0
VERTEX
  8
0
 10
191.987021
 20
218.069324
 42
0.047139
  0
VERTEX
  8
0
 10
194.213391
 20
215.852596
 42
0.722654
  0
VERTEX
  8
0
 10
194.680401
 20
216.147028
 42
0.063183
  0
VERTEX
  8
0
 10
193.899213
 20
218.164354
 42
-0.026349
  0
VERTEX
  8
0
 10
193.397259
 20
219.222406
 42
-0.017865
  0
VERTEX
  8
0
 10
192.934035
 20
220.473682
 42
-0.018032
  0
VERTEX
  8
0
 10
192.572529
 20
221.717876
 42
-0.034027
  0
VERTEX
  8
0
 10
192.386833
 20
222.746053
 42
0.015459
  0
VERTEX
  8
0
 10
192.241052
 20
223.768913
 42
0.008830
  0
VERTEX
  8
0
 10
192.005178
 20
224.994425
 42
0.008813
  0
VERTEX
  8
0
 10
191.724078
 20
226.220184
 42
0.014443
  0
VERTEX
  8
0
 10
191.438017
 20
227.246053
 42
0.089023
  0
VERTEX
  8
0
 10
189.801609
 20
230.401593
 42
0.005682
  0
VERTEX
  8
0
 10
183.338814
 20
238.603689
 42
0.004464
  0
VERTEX
  8
0
 10
176.581759
 20
246.830204
 42
0.127642
  0
VERTEX
  8
0
 10
174.366220
 20
248.412963
 42
0.047593
  0
VERTEX
  8
0
 10
172.475680
 20
248.938818
 42
0.407557
  0
VERTEX
  8
0
 10
171.816970
 20
248.490266
 42
0.156650
  0
VERTEX
  8
0
 10
171.959409
 20
247.221703
 42
0.011609
  0
SEQEND
  0
POLYLINE
  8
0
 66
1
 70
1
  0
VERTEX
  8
0
 10
171.078947
 20
210.416667
 42
0.018894
  0
VERTEX
  8
0
 10
171.137993
 20
209.670344
 42
0.168741
  0
VERTEX
  8
0
 10
171.279315
 20
209.378580
 42
0.470617
  0
VERTEX
  8
0
 10
171.461564
 20
209.395823
 42
0.054073
  0
VERTEX
  8
0
 10
171.683114
 20
209.812500
 42
0.051402
  0
VERTEX
  8
0
 10
171.839148
 20
210.359369
 42
0.054150
  0
VERTEX
  8
0
 10
171.876576
 20
210.916927
 42
0.060344
  0
VERTEX
  8
0
 10
171.797407
 20
211.402231
 42
0.126455
  0
VERTEX
  8
0
 10
171.604167
 20
211.729167
 42
0.296942
  0
VERTEX
  8
0
 10
171.385309
 20
211.775380
 42
0.208169
  0
VERTEX
  8
0
 10
171.200665
 20
211.592839
 42
0.077125
  0
VERTEX
  8
0
 10
171.089945
 20
211.112848
 42
0.028489
  0
SEQEND
  0
POLYLINE
  8
0
 66
1
 70
1
  0
VERTEX
  8
0
 10
198.075589
 20
208.272892
 42
-0.001182
  0
VERTEX
  8
0
 10
198.616479
 20
207.563531
 42
-0.001451
  0
VERTEX
  8
0
 10
199.118134
 20
206.898391
 42
-0.001203
  0
VERTEX
  8
0
 10
199.536836
 20
206.337066
 42
-0.010475
  0
VERTEX
  8
0
 10
199.717032
 20
206.083333
 42
0.479814
  0
VERTEX
  8
0
 10
199.822938
 20
206.074898
 42
0.128922
  0
VERTEX
  8
0
 10
199.916878
 20
206.247218
 42
0.043764
  0
VERTEX
  8
0
 10
199.980630
 20
206.654659
 42
0.016936
  0
VERTEX
  8
0
 10
200.000000
 20
207.226345
 42
0.094374
  0
VERTEX
  8
0
 10
199.877483
 20
207.869665
 42
0.066826
  0
VERTEX
  8
0
 10
199.517826
 20
208.512895
 42
0.064713
  0
VERTEX
  8
0
 10
198.986052
 20
209.058528
 42
0.075796
  0
VERTEX
  8
0
 10
198.358556
 20
209.415903
 42
0.014961
  0
VERTEX
  8
0
 10
197.434489
 20
209.739132
 42
0.433050
  0
VERTEX
  8
0
 10
197.237675
 20
209.628842
 42
0.220455
  0
VERTEX
  8
0
 10
197.297749
 20
209.318625
 42
0.007142
  0
SEQEND
  0
POLYLINE
  8
0
 66
1
 70
1
  0
VERTEX
  8
0
 10
200.000000
 20
203.468615
 42
0.101220
  0
VERTEX
  8
0
 10
200.114629
 20
202.908181
 42
0.098432
  0
VERTEX
  8
0
 10
200.440625
 20
202.431406
 42
0.097416
  0
VERTEX
  8
0
 10
200.927495
 20
202.112001
 42
0.096899
  0
VERTEX
  8
0
 10
201.500000
 20
202.000000
 42
0.057609
  0
VERTEX
  8
0
 10
202.073715
 20
202.066322
 42
0.076852
  0
VERTEX
  8
0
 10
202.559375
 20
202.262322
 42
0.095748
  0
VERTEX
  8
0
 10
202.884842
 20
202.552359
 42
0.164455
  0
VERTEX
  8
0
 10
203.000000
 20
202.893011
 42
0.138750
  0
VERTEX
  8
0
 10
202.891374
 20
203.276919
 42
0.061199
  0
VERTEX
  8
0
 10
202.559375
 20
203.692784
 42
0.053891
  0
VERTEX
  8
0
 10
202.073796
 20
204.075237
 42
0.048303
  0
VERTEX
  8
0
 10
201.500000
 20
204.361626
 42
0.075244
  0
VERTEX
  8
0
 10
200.885039
 20
204.496694
 42
0.151899
  0
VERTEX
  8
0
 10
200.407358
 20
204.382077
 42
0.166113
  0
VERTEX
  8
0
 10
200.106211
 20
204.027855
 42
0.094119
  0
SEQEND
  0
POLYLINE
  8
0
 66
1
 70
1
  0
VERTEX
  8
0
 10
202.333333
 20
199.517739
 42
0.107926
  0
VERTEX
  8
0
 10
202.490265
 20
198.799177
 42
0.033949
  0
VERTEX
  8
0
 10
203.018750
 20
197.826976
 42
0.032127
  0
VERTEX
  8
0
 10
203.773697
 20
196.791587
 42
0.030599
  0
VERTEX
  8
0
 10
204.666667
 20
195.843425
 42
0.022627
  0
VERTEX
  8
0
 10
205.563419
 20
195.074287
 42
0.052340
  0
VERTEX
  8
0
 10
206.314583
 20
194.604274
 42
0.118360
  0
VERTEX
  8
0
 10
206.797107
 20
194.496928
 42
0.409325
  0
VERTEX
  8
0
 10
207.000000
 20
194.703241
 42
0.102212
  0
VERTEX
  8
0
 10
206.899233
 20
195.191022
 42
0.040666
  0
VERTEX
  8
0
 10
206.576836
 20
195.797319
 42
0.038080
  0
VERTEX
  8
0
 10
206.110652
 20
196.415501
 42
0.038973
  0
VERTEX
  8
0
 10
205.559441
 20
196.950668
 42
-0.071608
  0
VERTEX
  8
0
 10
205.049730
 20
197.514418
 42
-0.066075
  0
VERTEX
  8
0
 10
204.702888
 20
198.214179
 42
-0.069970
  0
VERTEX
  8
0
 10
204.564756
 20
198.938286
 42
-0.104173
  0
VERTEX
  8
0
 10
204.666430
 20
199.573113
 42
0.085479
  0
VERTEX
  8
0
 10
204.778567
 20
200.138300
 42
0.147151
  0
VERTEX
  8
0
 10
204.653054
 20
200.597371
 42
0.155597
  0
VERTEX
  8
0
 10
204.302594
 20
200.894355
 42
0.098888
  0
VERTEX
  8
0
 10
203.773655
 20
201.000000
 42
0.102010
  0
VERTEX
  8
0
 10
203.224034
 20
200.886687
 42
0.098596
  0
VERTEX
  8
0
 10
202.756428
 20
200.564586
 42
0.097217
  0
VERTEX
  8
0
 10
202.443136
 20
200.083491
 42
0.096144
  0
SEQEND
  0
POLYLINE
  8
0
 66
1
 70
1
  0
VERTEX
  8
0
 10
250.250000
 20
191.337719
 42
0.161605
  0
VERTEX
  8
0
 10
249.406519
 20
190.621525
 42
0.118456
  0
VERTEX
  8
0
 10
249.028666
 20
189.444276
 42
0.152487
  0
VERTEX
  8
0
 10
249.266132
 20
188.420317
 42
0.266094
  0
VERTEX
  8
0
 10
250.000000
 20
188.000000
 42
0.140362
  0
VERTEX
  8
0
 10
250.381338
 20
188.109202
 42
0.099913
  0
VERTEX
  8
0
 10
250.706250
 20
188.416146
 42
0.085122
  0
VERTEX
  8
0
 10
250.925077
 20
188.875200
 42
0.068857
  0
VERTEX
  8
0
 10
251.000000
 20
189.416667
 42
-0.080074
  0
VERTEX
  8
0
 10
251.093368
 20
189.995939
 42
-0.064399
  0
VERTEX
  8
0
 10
251.367188
 20
190.565351
 42
-0.065245
  0
VERTEX
  8
0
 10
251.772091
 20
191.039141
 42
-0.087674
  0
VERTEX
  8
0
 10
252.250000
 20
191.337719
 42
0.022106
  0
VERTEX
  8
0
 10
252.681352
 20
191.534363
 42
0.161045
  0
VERTEX
  8
0
 10
252.839063
 20
191.693942
 42
0.474363
  0
VERTEX
  8
0
 10
252.788961
 20
191.804438
 42
0.064902
  0
VERTEX
  8
0
 10
252.500000
 20
191.842105
 42
0.037506
  0
VERTEX
  8
0
 10
252.028056
 20
191.806654
 42
0.017645
  0
VERTEX
  8
0
 10
251.426562
 20
191.693942
 42
0.017373
  0
VERTEX
  8
0
 10
250.801747
 20
191.530889
 42
0.023383
  0
SEQEND
  0
POLYLINE
  8
0
 66
1
 70
1
  0
VERTEX
  8
0
 10
240.458881
 20
174.933469
 42
0.054386
  0
VERTEX
  8
0
 10
239.990359
 20
173.950813
 42
0.441210
  0
VERTEX
  8
0
 10
240.201009
 20
173.560407
 42
0.235763
  0
VERTEX
  8
0
 10
240.829127
 20
173.699620
 42
0.036267
  0
VERTEX
  8
0
 10
241.789427
 20
174.600859
 42
0.036357
  0
VERTEX
  8
0
 10
242.217338
 20
175.138842
 42
0.095760
  0
VERTEX
  8
0
 10
242.412089
 20
175.589002
 42
0.218285
  0
VERTEX
  8
0
 10
242.350678
 20
175.873691
 42
0.236389
  0
VERTEX
  8
0
 10
242.098444
 20
176.000000
 42
0.091370
  0
VERTEX
  8
0
 10
241.674786
 20
175.921929
 42
0.053114
  0
VERTEX
  8
0
 10
241.212403
 20
175.686706
 42
0.050715
  0
VERTEX
  8
0
 10
240.783741
 20
175.341431
 42
0.059523
  0
SEQEND
  0
POLYLINE
  8
0
 66
1
 70
1
  0
VERTEX
  8
0
 10
219.000000
 20
158.000000
 42
0.099038
  0
VERTEX
  8
0
 10
219.076342
 20
157.618362
 42
0.097945
  0
VERTEX
  8
0
 10
219.293750
 20
157.293750
 42
0.097945
  0
VERTEX
  8
0
 10
219.618362
 20
157.076342
 42
0.099038
  0
VERTEX
  8
0
 10
220.000000
 20
157.000000
 42
0.099038
  0
VERTEX
  8
0
 10
220.381638
 20
157.076342
 42
0.097945
  0
VERTEX
  8
0
 10
220.706250
 20
157.293750
 42
0.097945
  0
VERTEX
  8
0
 10
220.923658
 20
157.618362
 42
0.099038
  0
VERTEX
  8
0
 10
221.000000
 20
158.000000
 42
0.099038
  0
VERTEX
  8
0
 10
220.923658
 20
158.381638
 42
0.097945
  0
VERTEX
  8
0
 10
220.706250
 20
158.706250
 42
0.097945
  0
VERTEX
  8
0
 10
220.381638
 20
158.923658
 42
0.099038
  0
VERTEX
  8
0
 10
220.000000
 20
159.000000
 42
0.099038
  0
VERTEX
  8
0
 10
219.618362
 20
158.923658
 42
0.097945
  0
VERTEX
  8
0
 10
219.293750
 20
158.706250
 42
0.097945
  0
VERTEX
  8
0
 10
219.076342
 20
158.381638
 42
0.099038
  0
SEQEND
  0
POLYLINE
  8
0
 66
1
 70
1
  0
VERTEX
  8
0
 10
220.500000
 20
155.000000
 42
0.082592
  0
VERTEX
  8
0
 10
220.343488
 20
154.617900
 42
0.161196
  0
VERTEX
  8
0
 10
220.374600
 20
154.293750
 42
0.182303
  0
VERTEX
  8
0
 10
220.586039
 20
154.078288
 42
0.108972
  0
VERTEX
  8
0
 10
220.940983
 20
154.000000
 42
0.093332
  0
VERTEX
  8
0
 10
221.345238
 20
154.076123
 42
0.096420
  0
VERTEX
  8
0
 10
221.688914
 20
154.293750
 42
0.099167
  0
VERTEX
  8
0
 10
221.918938
 20
154.618444
 42
0.105053
  0
VERTEX
  8
0
 10
222.000000
 20
155.000000
 42
0.042167
  0
VERTEX
  8
0
 10
221.967655
 20
155.382849
 42
0.061769
  0
VERTEX
  8
0
 10
221.870461
 20
155.706250
 42
0.081139
  0
VERTEX
  8
0
 10
221.727648
 20
155.925540
 42
0.210953
  0
VERTEX
  8
0
 10
221.559017
 20
156.000000
 42
0.151918
  0
VERTEX
  8
0
 10
221.348290
 20
155.934461
 42
0.038439
  0
VERTEX
  8
0
 10
221.066025
 20
155.706250
 42
0.035638
  0
VERTEX
  8
0
 10
220.768994
 20
155.382774
 42
0.029505
  0
SEQEND
  0
POLYLINE
  8
0
 66
1
 70
1
  0
VERTEX
  8
0
 10
304.000000
 20
100.118034
 42
0.085235
  0
VERTEX
  8
0
 10
304.073533
 20
99.689814
 42
0.053414
  0
VERTEX
  8
0
 10
304.293750
 20
99.230237
 42
0.051777
  0
VERTEX
  8
0
 10
304.617474
 20
98.810561
 42
0.064269
  0
VERTEX
  8
0
 10
305.000000
 20
98.500000
 42
0.076764
  0
VERTEX
  8
0
 10
305.382383
 20
98.338175
 42
0.154201
  0
VERTEX
  8
0
 10
305.706250
 20
98.357263
 42
0.186277
  0
VERTEX
  8
0
 10
305.920761
 20
98.550471
 42
0.117858
  0
VERTEX
  8
0
 10
306.000000
 20
98.881966
 42
0.085235
  0
VERTEX
  8
0
 10
305.926467
 20
99.310186
 42
0.053414
  0
VERTEX
  8
0
 10
305.706250
 20
99.769763
 42
0.051777
  0
VERTEX
  8
0
 10
305.382526
 20
100.189439
 42
0.064269
  0
VERTEX
  8
0
 10
305.000000
 20
100.500000
 42
0.076764
  0
VERTEX
  8
0
 10
304.617617
 20
100.661825
 42
0.154201
  0
VERTEX
  8
0
 10
304.293750
 20
100.642737
 42
0.186277
  0
VERTEX
  8
0
 10
304.079239
 20
100.449529
 42
0.117858
  0
SEQEND
  0
POLYLINE
  8
0
 66
1
 70
1
  0
VERTEX
  8
0
 10
336.964205
 20
59.835646
 42
0.001975
  0
VERTEX
  8
0
 10
336.162300
 20
58.256694
 42
0.323466
  0
VERTEX
  8
0
 10
336.191606
 20
58.074764
 42
0.404836
  0
VERTEX
  8
0
 10
336.354252
 20
58.072152
 42
0.002294
  0
VERTEX
  8
0
 10
337.573661
 20
59.226190
 42
0.032763
  0
VERTEX
  8
0
 10
338.221647
 20
59.931813
 42
0.050910
  0
VERTEX
  8
0
 10
338.671033
 20
60.624340
 42
0.066521
  0
VERTEX
  8
0
 10
338.877288
 20
61.205514
 42
0.253633
  0
VERTEX
  8
0
 10
338.771496
 20
61.561837
 42
0.314606
  0
VERTEX
  8
0
 10
338.448592
 20
61.619194
 42
0.082345
  0
VERTEX
  8
0
 10
337.989204
 20
61.306169
 42
0.053860
  0
VERTEX
  8
0
 10
337.467310
 20
60.687471
 42
0.029819
  0
SEQEND
  0
POLYLINE
  8
0
 66
1
 70
1
  0
VERTEX
  8
0
 10
335.633200
 20
52.147184
 42
0.017038
  0
VERTEX
  8
0
 10
334.724685
 20
51.071813
 42
0.142584
  0
VERTEX
  8
0
 10
334.488663
 20
50.487951
 42
0.267887
  0
VERTEX
  8
0
 10
334.679434
 20
50.063706
 42
0.064671
  0
VERTEX
  8
0
 10
335.383715
 20
49.682996
 42
0.184297
  0
VERTEX
  8
0
 10
336.765911
 20
49.680365
 42
0.123375
  0
VERTEX
  8
0
 10
338.078188
 20
50.593852
 42
0.140289
  0
VERTEX
  8
0
 10
338.702772
 20
51.926018
 42
0.240760
  0
VERTEX
  8
0
 10
338.333990
 20
53.066010
 42
0.147681
  0
VERTEX
  8
0
 10
337.796858
 20
53.353999
 42
0.132476
  0
VERTEX
  8
0
 10
337.164641
 20
53.313161
 42
0.088950
  0
VERTEX
  8
0
 10
336.439343
 20
52.911869
 42
0.038129
  0
SEQEND
  0
POLYLINE
  8
0
 66
1
 70
1
  0
VERTEX
  8
0
 10
337.345077
 20
51.456872
 42
-0.035865
  0
VERTEX
  8
0
 10
337.083816
 20
50.899181
 42
-0.069269
  0
VERTEX
  8
0
 10
336.786868
 20
50.507038
 42
-0.118528
  0
VERTEX
  8
0
 10
336.505460
 20
50.335123
 42
-0.281567
  0
VERTEX
  8
0
 10
336.276326
 20
50.390341
 42
-0.156651
  0
VERTEX
  8
0
 10
336.142323
 20
50.651151
 42
-0.070517
  0
VERTEX
  8
0
 10
336.133355
 20
51.040231
 42
-0.059701
  0
VERTEX
  8
0
 10
336.242038
 20
51.490157
 42
-0.049364
  0
VERTEX
  8
0
 10
336.458881
 20
51.933469
 42
-0.030391
  0
VERTEX
  8
0
 10
337.120758
 20
52.871774
 42
-0.361950
  0
VERTEX
  8
0
 10
337.525317
 20
52.954259
 42
-0.344086
  0
VERTEX
  8
0
 10
337.696703
 20
52.564815
 42
-0.029555
  0
SEQEND
  0
POLYLINE
  8
0
 66
1
 70
1
  0
VERTEX
  8
0
 10
329.369149
 20
44.859653
 42
0.011549
  0
VERTEX
  8
0
 10
328.902679
 20
44.230587
 42
0.006802
  0
VERTEX
  8
0
 10
328.373114
 20
43.458773
 42
0.006802
  0
VERTEX
  8
0
 10
327.864725
 20
42.672816
 42
0.011546
  0
VERTEX
  8
0
 10
327.463742
 20
42.000000
 42
0.008086
  0
VERTEX
  8
0
 10
327.010319
 20
41.166441
 42
0.450288
  0
VERTEX
  8
0
 10
327.066660
 20
41.018628
 42
0.260577
  0
VERTEX
  8
0
 10
327.277476
 20
41.050355
 42
0.005287
  0
VERTEX
  8
0
 10
328.150051
 20
41.741324
 42
-0.034790
  0
VERTEX
  8
0
 10
328.775160
 20
42.178958
 42
-0.050257
  0
VERTEX
  8
0
 10
329.384841
 20
42.466584
 42
-0.062574
  0
VERTEX
  8
0
 10
329.893711
 20
42.577916
 42
-0.222518
  0
VERTEX
  8
0
 10
330.199509
 20
42.467158
 42
0.275072
  0
VERTEX
  8
0
 10
330.496593
 20
42.391764
 42
0.068439
  0
VERTEX
  8
0
 10
330.972620
 20
42.607205
 42
0.050708
  0
VERTEX
  8
0
 10
331.536532
 20
43.047569
 42
0.031212
  0
VERTEX
  8
0
 10
332.107499
 20
43.667792
 42
0.017361
  0
VERTEX
  8
0
 10
332.580568
 20
44.294041
 42
0.098307
  0
VERTEX
  8
0
 10
332.748855
 20
44.674712
 42
0.515418
  0
VERTEX
  8
0
 10
332.644934
 20
44.790474
 42
0.107283
  0
VERTEX
  8
0
 10
332.335410
 20
44.685728
 42
-0.086783
  0
VERTEX
  8
0
 10
331.862528
 20
44.503982
 42
-0.115313
  0
VERTEX
  8
0
 10
331.403655
 20
44.520423
 42
-0.127235
  0
VERTEX
  8
0
 10
331.031445
 20
44.732813
 42
-0.119920
  0
VERTEX
  8
0
 10
330.798859
 20
45.103423
 42
0.105114
  0
VERTEX
  8
0
 10
330.566630
 20
45.498677
 42
0.255077
  0
VERTEX
  8
0
 10
330.256730
 20
45.605041
 42
0.149861
  0
VERTEX
  8
0
 10
329.862644
 20
45.406647
 42
0.036453
  0
SEQEND
  0
POLYLINE
  8
0
 66
1
 70
1
  0
VERTEX
  8
0
 10
341.872445
 20
43.250000
 42
0.001576
  0
VERTEX
  8
0
 10
340.992360
 20
42.120493
 42
0.377591
  0
VERTEX
  8
0
 10
341.000000
 20
42.000000
 42
0.377591
  0
VERTEX
  8
0
 10
341.120493
 20
41.992360
 42
0.001576
  0
VERTEX
  8
0
 10
342.250000
 20
42.872445
 42
0.012436
  0
VERTEX
  8
0
 10
342.920402
 20
43.425681
 42
0.017649
  0
VERTEX
  8
0
 10
343.485937
 20
43.952641
 42
0.013803
  0
VERTEX
  8
0
 10
343.918850
 20
44.410139
 42
0.184603
  0
VERTEX
  8
0
 10
344.000000
 20
44.622445
 42
0.307699
  0
VERTEX
  8
0
 10
343.806605
 20
44.906950
 42
0.241985
  0
VERTEX
  8
0
 10
343.426111
 20
44.869516
 42
0.065617
  0
VERTEX
  8
0
 10
342.763320
 20
44.306759
 42
0.017685
  0
SEQEND
  0
POLYLINE
  8
0
 66
1
 70
1
  0
VERTEX
  8
0
 10
341.872445
 20
40.250000
 42
0.001576
  0
VERTEX
  8
0
 10
340.992360
 20
39.120493
 42
0.377591
  0
VERTEX
  8
0
 10
341.000000
 20
39.000000
 42
0.377591
  0
VERTEX
  8
0
 10
341.120493
 20
38.992360
 42
0.001576
  0
VERTEX
  8
0
 10
342.250000
 20
39.872445
 42
0.012436
  0
VERTEX
  8
0
 10
342.920402
 20
40.425681
 42
0.017649
  0
VERTEX
  8
0
 10
343.485937
 20
40.952641
 42
0.013803
  0
VERTEX
  8
0
 10
343.918850
 20
41.410139
 42
0.184603
  0
VERTEX
  8
0
 10
344.000000
 20
41.622445
 42
0.307699
  0
VERTEX
  8
0
 10
343.806605
 20
41.906950
 42
0.241985
  0
VERTEX
  8
0
 10
343.426111
 20
41.869516
 42
0.065617
  0
VERTEX
  8
0
 10
342.763320
 20
41.306759
 42
0.017685
  0
SEQEND
  0
POLYLINE
  8
0
 66
1
 70
1
  0
VERTEX
  8
0
 10
281.696917
 20
38.606872
 42
0.031108
  0
VERTEX
  8
0
 10
281.450554
 20
37.843711
 42
0.039794
  0
VERTEX
  8
0
 10
281.325261
 20
37.116061
 42
0.044381
  0
VERTEX
  8
0
 10
281.323903
 20
36.517723
 42
0.176541
  0
VERTEX
  8
0
 10
281.476461
 20
36.190205
 42
0.242448
  0
VERTEX
  8
0
 10
282.092690
 20
35.993026
 42
0.232038
  0
VERTEX
  8
0
 10
282.627993
 20
36.376835
 42
0.112038
  0
VERTEX
  8
0
 10
282.906850
 20
37.385971
 42
0.061341
  0
VERTEX
  8
0
 10
282.808853
 20
38.671731
 42
0.006855
  0
VERTEX
  8
0
 10
282.556938
 20
39.840400
 42
0.365890
  0
VERTEX
  8
0
 10
282.387121
 20
39.967698
 42
0.286752
  0
VERTEX
  8
0
 10
282.192360
 20
39.829600
 42
0.005261
  0
SEQEND
  0
POLYLINE
  8
0
 66
1
 70
1
  0
VERTEX
  8
0
 10
341.872445
 20
37.250000
 42
0.001576
  0
VERTEX
  8
0
 10
340.992360
 20
36.120493
 42
0.377591
  0
VERTEX
  8
0
 10
341.000000
 20
36.000000
 42
0.377591
  0
VERTEX
  8
0
 10
341.120493
 20
35.992360
 42
0.001576
  0
VERTEX
  8
0
 10
342.250000
 20
36.872445
 42
0.012436
  0
VERTEX
  8
0
 10
342.920402
 20
37.425681
 42
0.017649
  0
VERTEX
  8
0
 10
343.485937
 20
37.952641
 42
0.013803
  0
VERTEX
  8
0
 10
343.918850
 20
38.410139
 42
0.184603
  0
VERTEX
  8
0
 10
344.000000
 20
38.622445
 42
0.307699
  0
VERTEX
  8
0
 10
343.806605
 20
38.906950
 42
0.241985
  0
VERTEX
  8
0
 10
343.426111
 20
38.869516
 42
0.065617
  0
VERTEX
  8
0
 10
342.763320
 20
38.306759
 42
0.017685
  0
SEQEND
  0
POLYLINE
  8
0
 66
1
 70
1
  0
VERTEX
  8
0
 10
305.018785
 20
35.011610
 42
-0.046197
  0
VERTEX
  8
0
 10
304.415202
 20
34.711628
 42
-0.049184
  0
VERTEX
  8
0
 10
303.779246
 20
34.535190
 42
-0.054640
  0
VERTEX
  8
0
 10
303.205667
 20
34.498910
 42
-0.127578
  0
VERTEX
  8
0
 10
302.797746
 20
34.625000
 42
0.266504
  0
VERTEX
  8
0
 10
302.496311
 20
34.634853
 42
0.154055
  0
VERTEX
  8
0
 10
302.234338
 20
34.368369
 42
0.080554
  0
VERTEX
  8
0
 10
302.056614
 20
33.814302
 42
0.037426
  0
VERTEX
  8
0
 10
302.000000
 20
33.059017
 42
0.022936
  0
VERTEX
  8
0
 10
302.072613
 20
31.476900
 42
0.382568
  0
VERTEX
  8
0
 10
302.427605
 20
31.147323
 42
0.177934
  0
VERTEX
  8
0
 10
303.066578
 20
31.369526
 42
0.006900
  0
VERTEX
  8
0
 10
305.007314
 20
33.006343
 42
0.028447
  0
VERTEX
  8
0
 10
306.470074
 20
34.428509
 42
0.186330
  0
VERTEX
  8
0
 10
306.837404
 20
35.364023
 42
0.520908
  0
VERTEX
  8
0
 10
306.397130
 20
35.675721
 42
0.052337
  0
SEQEND
  0
POLYLINE
  8
0
 66
1
 70
1
  0
VERTEX
  8
0
 10
281.666728
 20
33.523871
 42
0.032381
  0
VERTEX
  8
0
 10
280.806584
 20
32.544469
 42
0.130918
  0
VERTEX
  8
0
 10
280.502964
 20
31.817364
 42
0.154617
  0
VERTEX
  8
0
 10
280.626340
 20
31.105448
 42
0.050997
  0
VERTEX
  8
0
 10
281.215483
 20
30.206823
 42
-0.009081
  0
VERTEX
  8
0
 10
281.929376
 20
29.294633
 42
-0.303498
  0
VERTEX
  8
0
 10
281.944300
 20
29.031072
 42
-0.352203
  0
VERTEX
  8
0
 10
281.715154
 20
28.944622
 42
-0.010586
  0
VERTEX
  8
0
 10
280.684609
 20
29.306477
 42
0.032166
  0
VERTEX
  8
0
 10
279.750020
 20
29.590000
 42
0.273462
  0
VERTEX
  8
0
 10
279.348218
 20
29.464104
 42
0.238814
  0
VERTEX
  8
0
 10
279.230788
 20
29.030431
 42
0.025737
  0
VERTEX
  8
0
 10
279.501997
 20
27.993708
 42
-0.046847
  0
VERTEX
  8
0
 10
279.723559
 20
26.972781
 42
-0.210421
  0
VERTEX
  8
0
 10
279.550120
 20
26.401410
 42
-0.185265
  0
VERTEX
  8
0
 10
278.990203
 20
26.099209
 42
-0.035582
  0
VERTEX
  8
0
 10
277.817388
 20
26.031803
 42
-0.080121
  0
VERTEX
  8
0
 10
275.903673
 20
26.367447
 42
-0.055813
  0
VERTEX
  8
0
 10
273.920591
 20
27.313266
 42
-0.070222
  0
VERTEX
  8
0
 10
272.585112
 20
28.430742
 42
-0.399187
  0
VERTEX
  8
0
 10
272.606850
 20
29.273516
 42
0.160372
  0
VERTEX
  8
0
 10
272.786361
 20
29.629230
 42
0.043179
  0
VERTEX
  8
0
 10
272.826709
 20
30.268618
 42
0.039119
  0
VERTEX
  8
0
 10
272.747809
 20
31.043437
 42
0.031924
  0
VERTEX
  8
0
 10
272.546789
 20
31.852580
 42
0.039081
  0
VERTEX
  8
0
 10
272.079847
 20
33.003394
 42
0.259797
  0
VERTEX
  8
0
 10
271.586736
 20
33.339929
 42
0.142543
  0
VERTEX
  8
0
 10
270.835993
 20
33.193467
 42
0.010358
  0
VERTEX
  8
0
 10
268.961806
 20
32.177941
 42
0.020899
  0
VERTEX
  8
0
 10
267.006386
 20
30.954520
 42
0.120561
  0
VERTEX
  8
0
 10
266.198956
 20
30.052228
 42
0.268949
  0
VERTEX
  8
0
 10
266.226789
 20
29.267552
 42
0.114573
  0
VERTEX
  8
0
 10
267.000000
 20
28.500000
 42
-0.116464
  0
VERTEX
  8
0
 10
267.383772
 20
28.116182
 42
-0.049165
  0
VERTEX
  8
0
 10
267.706250
 20
27.457382
 42
-0.045068
  0
VERTEX
  8
0
 10
267.925977
 20
26.653704
 42
-0.044230
  0
VERTEX
  8
0
 10
268.000000
 20
25.818538
 42
0.022660
  0
VERTEX
  8
0
 10
268.049375
 20
24.729610
 42
0.249253
  0
VERTEX
  8
0
 10
268.280805
 20
24.375733
 42
0.278773
  0
VERTEX
  8
0
 10
268.681593
 20
24.392042
 42
0.027085
  0
VERTEX
  8
0
 10
269.494994
 20
24.995845
 42
-0.069751
  0
VERTEX
  8
0
 10
270.370221
 20
25.536611
 42
-0.129209
  0
VERTEX
  8
0
 10
271.189772
 20
25.666495
 42
-0.094313
  0
VERTEX
  8
0
 10
272.141370
 20
25.384713
 42
-0.026026
  0
VERTEX
  8
0
 10
273.494994
 20
24.595237
 42
-0.035352
  0
VERTEX
  8
0
 10
275.147661
 20
23.337007
 42
-0.129445
  0
VERTEX
  8
0
 10
275.875827
 20
22.254040
 42
-0.259994
  0
VERTEX
  8
0
 10
275.725129
 20
21.397900
 42
-0.142474
  0
VERTEX
  8
0
 10
274.822949
 20
20.774316
 42
0.263824
  0
VERTEX
  8
0
 10
274.244544
 20
20.132080
 42
0.203658
  0
VERTEX
  8
0
 10
274.420693
 20
19.188521
 42
0.125678
  0
VERTEX
  8
0
 10
275.387299
 20
18.315853
 42
0.121676
  0
VERTEX
  8
0
 10
276.666006
 20
18.000000
 42
0.084211
  0
VERTEX
  8
0
 10
277.268472
 20
18.102194
 42
0.165142
  0
VERTEX
  8
0
 10
277.647321
 20
18.398279
 42
0.160097
  0
VERTEX
  8
0
 10
277.774506
 20
18.871454
 42
0.078031
  0
VERTEX
  8
0
 10
277.642275
 20
19.489832
 42
-0.146038
  0
VERTEX
  8
0
 10
277.585253
 20
20.234928
 42
-0.055499
  0
VERTEX
  8
0
 10
277.921058
 20
21.233090
 42
-0.048190
  0
VERTEX
  8
0
 10
278.559829
 20
22.319016
 42
-0.039364
  0
VERTEX
  8
0
 10
279.435436
 20
23.344527
 42
-0.027586
  0
VERTEX
  8
0
 10
281.671804
 20
25.346858
 42
-0.092901
  0
VERTEX
  8
0
 10
283.397132
 20
26.266709
 42
-0.206497
  0
VERTEX
  8
0
 10
284.585472
 20
26.144199
 42
-0.203512
  0
VERTEX
  8
0
 10
285.321349
 20
25.194574
 42
0.037474
  0
VERTEX
  8
0
 10
285.508037
 20
24.654172
 42
0.609880
  0
VERTEX
  8
0
 10
285.657067
 20
24.644029
 42
0.121895
  0
VERTEX
  8
0
 10
285.771239
 20
25.012011
 42
0.010572
  0
VERTEX
  8
0
 10
285.807921
 20
26.000000
 42
0.037182
  0
VERTEX
  8
0
 10
285.738014
 20
27.196439
 42
0.016455
  0
VERTEX
  8
0
 10
285.476955
 20
28.758446
 42
0.016180
  0
VERTEX
  8
0
 10
285.090457
 20
30.402738
 42
0.020975
  0
VERTEX
  8
0
 10
284.625168
 20
31.879817
 42
0.010406
  0
VERTEX
  8
0
 10
283.819402
 20
33.970138
 42
0.170330
  0
VERTEX
  8
0
 10
283.328592
 20
34.522843
 42
0.300654
  0
VERTEX
  8
0
 10
282.747687
 20
34.478087
 42
0.031108
  0
SEQEND
  0
POLYLINE
  8
0
 66
1
 70
1
  0
VERTEX
  8
0
 10
290.000000
 20
32.440983
 42
0.066118
  0
VERTEX
  8
0
 10
290.073267
 20
31.889346
 42
0.138808
  0
VERTEX
  8
0
 10
290.293750
 20
31.521475
 42
0.191142
  0
VERTEX
  8
0
 10
290.620352
 20
31.392057
 42
0.139169
  0
VERTEX
  8
0
 10
291.000000
 20
31.500000
 42
-0.071270
  0
VERTEX
  8
0
 10
291.382645
 20
31.666890
 42
-0.146694
  0
VERTEX
  8
0
 10
291.706250
 20
31.659661
 42
-0.189302
  0
VERTEX
  8
0
 10
291.919760
 20
31.484223
 42
-0.127890
  0
VERTEX
  8
0
 10
292.000000
 20
31.175648
 42
0.270250
  0
VERTEX
  8
0
 10
292.503171
 20
30.312702
 42
0.074623
  0
VERTEX
  8
0
 10
294.027824
 20
29.728267
 42
0.072778
  0
VERTEX
  8
0
 10
295.689233
 20
29.608807
 42
0.240402
  0
VERTEX
  8
0
 10
296.599620
 20
30.161188
 42
0.208950
  0
VERTEX
  8
0
 10
296.658654
 20
30.575300
 42
0.127476
  0
VERTEX
  8
0
 10
296.407452
 20
31.010035
 42
0.085287
  0
VERTEX
  8
0
 10
295.861264
 20
31.402521
 42
0.049328
  0
VERTEX
  8
0
 10
295.100616
 20
31.683939
 42
-0.037015
  0
VERTEX
  8
0
 10
294.296541
 20
31.959152
 42
-0.048737
  0
VERTEX
  8
0
 10
293.617056
 20
32.331389
 42
-0.057769
  0
VERTEX
  8
0
 10
293.146852
 20
32.738804
 42
-0.187505
  0
VERTEX
  8
0
 10
293.000000
 20
33.116631
 42
0.166062
  0
VERTEX
  8
0
 10
292.884904
 20
33.453620
 42
0.095369
  0
VERTEX
  8
0
 10
292.559375
 20
33.740510
 42
0.076307
  0
VERTEX
  8
0
 10
292.073739
 20
33.934428
 42
0.056959
  0
VERTEX
  8
0
 10
291.500000
 20
34.000000
 42
0.103052
  0
VERTEX
  8
0
 10
290.927627
 20
33.880765
 42
0.098802
  0
VERTEX
  8
0
 10
290.440625
 20
33.542039
 42
0.096950
  0
VERTEX
  8
0
 10
290.114295
 20
33.036055
 42
0.095165
  0
SEQEND
  0
POLYLINE
  8
0
 66
1
 70
1
  0
VERTEX
  8
0
 10
309.000000
 20
32.000000
 42
0.059262
  0
VERTEX
  8
0
 10
308.502751
 20
31.604464
 42
0.093351
  0
VERTEX
  8
0
 10
308.198233
 20
31.153851
 42
0.126366
  0
VERTEX
  8
0
 10
308.130090
 20
30.722630
 42
0.174419
  0
VERTEX
  8
0
 10
308.295627
 20
30.371040
 42
0.155678
  0
VERTEX
  8
0
 10
308.666760
 20
30.179462
 42
0.097607
  0
VERTEX
  8
0
 10
309.159340
 20
30.192743
 42
0.079850
  0
VERTEX
  8
0
 10
309.698930
 20
30.408834
 42
0.061357
  0
VERTEX
  8
0
 10
310.200000
 20
30.800000
 42
0.064859
  0
VERTEX
  8
0
 10
310.948567
 20
31.772805
 42
0.340214
  0
VERTEX
  8
0
 10
310.866939
 20
32.399430
 42
0.285530
  0
VERTEX
  8
0
 10
310.185149
 20
32.558448
 42
0.056674
  0
SEQEND
  0
POLYLINE
  8
0
 66
1
 70
1
  0
VERTEX
  8
0
 10
288.250000
 20
27.337719
 42
0.165976
  0
VERTEX
  8
0
 10
287.771580
 20
26.924436
 42
0.052287
  0
VERTEX
  8
0
 10
287.376530
 20
26.051288
 42
0.045677
  0
VERTEX
  8
0
 10
287.111717
 20
24.915768
 42
0.036983
  0
VERTEX
  8
0
 10
287.031803
 20
23.666667
 42
0.007197
  0
VERTEX
  8
0
 10
287.078010
 20
21.776196
 42
0.181095
  0
VERTEX
  8
0
 10
287.275068
 20
21.306365
 42
0.436536
  0
VERTEX
  8
0
 10
287.609668
 20
21.308991
 42
0.022574
  0
VERTEX
  8
0
 10
288.380680
 20
22.234456
 42
-0.031813
  0
VERTEX
  8
0
 10
288.923005
 20
22.861510
 42
-0.052401
  0
VERTEX
  8
0
 10
289.463340
 20
23.306940
 42
-0.072333
  0
VERTEX
  8
0
 10
289.922618
 20
23.523327
 42
-0.277103
  0
VERTEX
  8
0
 10
290.216821
 20
23.449845
 42
0.534917
  0
VERTEX
  8
0
 10
290.369077
 20
23.480231
 42
0.093849
  0
VERTEX
  8
0
 10
290.441085
 20
23.827796
 42
0.036574
  0
VERTEX
  8
0
 10
290.401944
 20
24.526285
 42
0.014949
  0
VERTEX
  8
0
 10
290.251367
 20
25.465389
 42
0.005304
  0
VERTEX
  8
0
 10
290.055979
 20
26.431797
 42
0.009106
  0
VERTEX
  8
0
 10
289.869981
 20
27.232267
 42
0.003514
  0
VERTEX
  8
0
 10
289.698377
 20
27.894508
 42
0.496857
  0
VERTEX
  8
0
 10
289.633423
 20
27.921053
 42
-0.032538
  0
VERTEX
  8
0
 10
289.536768
 20
27.872047
 42
-0.001289
  0
VERTEX
  8
0
 10
289.172005
 20
27.717133
 42
-0.002273
  0
VERTEX
  8
0
 10
288.738588
 20
27.536694
 42
-0.001605
  0
SEQEND
  0
POLYLINE
  8
0
 66
1
 70
1
  0
VERTEX
  8
0
 10
298.666667
 20
27.333333
 42
0.091279
  0
VERTEX
  8
0
 10
298.104157
 20
26.516988
 42
0.182764
  0
VERTEX
  8
0
 10
298.058044
 20
25.746211
 42
0.206200
  0
VERTEX
  8
0
 10
298.525041
 20
25.201223
 42
0.114399
  0
VERTEX
  8
0
 10
299.393011
 20
25.000000
 42
0.096313
  0
VERTEX
  8
0
 10
299.968559
 20
25.111903
 42
0.066860
  0
VERTEX
  8
0
 10
300.545909
 20
25.440625
 42
0.064359
  0
VERTEX
  8
0
 10
301.037471
 20
25.926569
 42
0.074185
  0
VERTEX
  8
0
 10
301.361626
 20
26.500000
 42
0.195018
  0
VERTEX
  8
0
 10
301.344853
 20
27.392332
 42
0.220185
  0
VERTEX
  8
0
 10
300.712273
 20
27.962263
 42
0.157174
  0
VERTEX
  8
0
 10
299.661894
 20
27.949759
 42
0.115940
  0
SEQEND
  0
POLYLINE
  8
0
 66
1
 70
1
  0
VERTEX
  8
0
 10
292.568177
 20
26.234843
 42
0.086487
  0
VERTEX
  8
0
 10
292.349933
 20
25.924475
 42
0.036723
  0
VERTEX
  8
0
 10
292.166902
 20
25.448200
 42
0.034929
  0
VERTEX
  8
0
 10
292.041918
 20
24.898720
 42
0.038475
  0
VERTEX
  8
0
 10
292.000000
 20
24.354772
 42
0.121452
  0
VERTEX
  8
0
 10
292.141065
 20
23.782595
 42
0.260466
  0
VERTEX
  8
0
 10
292.509782
 20
23.542210
 42
0.107573
  0
VERTEX
  8
0
 10
293.208195
 20
23.645042
 42
0.016756
  0
VERTEX
  8
0
 10
294.504226
 20
24.183879
 42
0.024360
  0
VERTEX
  8
0
 10
295.426628
 20
24.659689
 42
0.044826
  0
VERTEX
  8
0
 10
296.116217
 20
25.146331
 42
0.065809
  0
VERTEX
  8
0
 10
296.501313
 20
25.572139
 42
0.361973
  0
VERTEX
  8
0
 10
296.475282
 20
25.858052
 42
0.120251
  0
VERTEX
  8
0
 10
295.682316
 20
26.339919
 42
0.052687
  0
VERTEX
  8
0
 10
294.469547
 20
26.587549
 42
0.052808
  0
VERTEX
  8
0
 10
293.274879
 20
26.576347
 42
0.169214
  0
SEQEND
  0
POLYLINE
  8
0
 66
1
 70
1
  0
VERTEX
  8
0
 10
262.871052
 20
23.750000
 42
0.091413
  0
VERTEX
  8
0
 10
262.814122
 20
23.561893
 42
0.002995
  0
VERTEX
  8
0
 10
262.730931
 20
22.776824
 42
0.005639
  0
VERTEX
  8
0
 10
262.648462
 20
21.845334
 42
0.003882
  0
VERTEX
  8
0
 10
262.575120
 20
20.788123
 42
0.035798
  0
VERTEX
  8
0
 10
262.590657
 20
19.245034
 42
0.202219
  0
VERTEX
  8
0
 10
262.963149
 20
18.530746
 42
0.162222
  0
VERTEX
  8
0
 10
263.791815
 20
18.209899
 42
0.021340
  0
VERTEX
  8
0
 10
265.704069
 20
18.200153
 42
0.079312
  0
VERTEX
  8
0
 10
267.816294
 20
18.619247
 42
0.199872
  0
VERTEX
  8
0
 10
268.942992
 20
19.666157
 42
0.215688
  0
VERTEX
  8
0
 10
268.946932
 20
21.137106
 42
0.091053
  0
VERTEX
  8
0
 10
267.800000
 20
22.800000
 42
0.106804
  0
VERTEX
  8
0
 10
266.752443
 20
23.475296
 42
0.042373
  0
VERTEX
  8
0
 10
265.096316
 20
23.942749
 42
0.039497
  0
VERTEX
  8
0
 10
263.502868
 20
24.121081
 42
0.289476
  0
SEQEND
  0
POLYLINE
  8
0
 66
1
 70
1
  0
VERTEX
  8
0
 10
282.000000
 20
21.440983
 42
0.066118
  0
VERTEX
  8
0
 10
282.073267
 20
20.889346
 42
0.138808
  0
VERTEX
  8
0
 10
282.293750
 20
20.521475
 42
0.191142
  0
VERTEX
  8
0
 10
282.620352
 20
20.392057
 42
0.139169
  0
VERTEX
  8
0
 10
283.000000
 20
20.500000
 42
0.060810
  0
VERTEX
  8
0
 10
283.382515
 20
20.806203
 42
0.051032
  0
VERTEX
  8
0
 10
283.706250
 20
21.212900
 42
0.053229
  0
VERTEX
  8
0
 10
283.926698
 20
21.653442
 42
0.089642
  0
VERTEX
  8
0
 10
284.000000
 20
22.059017
 42
0.105429
  0
VERTEX
  8
0
 10
283.923444
 20
22.418051
 42
0.099231
  0
VERTEX
  8
0
 10
283.706250
 20
22.723586
 42
0.096318
  0
VERTEX
  8
0
 10
283.381732
 20
22.928382
 42
0.092995
  0
VERTEX
  8
0
 10
283.000000
 20
23.000000
 42
0.153634
  0
VERTEX
  8
0
 10
282.618621
 20
22.879982
 42
0.097988
  0
VERTEX
  8
0
 10
282.293750
 20
22.542039
 42
0.080552
  0
VERTEX
  8
0
 10
282.074545
 20
22.037096
 42
0.062283
  0
SEQEND
  0
POLYLINE
  8
0
 66
1
 70
1
  0
VERTEX
  8
0
 10
299.500000
 20
22.000000
 42
0.082592
  0
VERTEX
  8
0
 10
299.343488
 20
21.617900
 42
0.161196
  0
VERTEX
  8
0
 10
299.374600
 20
21.293750
 42
0.182303
  0
VERTEX
  8
0
 10
299.586039
 20
21.078288
 42
0.108972
  0
VERTEX
  8
0
 10
299.940983
 20
21.000000
 42
0.093332
  0
VERTEX
  8
0
 10
300.345238
 20
21.076123
 42
0.096420
  0
VERTEX
  8
0
 10
300.688914
 20
21.293750
 42
0.099167
  0
VERTEX
  8
0
 10
300.918938
 20
21.618444
 42
0.105053
  0
VERTEX
  8
0
 10
301.000000
 20
22.000000
 42
0.042167
  0
VERTEX
  8
0
 10
300.967655
 20
22.382849
 42
0.061769
  0
VERTEX
  8
0
 10
300.870461
 20
22.706250
 42
0.081139
  0
VERTEX
  8
0
 10
300.727648
 20
22.925540
 42
0.210953
  0
VERTEX
  8
0
 10
300.559017
 20
23.000000
 42
0.151918
  0
VERTEX
  8
0
 10
300.348290
 20
22.934461
 42
0.038439
  0
VERTEX
  8
0
 10
300.066025
 20
22.706250
 42
0.035638
  0
VERTEX
  8
0
 10
299.768994
 20
22.382774
 42
0.029505
  0
SEQEND
  0
POLYLINE
  8
0
 66
1
 70
1
  0
VERTEX
  8
0
 10
320.351722
 20
22.239919
 42
-0.110654
  0
VERTEX
  8
0
 10
320.506401
 20
21.792950
 42
-0.118936
  0
VERTEX
  8
0
 10
320.449351
 20
21.335267
 42
-0.113330
  0
VERTEX
  8
0
 10
320.185116
 20
20.937591
 42
-0.093642
  0
VERTEX
  8
0
 10
319.756231
 20
20.661541
 42
0.052490
  0
VERTEX
  8
0
 10
319.195232
 20
20.362283
 42
0.270952
  0
VERTEX
  8
0
 10
319.049203
 20
20.057395
 42
0.193424
  0
VERTEX
  8
0
 10
319.228475
 20
19.699750
 42
0.028373
  0
VERTEX
  8
0
 10
319.878115
 20
19.187934
 42
-0.078298
  0
VERTEX
  8
0
 10
320.387386
 20
18.697232
 42
-0.103425
  0
VERTEX
  8
0
 10
320.662055
 20
18.116168
 42
-0.106792
  0
VERTEX
  8
0
 10
320.676295
 20
17.488226
 42
-0.088210
  0
VERTEX
  8
0
 10
320.436157
 20
16.861803
 42
0.022023
  0
VERTEX
  8
0
 10
320.095413
 20
16.235093
 42
0.588588
  0
VERTEX
  8
0
 10
320.182539
 20
16.110439
 42
0.139204
  0
VERTEX
  8
0
 10
320.499389
 20
16.236927
 42
0.006436
  0
VERTEX
  8
0
 10
321.417695
 20
16.963449
 42
0.039097
  0
VERTEX
  8
0
 10
322.034458
 20
17.550064
 42
0.085517
  0
VERTEX
  8
0
 10
322.380625
 20
18.100163
 42
0.163724
  0
VERTEX
  8
0
 10
322.408537
 20
18.519384
 42
0.252936
  0
VERTEX
  8
0
 10
322.165830
 20
18.778057
 42
-0.129786
  0
VERTEX
  8
0
 10
321.803837
 20
19.015160
 42
-0.105875
  0
VERTEX
  8
0
 10
321.572212
 20
19.417996
 42
-0.093108
  0
VERTEX
  8
0
 10
321.508127
 20
19.927264
 42
-0.076626
  0
VERTEX
  8
0
 10
321.624351
 20
20.463457
 42
0.093432
  0
VERTEX
  8
0
 10
321.727526
 20
21.030174
 42
0.080562
  0
VERTEX
  8
0
 10
321.626785
 20
21.627740
 42
0.080393
  0
VERTEX
  8
0
 10
321.342004
 20
22.163932
 42
0.092399
  0
VERTEX
  8
0
 10
320.913665
 20
22.553358
 42
0.025045
  0
VERTEX
  8
0
 10
320.427821
 20
22.820984
 42
0.245302
  0
VERTEX
  8
0
 10
320.201184
 20
22.814707
 42
0.381551
  0
VERTEX
  8
0
 10
320.142897
 20
22.646188
 42
0.039413
  0
SEQEND
  0
POLYLINE
  8
0
 66
1
 70
1
  0
VERTEX
  8
0
 10
251.083559
 20
19.843869
 42
-0.047612
  0
VERTEX
  8
0
 10
251.596791
 20
18.617142
 42
-0.149001
  0
VERTEX
  8
0
 10
251.601450
 20
17.732801
 42
-0.123224
  0
VERTEX
  8
0
 10
251.104169
 20
16.895191
 42
-0.028034
  0
VERTEX
  8
0
 10
249.868743
 20
15.781186
 42
0.000000
  0
VERTEX
  8
0
 10
247.500000
 20
13.874634
 42
0.000000
  0
VERTEX
  8
0
 10
250.000000
 20
14.572098
 42
0.080360
  0
VERTEX
  8
0
 10
252.140225
 20
15.559986
 42
0.095917
  0
VERTEX
  8
0
 10
253.711088
 20
17.126672
 42
0.233817
  0
VERTEX
  8
0
 10
253.880829
 20
18.366159
 42
0.322400
  0
VERTEX
  8
0
 10
253.000000
 20
19.000000
 42
-0.148195
  0
VERTEX
  8
0
 10
252.618646
 20
19.115568
 42
-0.098894
  0
VERTEX
  8
0
 10
252.293750
 20
19.440625
 42
-0.082425
  0
VERTEX
  8
0
 10
252.074694
 20
19.926543
 42
-0.064853
  0
VERTEX
  8
0
 10
252.000000
 20
20.500000
 42
0.067246
  0
VERTEX
  8
0
 10
251.922536
 20
21.073373
 42
0.084069
  0
VERTEX
  8
0
 10
251.695915
 20
21.559375
 42
0.099557
  0
VERTEX
  8
0
 10
251.359575
 20
21.884386
 42
0.143424
  0
VERTEX
  8
0
 10
250.964816
 20
22.000000
 42
0.221699
  0
VERTEX
  8
0
 10
250.616293
 20
21.837478
 42
0.190540
  0
VERTEX
  8
0
 10
250.487424
 20
21.450611
 42
0.084252
  0
VERTEX
  8
0
 10
250.637966
 20
20.787148
 42
0.025046
  0
SEQEND
  0
POLYLINE
  8
0
 66
1
 70
1
  0
VERTEX
  8
0
 10
293.468963
 20
20.949781
 42
0.116221
  0
VERTEX
  8
0
 10
293.141241
 20
19.967994
 42
0.258096
  0
VERTEX
  8
0
 10
293.448742
 20
19.268926
 42
0.251496
  0
VERTEX
  8
0
 10
294.214666
 20
19.146534
 42
0.113251
  0
VERTEX
  8
0
 10
295.103799
 20
19.703799
 42
0.053431
  0
VERTEX
  8
0
 10
295.515485
 20
20.214314
 42
0.136091
  0
VERTEX
  8
0
 10
295.655459
 20
20.664644
 42
0.169261
  0
VERTEX
  8
0
 10
295.531428
 20
21.059296
 42
0.094625
  0
VERTEX
  8
0
 10
295.156231
 20
21.403444
 42
0.105525
  0
VERTEX
  8
0
 10
294.716563
 20
21.560607
 42
0.099247
  0
VERTEX
  8
0
 10
294.240657
 20
21.529717
 42
0.096292
  0
VERTEX
  8
0
 10
293.801911
 20
21.315254
 42
0.092910
  0
SEQEND
  0
POLYLINE
  8
0
 66
1
 70
1
  0
VERTEX
  8
0
 10
272.000000
 20
16.500000
 42
0.062722
  0
VERTEX
  8
0
 10
272.072230
 20
15.926468
 42
0.080880
  0
VERTEX
  8
0
 10
272.284531
 20
15.440625
 42
0.098158
  0
VERTEX
  8
0
 10
272.599211
 20
15.115494
 42
0.152681
  0
VERTEX
  8
0
 10
272.968615
 20
15.000000
 42
0.184534
  0
VERTEX
  8
0
 10
273.289193
 20
15.122486
 42
0.147206
  0
VERTEX
  8
0
 10
273.483616
 20
15.440625
 42
0.100118
  0
VERTEX
  8
0
 10
273.511135
 20
15.925634
 42
0.055937
  0
VERTEX
  8
0
 10
273.361626
 20
16.500000
 42
0.021360
  0
VERTEX
  8
0
 10
273.112506
 20
17.074558
 42
0.030395
  0
VERTEX
  8
0
 10
272.839659
 20
17.559375
 42
0.030693
  0
VERTEX
  8
0
 10
272.579329
 20
17.912889
 42
0.222225
  0
VERTEX
  8
0
 10
272.393011
 20
18.000000
 42
0.289661
  0
VERTEX
  8
0
 10
272.241071
 20
17.903916
 42
0.046727
  0
VERTEX
  8
0
 10
272.115447
 20
17.559375
 42
0.039339
  0
VERTEX
  8
0
 10
272.028469
 20
17.074824
 42
0.024748
  0
SEQEND
  0
POLYLINE
  8
0
 66
1
 70
1
  0
VERTEX
  8
0
 10
293.000000
 20
15.411516
 42
0.050779
  0
VERTEX
  8
0
 10
293.055505
 20
14.866396
 42
0.066594
  0
VERTEX
  8
0
 10
293.220312
 20
14.394394
 42
0.082397
  0
VERTEX
  8
0
 10
293.463378
 20
14.063356
 42
0.172022
  0
VERTEX
  8
0
 10
293.750000
 20
13.931100
 42
-0.006775
  0
VERTEX
  8
0
 10
294.194292
 20
13.884205
 42
-0.001009
  0
VERTEX
  8
0
 10
295.087500
 20
13.775843
 42
-0.001135
  0
VERTEX
  8
0
 10
296.142138
 20
13.643305
 42
-0.000978
  0
VERTEX
  8
0
 10
297.250000
 20
13.499320
 42
0.041795
  0
VERTEX
  8
0
 10
299.251110
 20
13.403878
 42
0.333715
  0
VERTEX
  8
0
 10
299.926200
 20
13.949876
 42
0.347221
  0
VERTEX
  8
0
 10
299.578941
 20
14.723627
 42
0.042797
  0
VERTEX
  8
0
 10
297.750000
 20
15.486147
 42
0.007366
  0
VERTEX
  8
0
 10
294.987347
 20
16.324821
 42
0.074063
  0
VERTEX
  8
0
 10
293.796376
 20
16.483126
 42
0.247973
  0
VERTEX
  8
0
 10
293.227853
 20
16.171173
 42
0.146741
  0
SEQEND
  0
POLYLINE
  8
0
 66
1
 70
1
  0
VERTEX
  8
0
 10
322.000000
 20
14.000000
 42
0.099038
  0
VERTEX
  8
0
 10
322.076342
 20
13.618362
 42
0.097945
  0
VERTEX
  8
0
 10
322.293750
 20
13.293750
 42
0.097945
  0
VERTEX
  8
0
 10
322.618362
 20
13.076342
 42
0.099038
  0
VERTEX
  8
0
 10
323.000000
 20
13.000000
 42
0.099038
  0
VERTEX
  8
0
 10
323.381638
 20
13.076342
 42
0.097945
  0
VERTEX
  8
0
 10
323.706250
 20
13.293750
 42
0.097945
  0
VERTEX
  8
0
 10
323.923658
 20
13.618362
 42
0.099038
  0
VERTEX
  8
0
 10
324.000000
 20
14.000000
 42
0.099038
  0
VERTEX
  8
0
 10
323.923658
 20
14.381638
 42
0.097945
  0
VERTEX
  8
0
 10
323.706250
 20
14.706250
 42
0.097945
  0
VERTEX
  8
0
 10
323.381638
 20
14.923658
 42
0.099038
  0
VERTEX
  8
0
 10
323.000000
 20
15.000000
 42
0.099038
  0
VERTEX
  8
0
 10
322.618362
 20
14.923658
 42
0.097945
  0
VERTEX
  8
0
 10
322.293750
 20
14.706250
 42
0.097945
  0
VERTEX
  8
0
 10
322.076342
 20
14.381638
 42
0.099038
  0
SEQEND
  0
POLYLINE
  8
0
 66
1
 70
1
  0
VERTEX
  8
0
 10
294.357143
 20
57.500000
 42
0.034165
  0
VERTEX
  8
0
 10
295.015466
 20
56.925980
 42
0.033153
  0
VERTEX
  8
0
 10
295.752232
 20
56.440625
 42
0.034987
  0
VERTEX
  8
0
 10
296.457022
 20
56.103396
 42
0.094364
  0
VERTEX
  8
0
 10
297.000000
 20
56.000000
 42
0.178625
  0
VERTEX
  8
0
 10
297.334986
 20
56.123618
 42
0.281473
  0
VERTEX
  8
0
 10
297.427083
 20
56.406250
 42
0.109449
  0
VERTEX
  8
0
 10
297.199790
 20
56.874659
 42
0.028906
  0
VERTEX
  8
0
 10
296.642857
 20
57.500000
 42
0.034165
  0
VERTEX
  8
0
 10
295.984534
 20
58.074020
 42
0.033153
  0
VERTEX
  8
0
 10
295.247768
 20
58.559375
 42
0.034987
  0
VERTEX
  8
0
 10
294.542978
 20
58.896604
 42
0.094364
  0
VERTEX
  8
0
 10
294.000000
 20
59.000000
 42
0.178625
  0
VERTEX
  8
0
 10
293.665014
 20
58.876382
 42
0.281473
  0
VERTEX
  8
0
 10
293.572917
 20
58.593750
 42
0.109449
  0
VERTEX
  8
0
 10
293.800210
 20
58.125341
 42
0.028906
  0
SEQEND
  0
POLYLINE
  8
0
 66
1
 70
1
  0
VERTEX
  8
0
 10
203.500000
 20
51.000000
 42
0.029505
  0
VERTEX
  8
0
 10
203.768994
 20
50.617226
 42
0.035638
  0
VERTEX
  8
0
 10
204.066025
 20
50.293750
 42
0.038439
  0
VERTEX
  8
0
 10
204.348290
 20
50.065539
 42
0.151918
  0
VERTEX
  8
0
 10
204.559017
 20
50.000000
 42
0.210953
  0
VERTEX
  8
0
 10
204.727648
 20
50.074460
 42
0.081139
  0
VERTEX
  8
0
 10
204.870461
 20
50.293750
 42
0.061769
  0
VERTEX
  8
0
 10
204.967655
 20
50.617151
 42
0.042167
  0
VERTEX
  8
0
 10
205.000000
 20
51.000000
 42
0.105053
  0
VERTEX
  8
0
 10
204.918938
 20
51.381556
 42
0.099167
  0
VERTEX
  8
0
 10
204.688914
 20
51.706250
 42
0.096420
  0
VERTEX
  8
0
 10
204.345238
 20
51.923877
 42
0.093332
  0
VERTEX
  8
0
 10
203.940983
 20
52.000000
 42
0.108972
  0
VERTEX
  8
0
 10
203.586039
 20
51.921712
 42
0.182303
  0
VERTEX
  8
0
 10
203.374600
 20
51.706250
 42
0.161196
  0
VERTEX
  8
0
 10
203.343488
 20
51.382100
 42
0.082592
  0
SEQEND
  0
POLYLINE
  8
0
 66
1
 70
1
  0
VERTEX
  8
0
 10
188.138321
 20
44.666667
 42
0.026407
  0
VERTEX
  8
0
 10
187.647830
 20
44.007779
 42
0.188172
  0
VERTEX
  8
0
 10
187.564488
 20
43.626364
 42
0.303392
  0
VERTEX
  8
0
 10
187.772162
 20
43.401645
 42
0.058985
  0
VERTEX
  8
0
 10
188.349210
 20
43.333333
 42
0.100269
  0
VERTEX
  8
0
 10
188.851978
 20
43.435182
 42
0.098226
  0
VERTEX
  8
0
 10
189.279664
 20
43.725000
 42
0.097650
  0
VERTEX
  8
0
 10
189.566148
 20
44.157792
 42
0.097821
  0
VERTEX
  8
0
 10
189.666667
 20
44.666667
 42
0.014866
  0
VERTEX
  8
0
 10
189.651466
 20
45.177816
 42
0.024357
  0
VERTEX
  8
0
 10
189.604718
 20
45.608333
 42
0.021349
  0
VERTEX
  8
0
 10
189.538622
 20
45.935135
 42
0.344914
  0
VERTEX
  8
0
 10
189.455778
 20
46.000000
 42
0.192074
  0
VERTEX
  8
0
 10
189.330516
 20
45.950038
 42
0.008084
  0
VERTEX
  8
0
 10
188.981783
 20
45.608333
 42
0.012937
  0
VERTEX
  8
0
 10
188.577629
 20
45.177569
 42
0.008736
  0
SEQEND
  0
POLYLINE
  8
0
 66
1
 70
1
  0
VERTEX
  8
0
 10
191.419821
 20
35.870268
 42
0.060967
  0
VERTEX
  8
0
 10
191.218667
 20
35.433727
 42
0.293978
  0
VERTEX
  8
0
 10
191.286140
 20
35.181954
 42
0.231550
  0
VERTEX
  8
0
 10
191.571096
 20
35.099386
 42
0.043527
  0
VERTEX
  8
0
 10
192.110804
 20
35.242987
 42
-0.138348
  0
VERTEX
  8
0
 10
192.801914
 20
35.292900
 42
-0.049674
  0
VERTEX
  8
0
 10
193.752861
 20
34.996527
 42
-0.044590
  0
VERTEX
  8
0
 10
194.786442
 20
34.444552
 42
-0.039663
  0
VERTEX
  8
0
 10
195.750000
 20
33.698405
 42
0.025749
  0
VERTEX
  8
0
 10
196.614803
 20
32.989420
 42
0.060949
  0
VERTEX
  8
0
 10
197.339063
 20
32.580986
 42
0.142211
  0
VERTEX
  8
0
 10
197.799636
 20
32.530490
 42
0.364312
  0
VERTEX
  8
0
 10
198.000000
 20
32.768982
 42
0.195232
  0
VERTEX
  8
0
 10
197.591499
 20
33.775301
 42
0.028284
  0
VERTEX
  8
0
 10
195.928733
 20
35.302782
 42
0.030265
  0
VERTEX
  8
0
 10
194.081239
 20
36.638403
 42
0.142310
  0
VERTEX
  8
0
 10
192.836511
 20
37.000000
 42
0.120791
  0
VERTEX
  8
0
 10
192.511368
 20
36.920288
 42
0.048123
  0
VERTEX
  8
0
 10
192.123987
 20
36.668141
 42
0.043970
  0
VERTEX
  8
0
 10
191.740102
 20
36.302500
 42
0.042094
  0
SEQEND
  0
POLYLINE
  8
0
 66
1
 70
1
  0
VERTEX
  8
0
 10
241.542705
 20
35.069098
 42
0.108373
  0
VERTEX
  8
0
 10
241.401101
 20
34.665803
 42
0.099685
  0
VERTEX
  8
0
 10
241.434921
 20
34.227140
 42
0.095498
  0
VERTEX
  8
0
 10
241.639411
 20
33.820631
 42
0.090427
  0
VERTEX
  8
0
 10
241.983688
 20
33.510081
 42
0.136093
  0
VERTEX
  8
0
 10
242.369640
 20
33.397824
 42
0.190788
  0
VERTEX
  8
0
 10
242.701458
 20
33.524436
 42
0.140899
  0
VERTEX
  8
0
 10
242.925389
 20
33.890269
 42
0.067432
  0
VERTEX
  8
0
 10
243.000000
 20
34.440983
 42
0.039415
  0
VERTEX
  8
0
 10
242.914842
 20
35.519563
 42
0.257010
  0
VERTEX
  8
0
 10
242.592818
 20
35.933879
 42
0.315493
  0
VERTEX
  8
0
 10
242.133140
 20
35.838655
 42
0.050477
  0
SEQEND
  0
POLYLINE
  8
0
 66
1
 70
1
  0
VERTEX
  8
0
 10
238.000000
 20
30.915121
 42
-0.050314
  0
VERTEX
  8
0
 10
237.959117
 20
30.509871
 42
-0.011891
  0
VERTEX
  8
0
 10
237.807325
 20
29.846254
 42
-0.012122
  0
VERTEX
  8
0
 10
237.595169
 20
29.088211
 42
-0.011679
  0
VERTEX
  8
0
 10
237.344085
 20
28.331787
 42
0.038426
  0
VERTEX
  8
0
 10
237.134241
 20
27.564727
 42
0.587556
  0
VERTEX
  8
0
 10
237.301730
 20
27.424060
 42
0.112082
  0
VERTEX
  8
0
 10
237.758421
 20
27.727919
 42
0.007306
  0
VERTEX
  8
0
 10
238.844085
 20
28.903010
 42
0.002759
  0
VERTEX
  8
0
 10
240.591448
 20
30.872394
 42
0.122404
  0
VERTEX
  8
0
 10
240.841787
 20
31.357243
 42
0.456065
  0
VERTEX
  8
0
 10
240.657993
 20
31.613200
 42
0.023074
  0
VERTEX
  8
0
 10
239.500000
 20
31.666667
 42
0.048131
  0
VERTEX
  8
0
 10
238.925940
 20
31.611278
 42
0.068129
  0
VERTEX
  8
0
 10
238.440625
 20
31.445900
 42
0.088310
  0
VERTEX
  8
0
 10
238.113633
 20
31.202118
 42
0.190765
  0
SEQEND
  0
POLYLINE
  8
0
 66
1
 70
1
  0
VERTEX
  8
0
 10
168.639480
 20
34.306147
 42
0.079490
  0
VERTEX
  8
0
 10
168.090817
 20
33.548483
 42
0.223466
  0
VERTEX
  8
0
 10
168.072695
 20
32.910476
 42
0.217466
  0
VERTEX
  8
0
 10
168.555273
 20
32.477544
 42
0.075885
  0
VERTEX
  8
0
 10
169.500000
 20
32.333333
 42
0.049648
  0
VERTEX
  8
0
 10
170.074005
 20
32.390470
 42
0.069638
  0
VERTEX
  8
0
 10
170.559375
 20
32.560789
 42
0.089802
  0
VERTEX
  8
0
 10
170.886017
 20
32.812030
 42
0.186110
  0
VERTEX
  8
0
 10
171.000000
 20
33.107650
 42
0.158782
  0
VERTEX
  8
0
 10
170.758669
 20
33.848434
 42
0.118327
  0
VERTEX
  8
0
 10
170.099875
 20
34.409401
 42
0.126145
  0
VERTEX
  8
0
 10
169.292437
 20
34.588980
 42
0.190577
  0
SEQEND
  0
POLYLINE
  8
0
 66
1
 70
1
  0
VERTEX
  8
0
 10
190.583333
 20
28.250000
 42
-0.060264
  0
VERTEX
  8
0
 10
190.217043
 20
27.962765
 42
-0.039064
  0
VERTEX
  8
0
 10
189.735631
 20
27.720312
 42
-0.038961
  0
VERTEX
  8
0
 10
189.220153
 20
27.554863
 42
-0.058239
  0
VERTEX
  8
0
 10
188.750731
 20
27.500000
 42
0.214948
  0
VERTEX
  8
0
 10
188.308211
 20
27.300547
 42
0.062066
  0
VERTEX
  8
0
 10
187.874524
 20
26.666516
 42
0.050301
  0
VERTEX
  8
0
 10
187.512926
 20
25.749029
 42
0.035460
  0
VERTEX
  8
0
 10
187.288150
 20
24.662607
 42
0.022967
  0
VERTEX
  8
0
 10
187.183976
 20
23.470983
 42
0.086328
  0
VERTEX
  8
0
 10
187.281589
 20
22.729854
 42
0.235752
  0
VERTEX
  8
0
 10
187.562213
 20
22.438262
 42
0.227583
  0
VERTEX
  8
0
 10
187.970398
 20
22.481705
 42
0.092826
  0
VERTEX
  8
0
 10
188.328957
 20
22.808245
 42
0.096267
  0
VERTEX
  8
0
 10
188.539450
 20
23.238451
 42
0.099263
  0
VERTEX
  8
0
 10
188.569921
 20
23.705014
 42
0.105619
  0
VERTEX
  8
0
 10
188.415960
 20
24.135980
 42
-0.158485
  0
VERTEX
  8
0
 10
188.330161
 20
24.487774
 42
-0.243187
  0
VERTEX
  8
0
 10
188.491255
 20
24.749204
 42
-0.133142
  0
VERTEX
  8
0
 10
188.916125
 20
24.869865
 42
-0.047843
  0
VERTEX
  8
0
 10
189.548183
 20
24.816882
 42
0.090019
  0
VERTEX
  8
0
 10
190.337821
 20
24.817125
 42
0.152544
  0
VERTEX
  8
0
 10
190.918380
 20
25.121302
 42
0.125220
  0
VERTEX
  8
0
 10
191.296123
 20
25.756817
 42
0.051393
  0
VERTEX
  8
0
 10
191.481416
 20
26.750000
 42
0.004627
  0
VERTEX
  8
0
 10
191.604444
 20
28.444088
 42
0.151831
  0
VERTEX
  8
0
 10
191.508823
 20
28.838038
 42
0.461629
  0
VERTEX
  8
0
 10
191.268727
 20
28.878351
 42
0.021700
  0
SEQEND
  0
POLYLINE
  8
0
 66
1
 70
1
  0
VERTEX
  8
0
 10
178.570877
 20
24.095789
 42
-0.291208
  0
VERTEX
  8
0
 10
178.634818
 20
23.808040
 42
-0.037014
  0
VERTEX
  8
0
 10
178.362324
 20
23.201245
 42
-0.034024
  0
VERTEX
  8
0
 10
177.892259
 20
22.458263
 42
-0.021647
  0
VERTEX
  8
0
 10
177.252182
 20
21.659257
 42
0.013944
  0
VERTEX
  8
0
 10
176.645226
 20
20.925061
 42
0.060897
  0
VERTEX
  8
0
 10
176.355382
 20
20.442928
 42
0.459684
  0
VERTEX
  8
0
 10
176.422876
 20
20.300349
 42
0.201175
  0
VERTEX
  8
0
 10
176.659758
 20
20.331350
 42
-0.137246
  0
VERTEX
  8
0
 10
177.955775
 20
20.668351
 42
-0.097869
  0
VERTEX
  8
0
 10
179.429157
 20
20.348900
 42
-0.105771
  0
VERTEX
  8
0
 10
180.582935
 20
19.526277
 42
-0.187309
  0
VERTEX
  8
0
 10
181.000000
 20
18.452028
 42
-0.127823
  0
VERTEX
  8
0
 10
180.684647
 20
17.238631
 42
-0.160976
  0
VERTEX
  8
0
 10
179.834645
 20
16.457740
 42
-0.167151
  0
VERTEX
  8
0
 10
178.712796
 20
16.353564
 42
-0.138555
  0
VERTEX
  8
0
 10
177.662868
 20
16.946378
 42
-0.014610
  0
VERTEX
  8
0
 10
177.110670
 20
17.536488
 42
-0.417676
  0
VERTEX
  8
0
 10
177.123562
 20
17.724953
 42
-0.264908
  0
VERTEX
  8
0
 10
177.360124
 20
17.771253
 42
-0.009780
  0
VERTEX
  8
0
 10
178.250000
 20
17.452257
 42
0.050227
  0
VERTEX
  8
0
 10
178.927490
 20
17.269565
 42
0.094731
  0
VERTEX
  8
0
 10
179.491461
 20
17.284160
 42
0.146000
  0
VERTEX
  8
0
 10
179.858014
 20
17.486662
 42
0.196503
  0
VERTEX
  8
0
 10
180.000000
 20
17.833994
 42
0.132159
  0
VERTEX
  8
0
 10
179.717015
 20
18.885916
 42
0.210760
  0
VERTEX
  8
0
 10
178.976518
 20
19.425557
 42
0.177770
  0
VERTEX
  8
0
 10
177.969103
 20
19.286119
 42
0.097475
  0
VERTEX
  8
0
 10
176.990862
 20
18.488990
 42
0.028176
  0
VERTEX
  8
0
 10
176.568082
 20
17.916847
 42
0.065495
  0
VERTEX
  8
0
 10
176.336924
 20
17.437391
 42
0.146392
  0
VERTEX
  8
0
 10
176.328441
 20
17.131479
 42
0.339121
  0
VERTEX
  8
0
 10
176.500000
 20
17.000000
 42
-0.381814
  0
VERTEX
  8
0
 10
176.665651
 20
16.851916
 42
-0.114544
  0
VERTEX
  8
0
 10
176.622923
 20
16.485937
 42
-0.055239
  0
VERTEX
  8
0
 10
176.347351
 20
15.922219
 42
-0.025009
  0
VERTEX
  8
0
 10
175.872445
 20
15.250000
 42
0.001576
  0
VERTEX
  8
0
 10
174.992360
 20
14.120493
 42
0.377591
  0
VERTEX
  8
0
 10
175.000000
 20
14.000000
 42
0.377591
  0
VERTEX
  8
0
 10
175.120493
 20
13.992360
 42
0.001576
  0
VERTEX
  8
0
 10
176.250000
 20
14.872445
 42
-0.018452
  0
VERTEX
  8
0
 10
177.128453
 20
15.510473
 42
-0.130357
  0
VERTEX
  8
0
 10
177.622947
 20
15.680962
 42
-0.323603
  0
VERTEX
  8
0
 10
177.898685
 20
15.510699
 42
-0.098235
  0
VERTEX
  8
0
 10
178.000000
 20
15.000000
 42
0.065057
  0
VERTEX
  8
0
 10
178.071444
 20
14.453236
 42
0.322640
  0
VERTEX
  8
0
 10
178.297636
 20
14.267785
 42
0.168767
  0
VERTEX
  8
0
 10
178.689299
 20
14.376954
 42
0.021631
  0
VERTEX
  8
0
 10
179.394740
 20
14.912642
 42
-0.037347
  0
VERTEX
  8
0
 10
179.991592
 20
15.336999
 42
-0.040164
  0
VERTEX
  8
0
 10
180.631008
 20
15.656286
 42
-0.043747
  0
VERTEX
  8
0
 10
181.219362
 20
15.835322
 42
-0.124106
  0
VERTEX
  8
0
 10
181.644740
 20
15.818728
 42
0.209630
  0
VERTEX
  8
0
 10
183.010644
 20
15.993599
 42
0.015115
  0
VERTEX
  8
0
 10
186.292409
 20
18.100989
 42
0.018137
  0
VERTEX
  8
0
 10
189.406512
 20
20.406704
 42
0.131748
  0
VERTEX
  8
0
 10
190.500938
 20
21.891444
 42
0.020053
  0
VERTEX
  8
0
 10
190.755567
 20
22.627345
 42
0.492052
  0
VERTEX
  8
0
 10
190.646677
 20
22.779381
 42
0.176946
  0
VERTEX
  8
0
 10
190.346108
 20
22.681264
 42
0.006731
  0
VERTEX
  8
0
 10
189.414680
 20
21.929190
 42
-0.042281
  0
VERTEX
  8
0
 10
188.477629
 20
21.276758
 42
-0.181876
  0
VERTEX
  8
0
 10
187.818616
 20
21.167780
 42
-0.157460
  0
VERTEX
  8
0
 10
187.193002
 20
21.516321
 42
-0.029696
  0
VERTEX
  8
0
 10
186.348648
 20
22.537747
 42
0.075330
  0
VERTEX
  8
0
 10
185.513080
 20
23.379384
 42
0.062492
  0
VERTEX
  8
0
 10
184.412697
 20
24.000419
 42
0.055747
  0
VERTEX
  8
0
 10
183.072244
 20
24.382416
 42
0.040502
  0
VERTEX
  8
0
 10
181.525556
 20
24.514638
 42
0.011985
  0
VERTEX
  8
0
 10
180.255164
 20
24.489673
 42
0.024305
  0
VERTEX
  8
0
 10
179.260001
 20
24.397639
 42
0.032653
  0
VERTEX
  8
0
 10
178.614754
 20
24.262736
 42
0.574159
  0
SEQEND
  0
POLYLINE
  8
0
 66
1
 70
1
  0
VERTEX
  8
0
 10
185.493215
 20
22.010978
 42
-0.434156
  0
VERTEX
  8
0
 10
185.417823
 20
21.733859
 42
-0.068683
  0
VERTEX
  8
0
 10
184.823574
 20
21.517735
 42
-0.041276
  0
VERTEX
  8
0
 10
183.833674
 20
21.389158
 42
-0.020388
  0
VERTEX
  8
0
 10
182.564754
 20
21.381685
 42
-0.017674
  0
VERTEX
  8
0
 10
180.999465
 20
21.491791
 42
-0.093421
  0
VERTEX
  8
0
 10
180.179399
 20
21.738183
 42
-0.277965
  0
VERTEX
  8
0
 10
179.939667
 20
22.128863
 42
-0.176753
  0
VERTEX
  8
0
 10
180.123890
 20
22.646765
 42
-0.181265
  0
VERTEX
  8
0
 10
181.163154
 20
23.242517
 42
-0.070049
  0
VERTEX
  8
0
 10
182.850281
 20
23.279652
 42
-0.069085
  0
VERTEX
  8
0
 10
184.514808
 20
22.844308
 42
-0.157140
  0
SEQEND
  0
POLYLINE
  8
0
 66
1
 70
1
  0
VERTEX
  8
0
 10
186.000000
 20
19.455160
 42
-0.357540
  0
VERTEX
  8
0
 10
185.899961
 20
19.333145
 42
-0.025392
  0
VERTEX
  8
0
 10
185.432850
 20
19.264211
 42
-0.026705
  0
VERTEX
  8
0
 10
184.809504
 20
19.237798
 42
-0.016035
  0
VERTEX
  8
0
 10
184.069278
 20
19.269735
 42
-0.039075
  0
VERTEX
  8
0
 10
183.361741
 20
19.379055
 42
-0.079088
  0
VERTEX
  8
0
 10
182.841638
 20
19.592392
 42
-0.140997
  0
VERTEX
  8
0
 10
182.587963
 20
19.868239
 42
-0.259868
  0
VERTEX
  8
0
 10
182.601303
 20
20.163912
 42
-0.261748
  0
VERTEX
  8
0
 10
183.191465
 20
20.490325
 42
-0.049739
  0
VERTEX
  8
0
 10
184.459064
 20
20.355205
 42
-0.050334
  0
VERTEX
  8
0
 10
185.656888
 20
19.976559
 42
-0.299513
  0
SEQEND
  0
POLYLINE
  8
0
 66
1
 70
1
  0
VERTEX
  8
0
 10
195.000000
 20
18.309975
 42
0.125263
  0
VERTEX
  8
0
 10
195.127863
 20
17.807605
 42
0.030037
  0
VERTEX
  8
0
 10
195.587500
 20
17.072045
 42
0.028998
  0
VERTEX
  8
0
 10
196.234451
 20
16.266344
 42
0.025182
  0
VERTEX
  8
0
 10
197.000000
 20
15.500000
 42
0.026053
  0
VERTEX
  8
0
 10
197.768709
 20
14.873950
 42
0.061723
  0
VERTEX
  8
0
 10
198.412500
 20
14.515455
 42
0.143955
  0
VERTEX
  8
0
 10
198.821751
 20
14.474867
 42
0.360419
  0
VERTEX
  8
0
 10
199.000000
 20
14.690025
 42
0.125263
  0
VERTEX
  8
0
 10
198.872137
 20
15.192395
 42
0.030037
  0
VERTEX
  8
0
 10
198.412500
 20
15.927955
 42
0.028998
  0
VERTEX
  8
0
 10
197.765549
 20
16.733656
 42
0.025182
  0
VERTEX
  8
0
 10
197.000000
 20
17.500000
 42
0.026053
  0
VERTEX
  8
0
 10
196.231291
 20
18.126050
 42
0.061723
  0
VERTEX
  8
0
 10
195.587500
 20
18.484545
 42
0.143955
  0
VERTEX
  8
0
 10
195.178249
 20
18.525133
 42
0.360419
  0
SEQEND
  0
POLYLINE
  8
0
 66
1
 70
1
  0
VERTEX
  8
0
 10
200.692222
 20
13.640327
 42
0.105247
  0
VERTEX
  8
0
 10
200.583566
 20
12.952544
 42
0.052268
  0
VERTEX
  8
0
 10
200.722673
 20
12.076525
 42
0.048586
  0
VERTEX
  8
0
 10
201.066245
 20
11.161018
 42
0.051359
  0
VERTEX
  8
0
 10
201.575042
 20
10.347199
 42
0.008503
  0
VERTEX
  8
0
 10
202.476544
 20
9.228674
 42
0.448344
  0
VERTEX
  8
0
 10
202.722595
 20
9.220683
 42
0.229522
  0
VERTEX
  8
0
 10
202.827530
 20
9.549309
 42
0.004360
  0
VERTEX
  8
0
 10
202.550330
 20
11.372695
 42
0.013530
  0
VERTEX
  8
0
 10
202.124517
 20
13.627511
 42
0.118742
  0
VERTEX
  8
0
 10
201.685609
 20
14.535925
 42
0.473093
  0
VERTEX
  8
0
 10
201.213501
 20
14.536186
 42
0.080463
  0
SEQEND
  0
ENDSEC
  0
EOF
