999
DXF data, created by potrace 1.16, written by Peter Selinger 2001-2019
  0
SECTION
  2
HEADER
  9
$ACADVER
  1
AC1006
  9
$EXTMIN
 10
0.000000
 20
0.000000
 30
0.000000
  9
$EXTMAX
 10
1280.000000
 20
1706.000000
 30
0.000000
  0
ENDSEC
  0
SECTION
  2
ENTITIES
  0
POLYLINE
  8
0
 66
1
 70
1
  0
VERTEX
  8
0
 10
0.000000
 20
853.000000
 42
0.000000
  0
VERTEX
  8
0
 10
0.000000
 20
0.000000
 42
0.000000
  0
VERTEX
  8
0
 10
640.000000
 20
0.000000
 42
0.000000
  0
VERTEX
  8
0
 10
1280.000000
 20
0.000000
 42
0.000000
  0
VERTEX
  8
0
 10
1280.000000
 20
853.000000
 42
0.000000
  0
VERTEX
  8
0
 10
1280.000000
 20
1706.000000
 42
0.000000
  0
VERTEX
  8
0
 10
640.000000
 20
1706.000000
 42
0.000000
  0
VERTEX
  8
0
 10
0.000000
 20
1706.000000
 42
0.000000
  0
SEQEND
  0
POLYLINE
  8
0
 66
1
 70
1
  0
VERTEX
  8
0
 10
652.538086
 20
1377.761376
 42
-0.068241
  0
VERTEX
  8
0
 10
651.673253
 20
1377.422019
 42
-0.030666
  0
VERTEX
  8
0
 10
650.469505
 20
1377.207508
 42
-0.029649
  0
VERTEX
  8
0
 10
649.149808
 20
1377.133848
 42
-0.035567
  0
VERTEX
  8
0
 10
647.909669
 20
1377.226566
 42
0.028692
  0
VERTEX
  8
0
 10
646.610247
 20
1377.341684
 42
0.082913
  0
VERTEX
  8
0
 10
645.717781
 20
1377.220959
 42
0.145071
  0
VERTEX
  8
0
 10
645.198300
 20
1376.874614
 42
0.175425
  0
VERTEX
  8
0
 10
645.000000
 20
1376.326807
 42
-0.195703
  0
VERTEX
  8
0
 10
644.774981
 20
1375.773926
 42
-0.110731
  0
VERTEX
  8
0
 10
644.159485
 20
1375.373139
 42
-0.068994
  0
VERTEX
  8
0
 10
643.145905
 20
1375.147700
 42
-0.029199
  0
VERTEX
  8
0
 10
641.750000
 20
1375.116001
 42
-0.008046
  0
VERTEX
  8
0
 10
640.346194
 20
1375.188739
 42
-0.097076
  0
VERTEX
  8
0
 10
639.826177
 20
1375.327858
 42
-0.643196
  0
VERTEX
  8
0
 10
639.831004
 20
1375.504591
 42
-0.039393
  0
VERTEX
  8
0
 10
640.500000
 20
1375.727470
 42
0.049629
  0
VERTEX
  8
0
 10
641.325462
 20
1376.021345
 42
0.038827
  0
VERTEX
  8
0
 10
642.151841
 20
1376.493195
 42
0.039992
  0
VERTEX
  8
0
 10
642.858090
 20
1377.060080
 42
0.073178
  0
VERTEX
  8
0
 10
643.314779
 20
1377.638431
 42
-0.130639
  0
VERTEX
  8
0
 10
643.879603
 20
1378.206991
 42
-0.063703
  0
VERTEX
  8
0
 10
644.827819
 20
1378.609741
 42
-0.051723
  0
VERTEX
  8
0
 10
646.071612
 20
1378.824614
 42
-0.033753
  0
VERTEX
  8
0
 10
647.529439
 20
1378.824956
 42
0.019478
  0
VERTEX
  8
0
 10
648.880645
 20
1378.786716
 42
0.024587
  0
VERTEX
  8
0
 10
650.128833
 20
1378.861475
 42
0.023913
  0
VERTEX
  8
0
 10
651.142866
 20
1379.021793
 42
0.146224
  0
VERTEX
  8
0
 10
651.604140
 20
1379.270807
 42
-0.109473
  0
VERTEX
  8
0
 10
651.936464
 20
1379.482561
 42
-0.077912
  0
VERTEX
  8
0
 10
652.371232
 20
1379.567860
 42
-0.072988
  0
VERTEX
  8
0
 10
652.839315
 20
1379.517349
 42
-0.075232
  0
VERTEX
  8
0
 10
653.267896
 20
1379.334431
 42
-0.185094
  0
VERTEX
  8
0
 10
653.507773
 20
1379.019659
 42
-0.181846
  0
VERTEX
  8
0
 10
653.478069
 20
1378.622380
 42
-0.108572
  0
VERTEX
  8
0
 10
653.141752
 20
1378.180607
 42
-0.048439
  0
SEQEND
  0
POLYLINE
  8
0
 66
1
 70
1
  0
VERTEX
  8
0
 10
685.000000
 20
1376.893011
 42
0.159517
  0
VERTEX
  8
0
 10
685.111504
 20
1376.552399
 42
0.096838
  0
VERTEX
  8
0
 10
685.426029
 20
1376.262322
 42
0.078535
  0
VERTEX
  8
0
 10
685.895672
 20
1376.066432
 42
0.059674
  0
VERTEX
  8
0
 10
686.450310
 20
1376.000000
 42
-0.100091
  0
VERTEX
  8
0
 10
687.080999
 20
1375.872470
 42
-0.053839
  0
VERTEX
  8
0
 10
687.777563
 20
1375.485938
 42
-0.050535
  0
VERTEX
  8
0
 10
688.429874
 20
1374.919373
 42
-0.055578
  0
VERTEX
  8
0
 10
688.932014
 20
1374.250000
 42
0.026754
  0
VERTEX
  8
0
 10
689.510626
 20
1373.378417
 42
0.184477
  0
VERTEX
  8
0
 10
689.936396
 20
1373.107675
 42
0.252915
  0
VERTEX
  8
0
 10
690.350344
 20
1373.232964
 42
0.049839
  0
VERTEX
  8
0
 10
690.856704
 20
1373.856763
 42
-0.044878
  0
VERTEX
  8
0
 10
691.303268
 20
1374.418165
 42
-0.164447
  0
VERTEX
  8
0
 10
691.700121
 20
1374.626371
 42
-0.216112
  0
VERTEX
  8
0
 10
692.071504
 20
1374.524192
 42
-0.080940
  0
VERTEX
  8
0
 10
692.434017
 20
1374.106763
 42
-0.075666
  0
VERTEX
  8
0
 10
692.614234
 20
1373.683497
 42
-0.152774
  0
VERTEX
  8
0
 10
692.595683
 20
1373.325112
 42
-0.186949
  0
VERTEX
  8
0
 10
692.385724
 20
1373.087911
 42
-0.119720
  0
VERTEX
  8
0
 10
692.023833
 20
1373.000000
 42
0.154590
  0
VERTEX
  8
0
 10
691.603414
 20
1372.866832
 42
0.240845
  0
VERTEX
  8
0
 10
691.430081
 20
1372.537600
 42
0.103812
  0
VERTEX
  8
0
 10
691.546869
 20
1371.946194
 42
0.022390
  0
VERTEX
  8
0
 10
692.000000
 20
1371.000000
 42
-0.075094
  0
VERTEX
  8
0
 10
692.505792
 20
1369.576890
 42
-0.432520
  0
VERTEX
  8
0
 10
692.088571
 20
1368.998443
 42
-0.241128
  0
VERTEX
  8
0
 10
691.130159
 20
1369.341501
 42
-0.056667
  0
VERTEX
  8
0
 10
690.080099
 20
1370.750000
 42
0.017248
  0
VERTEX
  8
0
 10
689.495916
 20
1371.677852
 42
0.454163
  0
VERTEX
  8
0
 10
689.236824
 20
1371.709560
 42
0.202732
  0
VERTEX
  8
0
 10
689.069971
 20
1371.355060
 42
0.007142
  0
VERTEX
  8
0
 10
689.030409
 20
1369.809017
 42
0.037212
  0
VERTEX
  8
0
 10
689.098577
 20
1368.729972
 42
0.041436
  0
VERTEX
  8
0
 10
689.326484
 20
1367.712253
 42
0.045586
  0
VERTEX
  8
0
 10
689.667398
 20
1366.892781
 42
0.133758
  0
VERTEX
  8
0
 10
690.081027
 20
1366.449923
 42
-0.153269
  0
VERTEX
  8
0
 10
690.451976
 20
1366.021005
 42
-0.063318
  0
VERTEX
  8
0
 10
690.668229
 20
1365.275740
 42
-0.054518
  0
VERTEX
  8
0
 10
690.711550
 20
1364.355068
 42
-0.046031
  0
VERTEX
  8
0
 10
690.561975
 20
1363.390906
 42
0.062419
  0
VERTEX
  8
0
 10
690.312668
 20
1361.344499
 42
0.711260
  0
VERTEX
  8
0
 10
690.822485
 20
1361.169381
 42
0.071096
  0
VERTEX
  8
0
 10
692.051461
 20
1363.299887
 42
0.019783
  0
VERTEX
  8
0
 10
693.346189
 20
1366.940252
 42
-0.012112
  0
VERTEX
  8
0
 10
694.324989
 20
1369.832054
 42
-0.052736
  0
VERTEX
  8
0
 10
695.120207
 20
1371.453500
 42
-0.115623
  0
VERTEX
  8
0
 10
695.883511
 20
1372.207443
 42
-0.232934
  0
VERTEX
  8
0
 10
696.705647
 20
1372.282712
 42
-0.024804
  0
VERTEX
  8
0
 10
697.516656
 20
1371.924417
 42
-0.305243
  0
VERTEX
  8
0
 10
697.674296
 20
1371.644355
 42
-0.233080
  0
VERTEX
  8
0
 10
697.488027
 20
1371.332075
 42
-0.016196
  0
VERTEX
  8
0
 10
696.586068
 20
1370.788228
 42
0.057988
  0
VERTEX
  8
0
 10
695.739585
 20
1370.176151
 42
0.228532
  0
VERTEX
  8
0
 10
695.507716
 20
1369.594871
 42
0.122982
  0
VERTEX
  8
0
 10
695.764117
 20
1368.806742
 42
0.013087
  0
VERTEX
  8
0
 10
696.837804
 20
1367.187220
 42
-0.043653
  0
VERTEX
  8
0
 10
698.492975
 20
1364.325394
 42
-0.029788
  0
VERTEX
  8
0
 10
699.879001
 20
1360.830384
 42
-0.025380
  0
VERTEX
  8
0
 10
700.774760
 20
1357.558682
 42
-0.194931
  0
VERTEX
  8
0
 10
700.513167
 20
1356.021305
 42
0.157970
  0
VERTEX
  8
0
 10
700.379498
 20
1355.475616
 42
0.051524
  0
VERTEX
  8
0
 10
700.526556
 20
1354.649110
 42
0.045369
  0
VERTEX
  8
0
 10
700.892239
 20
1353.705502
 42
0.037673
  0
VERTEX
  8
0
 10
701.442067
 20
1352.779248
 42
0.015694
  0
VERTEX
  8
0
 10
702.041314
 20
1351.978414
 42
0.038592
  0
VERTEX
  8
0
 10
702.542357
 20
1351.441582
 42
0.100508
  0
VERTEX
  8
0
 10
702.859994
 20
1351.250154
 42
0.518335
  0
VERTEX
  8
0
 10
703.000000
 20
1351.348922
 42
-0.365827
  0
VERTEX
  8
0
 10
703.136582
 20
1351.510615
 42
-0.153161
  0
VERTEX
  8
0
 10
703.440625
 20
1351.469014
 42
-0.061440
  0
VERTEX
  8
0
 10
703.923239
 20
1351.164643
 42
-0.025006
  0
VERTEX
  8
0
 10
704.500000
 20
1350.642857
 42
-0.032161
  0
VERTEX
  8
0
 10
705.074034
 20
1349.989814
 42
-0.032192
  0
VERTEX
  8
0
 10
705.559375
 20
1349.268750
 42
-0.033960
  0
VERTEX
  8
0
 10
705.897730
 20
1348.586132
 42
-0.098387
  0
VERTEX
  8
0
 10
706.000000
 20
1348.071429
 42
0.098653
  0
VERTEX
  8
0
 10
706.081472
 20
1347.662524
 42
0.097853
  0
VERTEX
  8
0
 10
706.313545
 20
1347.314732
 42
0.098035
  0
VERTEX
  8
0
 10
706.660038
 20
1347.081810
 42
0.099425
  0
VERTEX
  8
0
 10
707.067388
 20
1347.000000
 42
0.394596
  0
VERTEX
  8
0
 10
707.608032
 20
1347.505360
 42
0.074768
  0
VERTEX
  8
0
 10
707.487113
 20
1348.979991
 42
0.042405
  0
VERTEX
  8
0
 10
706.743241
 20
1351.256414
 42
0.017474
  0
VERTEX
  8
0
 10
705.373315
 20
1354.200340
 42
-0.026926
  0
VERTEX
  8
0
 10
704.335932
 20
1356.544433
 42
-0.091472
  0
VERTEX
  8
0
 10
704.037355
 20
1358.181805
 42
-0.545142
  0
VERTEX
  8
0
 10
704.493808
 20
1358.474710
 42
-0.124040
  0
VERTEX
  8
0
 10
705.380680
 20
1357.765544
 42
0.030395
  0
VERTEX
  8
0
 10
705.921377
 20
1357.136781
 42
0.050262
  0
VERTEX
  8
0
 10
706.456733
 20
1356.686453
 42
0.068653
  0
VERTEX
  8
0
 10
706.909817
 20
1356.460946
 42
0.284884
  0
VERTEX
  8
0
 10
707.194330
 20
1356.527664
 42
-0.366657
  0
VERTEX
  8
0
 10
707.572134
 20
1356.558913
 42
-0.008400
  0
VERTEX
  8
0
 10
709.129796
 20
1355.406060
 42
-0.014734
  0
VERTEX
  8
0
 10
710.981647
 20
1353.898056
 42
-0.008938
  0
VERTEX
  8
0
 10
713.085829
 20
1352.012120
 42
0.011021
  0
VERTEX
  8
0
 10
715.245913
 20
1350.092246
 42
0.015200
  0
VERTEX
  8
0
 10
717.273279
 20
1348.472310
 42
0.011770
  0
VERTEX
  8
0
 10
719.009184
 20
1347.232465
 42
0.150286
  0
VERTEX
  8
0
 10
719.765127
 20
1347.000000
 42
-0.154486
  0
VERTEX
  8
0
 10
720.325532
 20
1346.822617
 42
-0.057121
  0
VERTEX
  8
0
 10
720.951425
 20
1346.265625
 42
-0.049725
  0
VERTEX
  8
0
 10
721.541422
 20
1345.456589
 42
-0.041876
  0
VERTEX
  8
0
 10
722.000000
 20
1344.500000
 42
0.060872
  0
VERTEX
  8
0
 10
722.836044
 20
1342.913200
 42
0.144339
  0
VERTEX
  8
0
 10
723.866148
 20
1342.084294
 42
0.322713
  0
VERTEX
  8
0
 10
724.653990
 20
1342.271618
 42
0.173312
  0
VERTEX
  8
0
 10
725.033269
 20
1343.250000
 42
-0.317892
  0
VERTEX
  8
0
 10
725.223614
 20
1343.504489
 42
-0.201483
  0
VERTEX
  8
0
 10
725.608141
 20
1343.471875
 42
-0.071905
  0
VERTEX
  8
0
 10
726.218898
 20
1343.030464
 42
-0.026543
  0
VERTEX
  8
0
 10
726.943562
 20
1342.250000
 42
0.038132
  0
VERTEX
  8
0
 10
728.415116
 20
1340.736951
 42
0.124898
  0
VERTEX
  8
0
 10
729.646552
 20
1340.104338
 42
0.223986
  0
VERTEX
  8
0
 10
730.603487
 20
1340.312951
 42
0.141944
  0
VERTEX
  8
0
 10
731.291667
 20
1341.250000
 42
-0.063019
  0
VERTEX
  8
0
 10
731.583979
 20
1341.815176
 42
-0.243150
  0
VERTEX
  8
0
 10
731.921706
 20
1341.995561
 42
-0.165538
  0
VERTEX
  8
0
 10
732.364080
 20
1341.851619
 42
-0.028271
  0
VERTEX
  8
0
 10
733.051206
 20
1341.273794
 42
0.064755
  0
VERTEX
  8
0
 10
733.655571
 20
1340.836463
 42
0.089404
  0
VERTEX
  8
0
 10
734.290157
 20
1340.627055
 42
0.101219
  0
VERTEX
  8
0
 10
734.897434
 20
1340.664355
 42
0.107733
  0
VERTEX
  8
0
 10
735.426206
 20
1340.938118
 42
-0.148115
  0
VERTEX
  8
0
 10
735.894976
 20
1341.135361
 42
-0.263105
  0
VERTEX
  8
0
 10
736.268016
 20
1340.973066
 42
-0.118495
  0
VERTEX
  8
0
 10
736.525024
 20
1340.381737
 42
-0.028594
  0
VERTEX
  8
0
 10
736.650468
 20
1339.313856
 42
-0.018373
  0
VERTEX
  8
0
 10
736.677597
 20
1338.135580
 42
-0.145452
  0
VERTEX
  8
0
 10
736.516754
 20
1337.620364
 42
-0.377914
  0
VERTEX
  8
0
 10
736.201398
 20
1337.537596
 42
-0.080026
  0
VERTEX
  8
0
 10
735.700468
 20
1337.899532
 42
0.037792
  0
VERTEX
  8
0
 10
735.210374
 20
1338.320653
 42
0.034673
  0
VERTEX
  8
0
 10
734.648648
 20
1338.676737
 42
0.036488
  0
VERTEX
  8
0
 10
734.101380
 20
1338.922919
 42
0.087668
  0
VERTEX
  8
0
 10
733.665141
 20
1339.000000
 42
0.502181
  0
VERTEX
  8
0
 10
733.534915
 20
1338.825097
 42
0.096883
  0
VERTEX
  8
0
 10
733.751783
 20
1338.412500
 42
0.040059
  0
VERTEX
  8
0
 10
734.359901
 20
1337.769040
 42
0.016761
  0
VERTEX
  8
0
 10
735.272871
 20
1337.000000
 42
0.020994
  0
VERTEX
  8
0
 10
736.334999
 20
1336.234442
 42
0.023194
  0
VERTEX
  8
0
 10
737.423688
 20
1335.587500
 42
0.023401
  0
VERTEX
  8
0
 10
738.396197
 20
1335.126095
 42
0.099376
  0
VERTEX
  8
0
 10
739.024361
 20
1335.000000
 42
0.168044
  0
VERTEX
  8
0
 10
739.466315
 20
1335.152852
 42
0.144612
  0
VERTEX
  8
0
 10
739.752276
 20
1335.555440
 42
0.097976
  0
VERTEX
  8
0
 10
739.838880
 20
1336.192826
 42
0.048913
  0
VERTEX
  8
0
 10
739.710251
 20
1337.000000
 42
-0.027445
  0
VERTEX
  8
0
 10
739.362741
 20
1338.706419
 42
-0.618423
  0
VERTEX
  8
0
 10
739.682102
 20
1338.929204
 42
-0.166855
  0
VERTEX
  8
0
 10
740.288661
 20
1338.266950
 42
-0.016841
  0
VERTEX
  8
0
 10
741.087688
 20
1336.250000
 42
0.115928
  0
VERTEX
  8
0
 10
742.407974
 20
1334.209692
 42
0.046115
  0
VERTEX
  8
0
 10
745.030772
 20
1332.116914
 42
0.046096
  0
VERTEX
  8
0
 10
748.039927
 20
1330.515045
 42
0.099590
  0
VERTEX
  8
0
 10
750.600118
 20
1330.000000
 42
-0.068306
  0
VERTEX
  8
0
 10
751.135716
 20
1329.926488
 42
-0.142259
  0
VERTEX
  8
0
 10
751.490599
 20
1329.706250
 42
-0.190506
  0
VERTEX
  8
0
 10
751.612069
 20
1329.379828
 42
-0.134127
  0
VERTEX
  8
0
 10
751.500000
 20
1329.000000
 42
0.074422
  0
VERTEX
  8
0
 10
751.336022
 20
1328.617505
 42
0.151112
  0
VERTEX
  8
0
 10
751.350121
 20
1328.293750
 42
0.187673
  0
VERTEX
  8
0
 10
751.535826
 20
1328.079653
 42
0.121914
  0
VERTEX
  8
0
 10
751.857650
 20
1328.000000
 42
0.111184
  0
VERTEX
  8
0
 10
752.268252
 20
1328.092448
 42
0.064692
  0
VERTEX
  8
0
 10
752.694890
 20
1328.367188
 42
0.059740
  0
VERTEX
  8
0
 10
753.072143
 20
1328.772034
 42
0.061896
  0
VERTEX
  8
0
 10
753.337719
 20
1329.250000
 42
-0.114367
  0
VERTEX
  8
0
 10
753.534643
 20
1329.530993
 42
-0.457386
  0
VERTEX
  8
0
 10
753.717133
 20
1329.507843
 42
-0.115934
  0
VERTEX
  8
0
 10
753.860081
 20
1329.123199
 42
-0.021977
  0
VERTEX
  8
0
 10
753.921053
 20
1328.372445
 42
0.064995
  0
VERTEX
  8
0
 10
754.075223
 20
1327.457295
 42
0.042954
  0
VERTEX
  8
0
 10
754.473822
 20
1326.466703
 42
0.042810
  0
VERTEX
  8
0
 10
755.038425
 20
1325.553990
 42
0.062516
  0
VERTEX
  8
0
 10
755.691958
 20
1324.872445
 42
0.016162
  0
VERTEX
  8
0
 10
756.330162
 20
1324.388099
 42
0.106538
  0
VERTEX
  8
0
 10
756.696565
 20
1324.231200
 42
0.532304
  0
VERTEX
  8
0
 10
756.806256
 20
1324.341023
 42
0.086902
  0
VERTEX
  8
0
 10
756.675647
 20
1324.680902
 42
-0.079952
  0
VERTEX
  8
0
 10
756.477272
 20
1325.176581
 42
-0.090229
  0
VERTEX
  8
0
 10
756.456196
 20
1325.688436
 42
-0.099281
  0
VERTEX
  8
0
 10
756.613031
 20
1326.136449
 42
-0.121232
  0
VERTEX
  8
0
 10
756.923174
 20
1326.452519
 42
-0.314561
  0
VERTEX
  8
0
 10
757.963929
 20
1326.394230
 42
-0.021820
  0
VERTEX
  8
0
 10
760.315929
 20
1324.376280
 42
-0.024799
  0
VERTEX
  8
0
 10
762.483925
 20
1322.133617
 42
-0.181681
  0
VERTEX
  8
0
 10
763.000000
 20
1320.760218
 42
0.197811
  0
VERTEX
  8
0
 10
763.119580
 20
1320.469787
 42
0.085929
  0
VERTEX
  8
0
 10
763.466141
 20
1320.223314
 42
0.065875
  0
VERTEX
  8
0
 10
763.979477
 20
1320.055929
 42
0.045943
  0
VERTEX
  8
0
 10
764.586864
 20
1320.000000
 42
-0.151573
  0
VERTEX
  8
0
 10
765.276455
 20
1319.786037
 42
-0.058250
  0
VERTEX
  8
0
 10
766.040222
 20
1319.118750
 42
-0.050738
  0
VERTEX
  8
0
 10
766.755525
 20
1318.147841
 42
-0.043188
  0
VERTEX
  8
0
 10
767.306102
 20
1317.000000
 42
0.042470
  0
VERTEX
  8
0
 10
767.897704
 20
1315.762082
 42
0.062824
  0
VERTEX
  8
0
 10
768.630934
 20
1314.809844
 42
0.076341
  0
VERTEX
  8
0
 10
769.446309
 20
1314.206881
 42
0.121684
  0
VERTEX
  8
0
 10
770.283798
 20
1314.000000
 42
-0.113903
  0
VERTEX
  8
0
 10
771.165643
 20
1313.796470
 42
-0.037014
  0
VERTEX
  8
0
 10
772.328580
 20
1313.118750
 42
-0.034685
  0
VERTEX
  8
0
 10
773.551332
 20
1312.148056
 42
-0.032752
  0
VERTEX
  8
0
 10
774.653454
 20
1311.000000
 42
0.032054
  0
VERTEX
  8
0
 10
775.752522
 20
1309.851922
 42
0.034275
  0
VERTEX
  8
0
 10
776.966224
 20
1308.881250
 42
0.036541
  0
VERTEX
  8
0
 10
778.116469
 20
1308.202623
 42
0.115503
  0
VERTEX
  8
0
 10
778.981905
 20
1308.000000
 42
-0.076071
  0
VERTEX
  8
0
 10
779.714613
 20
1307.887876
 42
-0.064771
  0
VERTEX
  8
0
 10
780.425147
 20
1307.559375
 42
-0.066817
  0
VERTEX
  8
0
 10
781.006890
 20
1307.073486
 42
-0.094050
  0
VERTEX
  8
0
 10
781.361626
 20
1306.500000
 42
-0.057424
  0
VERTEX
  8
0
 10
781.509299
 20
1305.925707
 42
-0.102238
  0
VERTEX
  8
0
 10
781.476844
 20
1305.440625
 42
-0.148362
  0
VERTEX
  8
0
 10
781.274994
 20
1305.122323
 42
-0.179664
  0
VERTEX
  8
0
 10
780.945562
 20
1305.000000
 42
0.539919
  0
VERTEX
  8
0
 10
780.523579
 20
1304.356837
 42
0.062182
  0
VERTEX
  8
0
 10
781.588841
 20
1302.554008
 42
0.043653
  0
VERTEX
  8
0
 10
783.401605
 20
1300.589095
 42
0.121245
  0
VERTEX
  8
0
 10
785.041523
 20
1299.699393
 42
-0.069015
  0
VERTEX
  8
0
 10
785.838701
 20
1299.368358
 42
-0.048909
  0
VERTEX
  8
0
 10
786.622927
 20
1298.797598
 42
-0.049085
  0
VERTEX
  8
0
 10
787.277940
 20
1298.088573
 42
-0.071502
  0
VERTEX
  8
0
 10
787.688999
 20
1297.344939
 42
0.032069
  0
VERTEX
  8
0
 10
788.055405
 20
1296.538195
 42
0.019681
  0
VERTEX
  8
0
 10
788.583251
 20
1295.636888
 42
0.019702
  0
VERTEX
  8
0
 10
789.178472
 20
1294.782628
 42
0.032962
  0
VERTEX
  8
0
 10
789.751556
 20
1294.121061
 42
-0.063101
  0
VERTEX
  8
0
 10
790.233745
 20
1293.491649
 42
-0.058095
  0
VERTEX
  8
0
 10
790.559954
 20
1292.744436
 42
-0.061990
  0
VERTEX
  8
0
 10
790.689508
 20
1291.997535
 42
-0.103955
  0
VERTEX
  8
0
 10
790.588895
 20
1291.371061
 42
0.061874
  0
VERTEX
  8
0
 10
790.458920
 20
1290.846342
 42
0.108272
  0
VERTEX
  8
0
 10
790.501850
 20
1290.402749
 42
0.150888
  0
VERTEX
  8
0
 10
790.706308
 20
1290.111271
 42
0.166406
  0
VERTEX
  8
0
 10
791.031385
 20
1290.000000
 42
0.126731
  0
VERTEX
  8
0
 10
791.403949
 20
1290.095972
 42
0.097208
  0
VERTEX
  8
0
 10
791.727230
 20
1290.367188
 42
0.086638
  0
VERTEX
  8
0
 10
791.951828
 20
1290.772413
 42
0.075453
  0
VERTEX
  8
0
 10
792.040038
 20
1291.250000
 42
-0.397054
  0
VERTEX
  8
0
 10
792.212952
 20
1291.422035
 42
-0.206754
  0
VERTEX
  8
0
 10
792.520167
 20
1291.299030
 42
-0.053407
  0
VERTEX
  8
0
 10
793.022784
 20
1290.671711
 42
-0.018037
  0
VERTEX
  8
0
 10
793.618296
 20
1289.661592
 42
-0.018622
  0
VERTEX
  8
0
 10
794.173275
 20
1288.539709
 42
-0.027765
  0
VERTEX
  8
0
 10
794.565630
 20
1287.517932
 42
-0.026520
  0
VERTEX
  8
0
 10
794.784458
 20
1286.688964
 42
-0.252803
  0
VERTEX
  8
0
 10
794.683207
 20
1286.349873
 42
0.318541
  0
VERTEX
  8
0
 10
794.627920
 20
1286.025146
 42
0.028258
  0
VERTEX
  8
0
 10
795.052477
 20
1285.256458
 42
0.028726
  0
VERTEX
  8
0
 10
795.721110
 20
1284.317011
 42
0.017856
  0
VERTEX
  8
0
 10
796.604948
 20
1283.292259
 42
-0.032539
  0
VERTEX
  8
0
 10
797.521521
 20
1282.164253
 42
-0.031357
  0
VERTEX
  8
0
 10
798.296453
 20
1280.913269
 42
-0.032931
  0
VERTEX
  8
0
 10
798.835613
 20
1279.725369
 42
-0.090303
  0
VERTEX
  8
0
 10
799.000000
 20
1278.822592
 42
0.074156
  0
VERTEX
  8
0
 10
799.114012
 20
1278.058092
 42
0.064352
  0
VERTEX
  8
0
 10
799.448122
 20
1277.319095
 42
0.066861
  0
VERTEX
  8
0
 10
799.942252
 20
1276.716305
 42
0.096348
  0
VERTEX
  8
0
 10
800.525523
 20
1276.351832
 42
-0.053479
  0
VERTEX
  8
0
 10
801.221370
 20
1275.995505
 42
-0.203020
  0
VERTEX
  8
0
 10
801.487412
 20
1275.598235
 42
-0.180973
  0
VERTEX
  8
0
 10
801.402256
 20
1275.097904
 42
-0.041542
  0
VERTEX
  8
0
 10
800.903079
 20
1274.383217
 42
0.023042
  0
VERTEX
  8
0
 10
800.398299
 20
1273.714570
 42
0.146566
  0
VERTEX
  8
0
 10
800.270126
 20
1273.313766
 42
0.316930
  0
VERTEX
  8
0
 10
800.426861
 20
1273.082381
 42
0.090643
  0
VERTEX
  8
0
 10
800.877555
 20
1273.000000
 42
-0.137718
  0
VERTEX
  8
0
 10
801.305587
 20
1272.879825
 42
-0.100174
  0
VERTEX
  8
0
 10
801.670282
 20
1272.542039
 42
-0.086029
  0
VERTEX
  8
0
 10
801.915813
 20
1272.036807
 42
-0.070298
  0
VERTEX
  8
0
 10
802.000000
 20
1271.440983
 42
-0.066118
  0
VERTEX
  8
0
 10
801.926733
 20
1270.889346
 42
-0.138808
  0
VERTEX
  8
0
 10
801.706250
 20
1270.521475
 42
-0.191142
  0
VERTEX
  8
0
 10
801.379648
 20
1270.392057
 42
-0.139169
  0
VERTEX
  8
0
 10
801.000000
 20
1270.500000
 42
0.060097
  0
VERTEX
  8
0
 10
800.616858
 20
1270.677354
 42
0.128524
  0
VERTEX
  8
0
 10
800.293750
 20
1270.696061
 42
0.191435
  0
VERTEX
  8
0
 10
800.082544
 20
1270.558857
 42
0.155330
  0
VERTEX
  8
0
 10
800.000000
 20
1270.299564
 42
0.224593
  0
VERTEX
  8
0
 10
800.479588
 20
1269.285739
 42
0.048977
  0
VERTEX
  8
0
 10
802.130059
 20
1268.182537
 42
0.049010
  0
VERTEX
  8
0
 10
803.970120
 20
1267.418857
 42
0.215503
  0
VERTEX
  8
0
 10
805.107559
 20
1267.566475
 42
-0.101841
  0
VERTEX
  8
0
 10
805.481117
 20
1267.703085
 42
-0.222765
  0
VERTEX
  8
0
 10
805.766339
 20
1267.617733
 42
-0.183146
  0
VERTEX
  8
0
 10
805.920401
 20
1267.321363
 42
-0.070598
  0
VERTEX
  8
0
 10
805.909162
 20
1266.850352
 42
0.097183
  0
VERTEX
  8
0
 10
805.953626
 20
1265.314309
 42
0.048007
  0
VERTEX
  8
0
 10
806.567583
 20
1263.453137
 42
0.048108
  0
VERTEX
  8
0
 10
807.517104
 20
1261.758480
 42
0.105147
  0
VERTEX
  8
0
 10
808.596442
 20
1260.744043
 42
-0.111223
  0
VERTEX
  8
0
 10
809.123390
 20
1260.236722
 42
-0.032896
  0
VERTEX
  8
0
 10
809.680416
 20
1259.257211
 42
-0.031236
  0
VERTEX
  8
0
 10
810.178593
 20
1258.041287
 42
-0.029112
  0
VERTEX
  8
0
 10
810.535088
 20
1256.744043
 42
0.022111
  0
VERTEX
  8
0
 10
810.938697
 20
1255.190611
 42
0.009504
  0
VERTEX
  8
0
 10
811.607310
 20
1253.155428
 42
0.009382
  0
VERTEX
  8
0
 10
812.402535
 20
1251.011507
 42
0.012235
  0
VERTEX
  8
0
 10
813.214330
 20
1249.082946
 42
-0.025686
  0
VERTEX
  8
0
 10
814.071678
 20
1246.882485
 42
-0.036853
  0
VERTEX
  8
0
 10
814.582095
 20
1244.853878
 42
-0.040362
  0
VERTEX
  8
0
 10
814.760275
 20
1242.925543
 42
-0.042531
  0
VERTEX
  8
0
 10
814.620441
 20
1241.027832
 42
0.032298
  0
VERTEX
  8
0
 10
814.462469
 20
1239.352055
 42
0.042753
  0
VERTEX
  8
0
 10
814.548267
 20
1237.822549
 42
0.048094
  0
VERTEX
  8
0
 10
814.870107
 20
1236.493619
 42
0.069435
  0
VERTEX
  8
0
 10
815.419457
 20
1235.418454
 42
-0.068915
  0
VERTEX
  8
0
 10
815.999671
 20
1234.285780
 42
-0.017819
  0
VERTEX
  8
0
 10
816.607600
 20
1232.321587
 42
-0.017785
  0
VERTEX
  8
0
 10
817.146211
 20
1230.010349
 42
-0.017274
  0
VERTEX
  8
0
 10
817.525255
 20
1227.644161
 42
0.017694
  0
VERTEX
  8
0
 10
817.922538
 20
1225.177378
 42
0.033678
  0
VERTEX
  8
0
 10
818.443615
 20
1223.237320
 42
0.041224
  0
VERTEX
  8
0
 10
819.044921
 20
1221.861847
 42
0.179352
  0
VERTEX
  8
0
 10
819.701749
 20
1221.284208
 42
-0.081522
  0
VERTEX
  8
0
 10
820.324230
 20
1220.920245
 42
-0.038186
  0
VERTEX
  8
0
 10
820.997388
 20
1220.269968
 42
-0.036520
  0
VERTEX
  8
0
 10
821.614703
 20
1219.463541
 42
-0.042374
  0
VERTEX
  8
0
 10
822.074216
 20
1218.613615
 42
0.007665
  0
VERTEX
  8
0
 10
822.491478
 20
1217.694768
 42
0.005494
  0
VERTEX
  8
0
 10
822.984787
 20
1216.680250
 42
0.005549
  0
VERTEX
  8
0
 10
823.476012
 20
1215.724301
 42
0.011875
  0
VERTEX
  8
0
 10
823.880700
 20
1215.000000
 42
-0.040586
  0
VERTEX
  8
0
 10
824.286145
 20
1214.165237
 42
-0.010626
  0
VERTEX
  8
0
 10
824.796671
 20
1212.765625
 42
-0.010724
  0
VERTEX
  8
0
 10
825.311708
 20
1211.141402
 42
-0.010792
  0
VERTEX
  8
0
 10
825.755463
 20
1209.500000
 42
0.008853
  0
VERTEX
  8
0
 10
826.249120
 20
1207.645498
 42
0.004627
  0
VERTEX
  8
0
 10
826.926010
 20
1205.353125
 42
0.004600
  0
VERTEX
  8
0
 10
827.663878
 20
1203.014062
 42
0.007023
  0
VERTEX
  8
0
 10
828.351091
 20
1201.000000
 42
-0.017363
  0
VERTEX
  8
0
 10
829.008908
 20
1198.933231
 42
-0.010265
  0
VERTEX
  8
0
 10
829.656696
 20
1196.426563
 42
-0.010264
  0
VERTEX
  8
0
 10
830.201199
 20
1193.894715
 42
-0.017320
  0
VERTEX
  8
0
 10
830.539989
 20
1191.750000
 42
0.017239
  0
VERTEX
  8
0
 10
830.904434
 20
1189.440464
 42
0.063533
  0
VERTEX
  8
0
 10
831.365405
 20
1188.039499
 42
0.117340
  0
VERTEX
  8
0
 10
831.984362
 20
1187.271562
 42
0.163876
  0
VERTEX
  8
0
 10
832.811273
 20
1186.984687
 42
-0.018565
  0
VERTEX
  8
0
 10
833.611450
 20
1186.947698
 42
-0.262690
  0
VERTEX
  8
0
 10
833.840041
 20
1186.792286
 42
-0.353902
  0
VERTEX
  8
0
 10
833.788187
 20
1186.560793
 42
-0.026178
  0
VERTEX
  8
0
 10
833.220932
 20
1186.157705
 42
0.213498
  0
VERTEX
  8
0
 10
832.395553
 20
1184.910624
 42
0.041692
  0
VERTEX
  8
0
 10
832.173251
 20
1182.160000
 42
0.043167
  0
VERTEX
  8
0
 10
832.444085
 20
1179.124027
 42
0.071044
  0
VERTEX
  8
0
 10
833.246451
 20
1176.679122
 42
-0.074059
  0
VERTEX
  8
0
 10
833.547836
 20
1175.741828
 42
-0.045512
  0
VERTEX
  8
0
 10
833.631763
 20
1174.582987
 42
-0.041747
  0
VERTEX
  8
0
 10
833.501328
 20
1173.310005
 42
-0.037487
  0
VERTEX
  8
0
 10
833.159640
 20
1172.028099
 42
0.034361
  0
VERTEX
  8
0
 10
832.771497
 20
1170.607607
 42
0.064588
  0
VERTEX
  8
0
 10
832.689563
 20
1169.422789
 42
0.074079
  0
VERTEX
  8
0
 10
832.911899
 20
1168.368500
 42
0.061375
  0
VERTEX
  8
0
 10
833.440506
 20
1167.348977
 42
-0.141569
  0
VERTEX
  8
0
 10
834.407466
 20
1164.427697
 42
-0.013071
  0
VERTEX
  8
0
 10
834.501748
 20
1156.728194
 42
-0.018016
  0
VERTEX
  8
0
 10
834.100055
 20
1148.688958
 42
-0.037521
  0
VERTEX
  8
0
 10
833.095178
 20
1142.500000
 42
0.028406
  0
VERTEX
  8
0
 10
832.653850
 20
1140.063262
 42
0.017716
  0
VERTEX
  8
0
 10
832.401768
 20
1137.171297
 42
0.017287
  0
VERTEX
  8
0
 10
832.350594
 20
1134.151972
 42
0.020820
  0
VERTEX
  8
0
 10
832.518657
 20
1131.319145
 42
-0.015836
  0
VERTEX
  8
0
 10
832.710720
 20
1128.548998
 42
-0.025426
  0
VERTEX
  8
0
 10
832.679256
 20
1126.181410
 42
-0.029977
  0
VERTEX
  8
0
 10
832.441453
 20
1124.274503
 42
-0.077000
  0
VERTEX
  8
0
 10
831.982293
 20
1122.966913
 42
0.081875
  0
VERTEX
  8
0
 10
830.371707
 20
1118.234131
 42
0.009902
  0
VERTEX
  8
0
 10
828.778687
 20
1107.311284
 42
0.007326
  0
VERTEX
  8
0
 10
827.537815
 20
1096.113855
 42
0.143161
  0
VERTEX
  8
0
 10
828.182958
 20
1092.735163
 42
-0.047927
  0
VERTEX
  8
0
 10
828.519022
 20
1091.887086
 42
-0.131718
  0
VERTEX
  8
0
 10
828.531514
 20
1091.248923
 42
-0.160257
  0
VERTEX
  8
0
 10
828.229362
 20
1090.767162
 42
-0.081784
  0
VERTEX
  8
0
 10
827.606266
 20
1090.402405
 42
0.095581
  0
VERTEX
  8
0
 10
827.083192
 20
1090.076652
 42
0.097065
  0
VERTEX
  8
0
 10
826.722220
 20
1089.581254
 42
0.098716
  0
VERTEX
  8
0
 10
826.578796
 20
1088.993595
 42
0.102606
  0
VERTEX
  8
0
 10
826.675018
 20
1088.404506
 42
-0.094326
  0
VERTEX
  8
0
 10
826.793549
 20
1087.746826
 42
-0.055988
  0
VERTEX
  8
0
 10
826.696581
 20
1086.953607
 42
-0.053308
  0
VERTEX
  8
0
 10
826.413615
 20
1086.153717
 42
-0.061626
  0
VERTEX
  8
0
 10
825.977862
 20
1085.473326
 42
0.098947
  0
VERTEX
  8
0
 10
825.477203
 20
1084.546929
 42
0.047902
  0
VERTEX
  8
0
 10
825.205144
 20
1083.221769
 42
0.038570
  0
VERTEX
  8
0
 10
825.155375
 20
1081.544099
 42
0.022196
  0
VERTEX
  8
0
 10
825.340893
 20
1079.529569
 42
-0.020882
  0
VERTEX
  8
0
 10
825.506087
 20
1077.785935
 42
-0.029301
  0
VERTEX
  8
0
 10
825.496889
 20
1076.222642
 42
-0.029157
  0
VERTEX
  8
0
 10
825.344895
 20
1074.990787
 42
-0.212139
  0
VERTEX
  8
0
 10
825.016864
 20
1074.510423
 42
0.232231
  0
VERTEX
  8
0
 10
824.666047
 20
1073.951915
 42
0.013053
  0
VERTEX
  8
0
 10
824.501219
 20
1071.853080
 42
0.017722
  0
VERTEX
  8
0
 10
824.457221
 20
1069.238573
 42
0.011493
  0
VERTEX
  8
0
 10
824.582989
 20
1066.216914
 42
-0.000198
  0
VERTEX
  8
0
 10
824.789387
 20
1063.005758
 42
-0.000188
  0
VERTEX
  8
0
 10
824.996844
 20
1059.738719
 42
-0.000186
  0
VERTEX
  8
0
 10
825.178140
 20
1056.849469
 42
-0.000665
  0
VERTEX
  8
0
 10
825.291031
 20
1055.000000
 42
0.021308
  0
VERTEX
  8
0
 10
825.433178
 20
1053.614570
 42
0.026565
  0
VERTEX
  8
0
 10
825.687610
 20
1052.346187
 42
0.026500
  0
VERTEX
  8
0
 10
826.006027
 20
1051.331490
 42
0.146716
  0
VERTEX
  8
0
 10
826.347641
 20
1050.880637
 42
-0.192720
  0
VERTEX
  8
0
 10
826.559676
 20
1050.541682
 42
-0.114720
  0
VERTEX
  8
0
 10
826.535439
 20
1050.059422
 42
-0.082768
  0
VERTEX
  8
0
 10
826.269653
 20
1049.500402
 42
-0.052664
  0
VERTEX
  8
0
 10
825.796648
 20
1048.954754
 42
0.094262
  0
VERTEX
  8
0
 10
825.280976
 20
1048.249673
 42
0.050755
  0
VERTEX
  8
0
 10
824.918495
 20
1047.231689
 42
0.047330
  0
VERTEX
  8
0
 10
824.746569
 20
1046.063040
 42
0.049342
  0
VERTEX
  8
0
 10
824.801441
 20
1044.899510
 42
-0.047710
  0
VERTEX
  8
0
 10
824.868182
 20
1043.575891
 42
-0.021246
  0
VERTEX
  8
0
 10
824.715504
 20
1041.834515
 42
-0.020801
  0
VERTEX
  8
0
 10
824.396215
 20
1039.991439
 42
-0.026417
  0
VERTEX
  8
0
 10
823.942374
 20
1038.325393
 42
0.005573
  0
VERTEX
  8
0
 10
823.476260
 20
1036.858303
 42
0.009556
  0
VERTEX
  8
0
 10
823.124761
 20
1035.623709
 42
0.003829
  0
VERTEX
  8
0
 10
822.860474
 20
1034.591255
 42
0.487298
  0
VERTEX
  8
0
 10
822.931874
 20
1034.500000
 42
-0.502087
  0
VERTEX
  8
0
 10
822.999374
 20
1034.409370
 42
-0.003373
  0
VERTEX
  8
0
 10
822.667248
 20
1033.325000
 42
-0.008895
  0
VERTEX
  8
0
 10
822.236948
 20
1032.034080
 42
-0.005176
  0
VERTEX
  8
0
 10
821.677160
 20
1030.500000
 42
0.008397
  0
VERTEX
  8
0
 10
821.052373
 20
1028.752925
 42
0.006288
  0
VERTEX
  8
0
 10
820.420955
 20
1026.809070
 42
0.006360
  0
VERTEX
  8
0
 10
819.872614
 20
1024.963328
 42
0.014441
  0
VERTEX
  8
0
 10
819.516519
 20
1023.552155
 42
-0.021519
  0
VERTEX
  8
0
 10
819.187655
 20
1022.322515
 42
-0.097295
  0
VERTEX
  8
0
 10
818.834314
 20
1021.673173
 42
-0.298250
  0
VERTEX
  8
0
 10
818.468356
 20
1021.560461
 42
-0.186180
  0
VERTEX
  8
0
 10
818.097959
 20
1021.841500
 42
0.236791
  0
VERTEX
  8
0
 10
817.801556
 20
1022.024126
 42
0.329608
  0
VERTEX
  8
0
 10
817.545556
 20
1021.867313
 42
0.077316
  0
VERTEX
  8
0
 10
817.378995
 20
1021.156220
 42
0.018942
  0
VERTEX
  8
0
 10
817.333333
 20
1019.951367
 42
-0.030451
  0
VERTEX
  8
0
 10
817.257398
 20
1018.705663
 42
-0.036041
  0
VERTEX
  8
0
 10
817.030217
 20
1017.548227
 42
-0.038940
  0
VERTEX
  8
0
 10
816.699511
 20
1016.624243
 42
-0.145725
  0
VERTEX
  8
0
 10
816.301448
 20
1016.162023
 42
0.127481
  0
VERTEX
  8
0
 10
815.524593
 20
1015.322720
 42
0.023903
  0
VERTEX
  8
0
 10
814.614851
 20
1013.417011
 42
0.026633
  0
VERTEX
  8
0
 10
813.854085
 20
1011.295658
 42
0.049228
  0
VERTEX
  8
0
 10
813.503702
 20
1009.500000
 42
-0.128001
  0
VERTEX
  8
0
 10
813.372333
 20
1009.138933
 42
-0.114115
  0
VERTEX
  8
0
 10
813.076940
 20
1008.869223
 42
-0.100619
  0
VERTEX
  8
0
 10
812.658937
 20
1008.734324
 42
-0.079743
  0
VERTEX
  8
0
 10
812.183754
 20
1008.756930
 42
0.167654
  0
VERTEX
  8
0
 10
811.699127
 20
1008.695773
 42
0.211335
  0
VERTEX
  8
0
 10
811.412016
 20
1008.352473
 42
0.103124
  0
VERTEX
  8
0
 10
811.360824
 20
1007.666069
 42
0.028714
  0
VERTEX
  8
0
 10
811.563953
 20
1006.601215
 42
-0.043779
  0
VERTEX
  8
0
 10
811.761497
 20
1005.364557
 42
-0.135679
  0
VERTEX
  8
0
 10
811.596081
 20
1004.543526
 42
-0.146078
  0
VERTEX
  8
0
 10
811.042943
 20
1003.959952
 42
-0.053734
  0
VERTEX
  8
0
 10
809.993323
 20
1003.497881
 42
0.055011
  0
VERTEX
  8
0
 10
809.034999
 20
1003.073086
 42
0.117982
  0
VERTEX
  8
0
 10
808.453581
 20
1002.518223
 42
0.131481
  0
VERTEX
  8
0
 10
808.222704
 20
1001.803439
 42
0.076836
  0
VERTEX
  8
0
 10
808.315320
 20
1000.902216
 42
-0.031243
  0
VERTEX
  8
0
 10
808.452181
 20
1000.203076
 42
-0.085634
  0
VERTEX
  8
0
 10
808.432127
 20
999.702077
 42
-0.221419
  0
VERTEX
  8
0
 10
808.267059
 20
999.483431
 42
-0.266529
  0
VERTEX
  8
0
 10
808.013415
 20
999.491709
 42
0.435388
  0
VERTEX
  8
0
 10
807.380271
 20
999.318049
 42
0.028864
  0
VERTEX
  8
0
 10
806.512772
 20
997.396744
 42
0.032577
  0
VERTEX
  8
0
 10
805.843132
 20
995.241673
 42
0.111950
  0
VERTEX
  8
0
 10
805.823966
 20
993.785988
 42
-0.258138
  0
VERTEX
  8
0
 10
805.756497
 20
993.564304
 42
-0.163380
  0
VERTEX
  8
0
 10
805.506544
 20
993.444729
 42
-0.084173
  0
VERTEX
  8
0
 10
805.074221
 20
993.464472
 42
-0.038224
  0
VERTEX
  8
0
 10
804.529876
 20
993.626909
 42
0.137621
  0
VERTEX
  8
0
 10
803.863089
 20
993.689022
 42
0.148614
  0
VERTEX
  8
0
 10
803.283904
 20
993.390645
 42
0.099289
  0
VERTEX
  8
0
 10
802.805200
 20
992.694052
 42
0.039584
  0
VERTEX
  8
0
 10
802.433464
 20
991.590921
 42
-0.030425
  0
VERTEX
  8
0
 10
802.119225
 20
990.598796
 42
-0.042337
  0
VERTEX
  8
0
 10
801.712298
 20
989.761083
 42
-0.049063
  0
VERTEX
  8
0
 10
801.278656
 20
989.172363
 42
-0.212591
  0
VERTEX
  8
0
 10
800.891592
 20
989.000000
 42
0.120822
  0
VERTEX
  8
0
 10
800.551537
 20
988.916611
 42
0.100723
  0
VERTEX
  8
0
 10
800.261905
 20
988.681570
 42
0.091687
  0
VERTEX
  8
0
 10
800.067366
 20
988.330029
 42
0.080820
  0
VERTEX
  8
0
 10
800.000000
 20
987.915982
 42
-0.159962
  0
VERTEX
  8
0
 10
799.785344
 20
987.262191
 42
-0.009251
  0
VERTEX
  8
0
 10
798.488182
 20
985.566347
 42
-0.013309
  0
VERTEX
  8
0
 10
796.825082
 20
983.584181
 42
-0.009341
  0
VERTEX
  8
0
 10
794.853387
 20
981.439463
 42
0.013328
  0
VERTEX
  8
0
 10
790.983531
 20
977.162057
 42
0.030526
  0
VERTEX
  8
0
 10
788.361767
 20
973.696990
 42
0.038969
  0
VERTEX
  8
0
 10
786.844343
 20
970.976522
 42
0.190415
  0
VERTEX
  8
0
 10
786.750023
 20
969.249930
 42
-0.124398
  0
VERTEX
  8
0
 10
786.785404
 20
968.774135
 42
-0.143334
  0
VERTEX
  8
0
 10
786.584770
 20
968.367167
 42
-0.124873
  0
VERTEX
  8
0
 10
786.168294
 20
968.094557
 42
-0.082969
  0
VERTEX
  8
0
 10
785.602385
 20
968.000000
 42
0.149817
  0
VERTEX
  8
0
 10
784.949017
 20
967.799733
 42
0.071898
  0
VERTEX
  8
0
 10
784.294084
 20
967.203647
 42
0.060917
  0
VERTEX
  8
0
 10
783.731597
 20
966.320597
 42
0.049937
  0
VERTEX
  8
0
 10
783.352232
 20
965.267270
 42
-0.052469
  0
VERTEX
  8
0
 10
782.890854
 20
964.006240
 42
-0.023262
  0
VERTEX
  8
0
 10
782.036948
 20
962.450956
 42
-0.022718
  0
VERTEX
  8
0
 10
780.971034
 20
960.872830
 42
-0.028421
  0
VERTEX
  8
0
 10
779.837808
 20
959.517270
 42
0.017857
  0
VERTEX
  8
0
 10
778.754499
 20
958.275664
 42
0.021952
  0
VERTEX
  8
0
 10
777.838783
 20
957.040118
 42
0.021061
  0
VERTEX
  8
0
 10
777.171150
 20
955.955556
 42
0.127117
  0
VERTEX
  8
0
 10
777.004627
 20
955.321429
 42
-0.100200
  0
VERTEX
  8
0
 10
776.886950
 20
954.751626
 42
-0.033139
  0
VERTEX
  8
0
 10
776.498461
 20
953.986164
 42
-0.031462
  0
VERTEX
  8
0
 10
775.943523
 20
953.172926
 42
-0.030933
  0
VERTEX
  8
0
 10
775.288007
 20
952.430864
 42
0.032354
  0
VERTEX
  8
0
 10
774.616742
 20
951.666614
 42
0.028130
  0
VERTEX
  8
0
 10
774.015061
 20
950.786731
 42
0.029152
  0
VERTEX
  8
0
 10
773.561337
 20
949.926270
 42
0.070425
  0
VERTEX
  8
0
 10
773.358652
 20
949.237892
 42
-0.088575
  0
VERTEX
  8
0
 10
773.109959
 20
948.493469
 42
-0.022722
  0
VERTEX
  8
0
 10
772.450013
 20
947.403768
 42
-0.022415
  0
VERTEX
  8
0
 10
771.570587
 20
946.209696
 42
-0.021093
  0
VERTEX
  8
0
 10
770.570645
 20
945.073738
 42
0.018638
  0
VERTEX
  8
0
 10
769.586444
 20
943.966663
 42
0.022796
  0
VERTEX
  8
0
 10
768.755127
 20
942.859059
 42
0.022105
  0
VERTEX
  8
0
 10
768.151426
 20
941.883330
 42
0.128161
  0
VERTEX
  8
0
 10
768.000000
 20
941.302270
 42
-0.122912
  0
VERTEX
  8
0
 10
767.885015
 20
940.841583
 42
-0.064547
  0
VERTEX
  8
0
 10
767.540757
 20
940.357435
 42
-0.058180
  0
VERTEX
  8
0
 10
767.034492
 20
939.924446
 42
-0.056286
  0
VERTEX
  8
0
 10
766.436618
 20
939.614052
 42
0.067150
  0
VERTEX
  8
0
 10
765.883934
 20
939.311756
 42
0.097765
  0
VERTEX
  8
0
 10
765.509939
 20
938.903217
 42
0.123094
  0
VERTEX
  8
0
 10
765.370913
 20
938.456025
 42
0.153702
  0
VERTEX
  8
0
 10
765.477355
 20
938.036640
 42
-0.278528
  0
VERTEX
  8
0
 10
765.490648
 20
936.744504
 42
-0.004156
  0
VERTEX
  8
0
 10
761.431542
 20
929.992977
 42
-0.006017
  0
VERTEX
  8
0
 10
757.347520
 20
923.502769
 42
-0.149731
  0
VERTEX
  8
0
 10
755.750184
 20
922.157755
 42
0.134332
  0
VERTEX
  8
0
 10
755.336013
 20
921.829852
 42
0.012993
  0
VERTEX
  8
0
 10
754.596985
 20
920.768141
 42
0.015766
  0
VERTEX
  8
0
 10
753.775130
 20
919.429380
 42
0.011825
  0
VERTEX
  8
0
 10
752.952940
 20
917.907755
 42
-0.018558
  0
VERTEX
  8
0
 10
752.117923
 20
916.410927
 42
-0.026118
  0
VERTEX
  8
0
 10
751.257189
 20
915.147903
 42
-0.024614
  0
VERTEX
  8
0
 10
750.471395
 20
914.214285
 42
-0.208428
  0
VERTEX
  8
0
 10
749.979676
 20
914.000000
 42
0.185057
  0
VERTEX
  8
0
 10
749.605674
 20
913.856668
 42
0.090130
  0
VERTEX
  8
0
 10
749.287780
 20
913.446284
 42
0.069982
  0
VERTEX
  8
0
 10
749.072311
 20
912.836323
 42
0.049999
  0
VERTEX
  8
0
 10
749.000000
 20
912.115010
 42
-0.105511
  0
VERTEX
  8
0
 10
748.820660
 20
911.274608
 42
-0.049205
  0
VERTEX
  8
0
 10
748.265625
 20
910.302555
 42
-0.045714
  0
VERTEX
  8
0
 10
747.456392
 20
909.358231
 42
-0.047756
  0
VERTEX
  8
0
 10
746.500000
 20
908.591957
 42
0.031338
  0
VERTEX
  8
0
 10
745.542002
 20
907.874665
 42
0.036221
  0
VERTEX
  8
0
 10
744.729683
 20
907.074659
 42
0.039125
  0
VERTEX
  8
0
 10
744.156906
 20
906.309225
 42
0.138676
  0
VERTEX
  8
0
 10
743.984027
 20
905.726947
 42
-0.159886
  0
VERTEX
  8
0
 10
743.437321
 20
904.131397
 42
-0.019816
  0
VERTEX
  8
0
 10
741.077351
 20
901.253411
 42
-0.018463
  0
VERTEX
  8
0
 10
738.500562
 20
898.560524
 42
-0.195044
  0
VERTEX
  8
0
 10
737.118312
 20
898.000000
 42
0.167441
  0
VERTEX
  8
0
 10
736.691680
 20
897.853008
 42
0.095036
  0
VERTEX
  8
0
 10
736.328504
 20
897.436990
 42
0.075840
  0
VERTEX
  8
0
 10
736.082975
 20
896.816492
 42
0.056410
  0
VERTEX
  8
0
 10
736.000000
 20
896.083371
 42
0.125007
  0
VERTEX
  8
0
 10
736.194037
 20
895.319397
 42
0.386818
  0
VERTEX
  8
0
 10
736.654560
 20
895.158994
 42
0.084347
  0
VERTEX
  8
0
 10
737.563183
 20
895.743079
 42
0.007786
  0
VERTEX
  8
0
 10
739.518192
 20
897.583371
 42
-0.018429
  0
VERTEX
  8
0
 10
740.968491
 20
898.891494
 42
-0.022697
  0
VERTEX
  8
0
 10
742.416875
 20
899.996365
 42
-0.021912
  0
VERTEX
  8
0
 10
743.691700
 20
900.799991
 42
-0.130392
  0
VERTEX
  8
0
 10
744.445611
 20
901.000000
 42
0.113531
  0
VERTEX
  8
0
 10
745.113838
 20
901.153710
 42
0.038313
  0
VERTEX
  8
0
 10
745.981971
 20
901.660938
 42
0.035789
  0
VERTEX
  8
0
 10
746.887989
 20
902.388986
 42
0.034091
  0
VERTEX
  8
0
 10
747.696856
 20
903.250000
 42
-0.038281
  0
VERTEX
  8
0
 10
748.648816
 20
904.246488
 42
-0.017868
  0
VERTEX
  8
0
 10
750.020195
 20
905.392211
 42
-0.017584
  0
VERTEX
  8
0
 10
751.551929
 20
906.497545
 42
-0.023505
  0
VERTEX
  8
0
 10
753.019436
 20
907.383059
 42
0.013150
  0
VERTEX
  8
0
 10
754.425258
 20
908.192133
 42
0.013580
  0
VERTEX
  8
0
 10
755.771334
 20
909.065753
 42
0.013404
  0
VERTEX
  8
0
 10
756.894308
 20
909.883919
 42
0.055056
  0
VERTEX
  8
0
 10
757.500000
 20
910.467085
 42
-0.145557
  0
VERTEX
  8
0
 10
759.161371
 20
911.573151
 42
-0.041459
  0
VERTEX
  8
0
 10
762.222122
 20
912.242883
 42
-0.040370
  0
VERTEX
  8
0
 10
765.294939
 20
912.402353
 42
-0.191426
  0
VERTEX
  8
0
 10
766.882017
 20
911.717983
 42
0.050355
  0
VERTEX
  8
0
 10
767.419695
 20
911.278922
 42
0.312230
  0
VERTEX
  8
0
 10
767.757112
 20
911.286053
 42
0.208133
  0
VERTEX
  8
0
 10
767.968275
 20
911.643183
 42
0.026823
  0
VERTEX
  8
0
 10
768.031803
 20
912.550000
 42
-0.010179
  0
VERTEX
  8
0
 10
768.076164
 20
913.759371
 42
-0.355929
  0
VERTEX
  8
0
 10
768.254742
 20
913.954587
 42
-0.265789
  0
VERTEX
  8
0
 10
768.536877
 20
913.843994
 42
-0.007087
  0
VERTEX
  8
0
 10
769.392046
 20
912.750000
 42
0.036951
  0
VERTEX
  8
0
 10
769.983130
 20
912.080368
 42
0.038354
  0
VERTEX
  8
0
 10
770.659463
 20
911.514063
 42
0.041334
  0
VERTEX
  8
0
 10
771.318325
 20
911.121095
 42
0.114287
  0
VERTEX
  8
0
 10
771.841191
 20
911.000000
 42
-0.195938
  0
VERTEX
  8
0
 10
772.313957
 20
910.807338
 42
-0.059336
  0
VERTEX
  8
0
 10
772.809695
 20
910.192188
 42
-0.049425
  0
VERTEX
  8
0
 10
773.251496
 20
909.302734
 42
-0.036650
  0
VERTEX
  8
0
 10
773.564471
 20
908.250000
 42
0.004993
  0
VERTEX
  8
0
 10
773.831466
 20
907.087165
 42
0.004268
  0
VERTEX
  8
0
 10
774.135474
 20
905.867188
 42
0.004302
  0
VERTEX
  8
0
 10
774.430879
 20
904.762762
 42
0.012212
  0
VERTEX
  8
0
 10
774.662141
 20
904.000000
 42
-0.036318
  0
VERTEX
  8
0
 10
774.882036
 20
903.124970
 42
-0.006597
  0
VERTEX
  8
0
 10
775.149496
 20
901.471875
 42
-0.007073
  0
VERTEX
  8
0
 10
775.410198
 20
899.524248
 42
-0.006361
  0
VERTEX
  8
0
 10
775.625981
 20
897.500000
 42
0.002403
  0
VERTEX
  8
0
 10
775.843500
 20
895.293883
 42
0.001650
  0
VERTEX
  8
0
 10
776.110486
 20
892.793750
 42
0.001663
  0
VERTEX
  8
0
 10
776.383491
 20
890.388298
 42
0.003382
  0
VERTEX
  8
0
 10
776.617124
 20
888.500000
 42
-0.006326
  0
VERTEX
  8
0
 10
776.843305
 20
886.579177
 42
-0.002869
  0
VERTEX
  8
0
 10
777.093132
 20
884.059375
 42
-0.002840
  0
VERTEX
  8
0
 10
777.326330
 20
881.398156
 42
-0.003889
  0
VERTEX
  8
0
 10
777.503992
 20
879.000000
 42
-0.009344
  0
VERTEX
  8
0
 10
777.988634
 20
868.800774
 42
-0.029555
  0
VERTEX
  8
0
 10
777.781537
 20
861.967730
 42
-0.042599
  0
VERTEX
  8
0
 10
776.857684
 20
856.728445
 42
-0.047634
  0
VERTEX
  8
0
 10
775.077121
 20
851.923486
 42
0.001854
  0
VERTEX
  8
0
 10
773.063294
 20
847.715575
 42
0.325624
  0
VERTEX
  8
0
 10
773.150389
 20
847.255106
 42
0.458902
  0
VERTEX
  8
0
 10
773.525280
 20
847.295069
 42
0.002066
  0
VERTEX
  8
0
 10
776.059970
 20
851.000000
 42
0.019893
  0
VERTEX
  8
0
 10
779.548386
 20
856.612764
 42
0.016387
  0
VERTEX
  8
0
 10
782.826394
 20
862.855217
 42
0.014865
  0
VERTEX
  8
0
 10
785.397486
 20
868.596584
 42
0.078979
  0
VERTEX
  8
0
 10
786.191750
 20
871.933419
 42
-0.038741
  0
VERTEX
  8
0
 10
786.375334
 20
873.120045
 42
-0.057435
  0
VERTEX
  8
0
 10
786.731523
 20
874.109072
 42
-0.074236
  0
VERTEX
  8
0
 10
787.197680
 20
874.777997
 42
-0.206349
  0
VERTEX
  8
0
 10
787.712708
 20
875.000000
 42
0.272618
  0
VERTEX
  8
0
 10
788.579847
 20
875.510756
 42
0.119383
  0
VERTEX
  8
0
 10
788.947017
 20
876.844944
 42
0.064895
  0
VERTEX
  8
0
 10
788.734908
 20
878.987090
 42
0.026788
  0
VERTEX
  8
0
 10
787.922724
 20
881.791829
 42
-0.027718
  0
VERTEX
  8
0
 10
787.534203
 20
883.142911
 42
-0.021535
  0
VERTEX
  8
0
 10
787.258036
 20
884.647557
 42
-0.021988
  0
VERTEX
  8
0
 10
787.122590
 20
886.076729
 42
-0.048128
  0
VERTEX
  8
0
 10
787.172724
 20
887.173922
 42
-0.011535
  0
VERTEX
  8
0
 10
787.409840
 20
888.598702
 42
-0.287973
  0
VERTEX
  8
0
 10
787.668566
 20
888.877120
 42
-0.280489
  0
VERTEX
  8
0
 10
788.037443
 20
888.768786
 42
-0.011092
  0
VERTEX
  8
0
 10
789.000000
 20
887.662500
 42
0.011084
  0
VERTEX
  8
0
 10
789.706295
 20
886.850715
 42
0.006240
  0
VERTEX
  8
0
 10
790.597292
 20
885.895571
 42
0.006224
  0
VERTEX
  8
0
 10
791.521114
 20
884.953453
 42
0.010126
  0
VERTEX
  8
0
 10
792.331208
 20
884.179630
 42
-0.067080
  0
VERTEX
  8
0
 10
794.449083
 20
881.637399
 42
-0.034352
  0
VERTEX
  8
0
 10
796.413173
 20
877.972350
 42
-0.032333
  0
VERTEX
  8
0
 10
798.012060
 20
873.706827
 42
-0.033174
  0
VERTEX
  8
0
 10
799.031415
 20
869.306976
 42
0.035100
  0
VERTEX
  8
0
 10
799.697511
 20
866.481388
 42
0.021132
  0
VERTEX
  8
0
 10
800.859136
 20
863.238218
 42
0.019295
  0
VERTEX
  8
0
 10
802.439731
 20
859.743807
 42
0.015970
  0
VERTEX
  8
0
 10
804.381519
 20
856.149381
 42
-0.029249
  0
VERTEX
  8
0
 10
809.311808
 20
846.413575
 42
-0.020798
  0
VERTEX
  8
0
 10
813.721374
 20
835.000317
 42
-0.020564
  0
VERTEX
  8
0
 10
817.229866
 20
823.068134
 42
-0.025800
  0
VERTEX
  8
0
 10
819.444067
 20
811.754439
 42
0.003122
  0
VERTEX
  8
0
 10
819.690667
 20
810.099529
 42
0.001056
  0
VERTEX
  8
0
 10
820.069772
 20
807.693491
 42
0.001051
  0
VERTEX
  8
0
 10
820.500017
 20
805.035776
 42
0.001207
  0
VERTEX
  8
0
 10
820.922277
 20
802.500000
 42
-0.021358
  0
VERTEX
  8
0
 10
821.331484
 20
799.235795
 42
-0.005289
  0
VERTEX
  8
0
 10
821.716368
 20
793.856250
 42
-0.005400
  0
VERTEX
  8
0
 10
822.025580
 20
787.682812
 42
-0.005390
  0
VERTEX
  8
0
 10
822.201629
 20
781.500000
 42
-0.014087
  0
VERTEX
  8
0
 10
822.080286
 20
769.926499
 42
-0.052411
  0
VERTEX
  8
0
 10
821.040202
 20
762.722293
 42
-0.045485
  0
VERTEX
  8
0
 10
818.458719
 20
755.401598
 42
-0.008822
  0
VERTEX
  8
0
 10
812.385242
 20
742.750000
 42
0.002307
  0
VERTEX
  8
0
 10
809.959087
 20
737.860426
 42
0.003921
  0
VERTEX
  8
0
 10
807.980702
 20
733.745313
 42
0.000692
  0
VERTEX
  8
0
 10
806.288572
 20
730.140833
 42
0.549008
  0
VERTEX
  8
0
 10
806.378175
 20
730.000000
 42
0.238550
  0
VERTEX
  8
0
 10
806.617352
 20
730.120997
 42
0.001936
  0
VERTEX
  8
0
 10
807.901955
 20
731.882007
 42
0.006369
  0
VERTEX
  8
0
 10
809.359055
 20
733.950806
 42
0.003988
  0
VERTEX
  8
0
 10
811.013858
 20
736.406834
 42
-0.014721
  0
VERTEX
  8
0
 10
812.859482
 20
739.023104
 42
-0.013772
  0
VERTEX
  8
0
 10
814.895842
 20
741.586323
 42
-0.013893
  0
VERTEX
  8
0
 10
816.828488
 20
743.760394
 42
-0.044954
  0
VERTEX
  8
0
 10
818.271092
 20
745.042306
 42
-0.011257
  0
VERTEX
  8
0
 10
819.389111
 20
745.830597
 42
-0.032353
  0
VERTEX
  8
0
 10
820.209372
 20
746.307826
 42
-0.137618
  0
VERTEX
  8
0
 10
820.559143
 20
746.374634
 42
-0.559222
  0
VERTEX
  8
0
 10
820.636513
 20
746.220882
 42
0.105778
  0
VERTEX
  8
0
 10
820.482519
 20
745.789399
 42
0.125601
  0
VERTEX
  8
0
 10
820.533256
 20
745.360916
 42
0.122817
  0
VERTEX
  8
0
 10
820.785091
 20
745.002251
 42
0.098434
  0
VERTEX
  8
0
 10
821.196325
 20
744.767892
 42
-0.305302
  0
VERTEX
  8
0
 10
821.740715
 20
744.061243
 42
-0.027148
  0
VERTEX
  8
0
 10
821.763196
 20
741.697353
 42
-0.019247
  0
VERTEX
  8
0
 10
821.446572
 20
737.903371
 42
-0.004255
  0
VERTEX
  8
0
 10
820.598874
 20
731.432481
 42
0.005525
  0
VERTEX
  8
0
 10
819.883094
 20
725.858690
 42
0.004339
  0
VERTEX
  8
0
 10
819.226460
 20
719.802041
 42
0.004387
  0
VERTEX
  8
0
 10
818.714133
 20
714.159057
 42
0.010759
  0
VERTEX
  8
0
 10
818.463247
 20
710.000000
 42
-0.013459
  0
VERTEX
  8
0
 10
818.032778
 20
703.452264
 42
-0.007752
  0
VERTEX
  8
0
 10
817.180357
 20
695.595286
 42
-0.005964
  0
VERTEX
  8
0
 10
815.832957
 20
685.712407
 42
-0.002649
  0
VERTEX
  8
0
 10
813.831764
 20
672.711463
 42
0.009856
  0
VERTEX
  8
0
 10
813.275474
 20
668.715228
 42
0.028068
  0
VERTEX
  8
0
 10
813.100087
 20
665.911862
 42
0.039640
  0
VERTEX
  8
0
 10
813.258740
 20
663.738781
 42
0.052249
  0
VERTEX
  8
0
 10
813.762481
 20
661.818303
 42
-0.027619
  0
VERTEX
  8
0
 10
814.329804
 20
660.020658
 42
-0.107976
  0
VERTEX
  8
0
 10
814.370729
 20
658.863608
 42
-0.114327
  0
VERTEX
  8
0
 10
813.924933
 20
657.830662
 42
-0.032807
  0
VERTEX
  8
0
 10
812.794209
 20
656.490084
 42
0.121394
  0
VERTEX
  8
0
 10
810.664326
 20
652.810120
 42
0.006314
  0
VERTEX
  8
0
 10
806.983354
 20
639.532249
 42
0.009450
  0
VERTEX
  8
0
 10
803.795177
 20
626.442193
 42
0.054583
  0
VERTEX
  8
0
 10
803.007794
 20
619.374430
 42
-0.041930
  0
VERTEX
  8
0
 10
802.839324
 20
617.413437
 42
-0.018849
  0
VERTEX
  8
0
 10
802.307163
 20
614.882008
 42
-0.018506
  0
VERTEX
  8
0
 10
801.540328
 20
612.234263
 42
-0.023967
  0
VERTEX
  8
0
 10
800.633611
 20
609.874430
 42
0.021895
  0
VERTEX
  8
0
 10
798.148011
 20
603.484544
 42
0.001022
  0
VERTEX
  8
0
 10
790.735193
 20
581.495698
 42
0.000934
  0
VERTEX
  8
0
 10
778.896695
 20
545.919895
 42
0.000136
  0
VERTEX
  8
0
 10
754.969547
 20
473.500000
 42
-0.000693
  0
VERTEX
  8
0
 10
749.206005
 20
456.120639
 42
-0.000784
  0
VERTEX
  8
0
 10
743.625915
 20
439.459375
 42
-0.000714
  0
VERTEX
  8
0
 10
738.839776
 20
425.309633
 42
-0.004323
  0
VERTEX
  8
0
 10
736.284961
 20
418.000000
 42
-0.005570
  0
VERTEX
  8
0
 10
731.147667
 20
404.185409
 42
-0.002001
  0
VERTEX
  8
0
 10
723.535069
 20
384.626325
 42
-0.000907
  0
VERTEX
  8
0
 10
715.641921
 20
364.690204
 42
-0.029911
  0
VERTEX
  8
0
 10
713.449374
 20
360.016008
 42
0.000000
  0
VERTEX
  8
0
 10
712.080075
 20
357.500000
 42
0.000000
  0
VERTEX
  8
0
 10
711.972549
 20
360.000000
 42
0.007220
  0
VERTEX
  8
0
 10
711.905184
 20
361.171819
 42
0.003645
  0
VERTEX
  8
0
 10
711.788182
 20
362.646875
 42
0.003619
  0
VERTEX
  8
0
 10
711.645147
 20
364.169182
 42
0.005375
  0
VERTEX
  8
0
 10
711.495911
 20
365.500000
 42
-0.004676
  0
VERTEX
  8
0
 10
711.290002
 20
367.313323
 42
-0.000625
  0
VERTEX
  8
0
 10
710.896389
 20
371.141183
 42
-0.000723
  0
VERTEX
  8
0
 10
710.442005
 20
375.680204
 42
-0.000607
  0
VERTEX
  8
0
 10
709.973309
 20
380.491262
 42
0.002676
  0
VERTEX
  8
0
 10
709.501502
 20
385.135062
 42
0.004095
  0
VERTEX
  8
0
 10
709.037953
 20
389.155393
 42
0.001494
  0
VERTEX
  8
0
 10
708.600824
 20
392.607038
 42
0.106554
  0
VERTEX
  8
0
 10
708.408913
 20
393.147382
 42
0.189275
  0
VERTEX
  8
0
 10
708.114864
 20
393.367733
 42
0.052235
  0
VERTEX
  8
0
 10
707.534429
 20
393.464145
 42
0.044958
  0
VERTEX
  8
0
 10
706.800572
 20
393.442393
 42
0.034086
  0
VERTEX
  8
0
 10
706.008961
 20
393.292092
 42
-0.075169
  0
VERTEX
  8
0
 10
705.036516
 20
393.188899
 42
-0.131948
  0
VERTEX
  8
0
 10
704.270473
 20
393.431511
 42
-0.113461
  0
VERTEX
  8
0
 10
703.653325
 20
394.060691
 42
-0.047151
  0
VERTEX
  8
0
 10
703.126517
 20
395.135973
 42
-0.022100
  0
VERTEX
  8
0
 10
702.465636
 20
397.149586
 42
-0.331751
  0
VERTEX
  8
0
 10
702.715579
 20
397.798391
 42
-0.274686
  0
VERTEX
  8
0
 10
703.479196
 20
397.818465
 42
-0.017545
  0
VERTEX
  8
0
 10
705.468792
 20
396.612405
 42
0.022292
  0
VERTEX
  8
0
 10
706.977585
 20
395.717269
 42
0.176611
  0
VERTEX
  8
0
 10
707.768470
 20
395.604791
 42
0.324960
  0
VERTEX
  8
0
 10
708.161085
 20
396.039941
 42
0.061063
  0
VERTEX
  8
0
 10
708.142531
 20
397.177670
 42
-0.010101
  0
VERTEX
  8
0
 10
708.085523
 20
397.658222
 42
-0.000358
  0
VERTEX
  8
0
 10
707.904697
 20
399.513459
 42
-0.000663
  0
VERTEX
  8
0
 10
707.695497
 20
401.706184
 42
-0.000464
  0
VERTEX
  8
0
 10
707.465321
 20
404.177670
 42
0.001627
  0
VERTEX
  8
0
 10
707.125435
 20
407.737472
 42
0.000326
  0
VERTEX
  8
0
 10
706.495131
 20
414.077190
 42
0.000345
  0
VERTEX
  8
0
 10
705.751755
 20
421.453639
 42
0.000322
  0
VERTEX
  8
0
 10
704.981089
 20
429.000000
 42
-0.006049
  0
VERTEX
  8
0
 10
704.145381
 20
438.227861
 42
-0.002273
  0
VERTEX
  8
0
 10
703.190019
 20
451.171875
 42
-0.002251
  0
VERTEX
  8
0
 10
702.277280
 20
465.275589
 42
-0.002735
  0
VERTEX
  8
0
 10
701.553783
 20
478.500000
 42
0.002892
  0
VERTEX
  8
0
 10
699.533286
 20
515.219667
 42
0.012493
  0
VERTEX
  8
0
 10
697.662105
 20
536.990443
 42
0.018395
  0
VERTEX
  8
0
 10
695.092999
 20
554.280525
 42
0.012969
  0
VERTEX
  8
0
 10
690.991879
 20
573.500000
 42
-0.001125
  0
VERTEX
  8
0
 10
686.462750
 20
592.507685
 42
-0.022131
  0
VERTEX
  8
0
 10
685.343252
 20
598.410991
 42
-0.109965
  0
VERTEX
  8
0
 10
685.540430
 20
601.004174
 42
-0.330240
  0
VERTEX
  8
0
 10
686.883732
 20
602.000000
 42
0.311861
  0
VERTEX
  8
0
 10
688.267403
 20
602.956004
 42
0.132665
  0
VERTEX
  8
0
 10
688.498658
 20
605.313114
 42
0.072171
  0
VERTEX
  8
0
 10
687.379889
 20
608.804663
 42
0.039973
  0
VERTEX
  8
0
 10
685.097020
 20
612.664695
 42
-0.015017
  0
VERTEX
  8
0
 10
683.630294
 20
614.884216
 42
-0.050098
  0
VERTEX
  8
0
 10
682.865582
 20
616.452024
 42
-0.086857
  0
VERTEX
  8
0
 10
682.656169
 20
617.600124
 42
-0.176773
  0
VERTEX
  8
0
 10
682.960207
 20
618.452052
 42
0.061646
  0
VERTEX
  8
0
 10
683.478339
 20
619.261143
 42
0.009449
  0
VERTEX
  8
0
 10
684.272536
 20
621.004078
 42
0.010438
  0
VERTEX
  8
0
 10
685.132134
 20
623.108530
 42
0.008886
  0
VERTEX
  8
0
 10
685.952700
 20
625.362520
 42
-0.014891
  0
VERTEX
  8
0
 10
686.958467
 20
628.025319
 42
-0.006913
  0
VERTEX
  8
0
 10
688.413935
 20
631.422736
 42
-0.006841
  0
VERTEX
  8
0
 10
690.041826
 20
634.951224
 42
-0.009472
  0
VERTEX
  8
0
 10
691.604161
 20
638.066263
 42
-0.014087
  0
VERTEX
  8
0
 10
693.783250
 20
641.943748
 42
-0.047499
  0
VERTEX
  8
0
 10
695.506622
 20
644.282266
 42
-0.059891
  0
VERTEX
  8
0
 10
697.414281
 20
645.959241
 42
-0.033130
  0
VERTEX
  8
0
 10
700.085988
 20
647.543574
 42
0.010298
  0
VERTEX
  8
0
 10
701.957675
 20
648.540993
 42
0.013237
  0
VERTEX
  8
0
 10
703.633618
 20
649.538072
 42
0.011078
  0
VERTEX
  8
0
 10
704.982679
 20
650.432219
 42
0.102798
  0
VERTEX
  8
0
 10
705.461256
 20
650.937310
 42
-0.125739
  0
VERTEX
  8
0
 10
705.803266
 20
651.267000
 42
-0.081156
  0
VERTEX
  8
0
 10
706.321938
 20
651.459236
 42
-0.072614
  0
VERTEX
  8
0
 10
706.933652
 20
651.488625
 42
-0.067462
  0
VERTEX
  8
0
 10
707.544760
 20
651.344450
 42
0.079506
  0
VERTEX
  8
0
 10
708.205372
 20
651.205214
 42
0.056098
  0
VERTEX
  8
0
 10
708.963957
 20
651.253090
 42
0.055618
  0
VERTEX
  8
0
 10
709.700643
 20
651.469904
 42
0.073978
  0
VERTEX
  8
0
 10
710.296773
 20
651.831337
 42
-0.123358
  0
VERTEX
  8
0
 10
711.780970
 20
652.543255
 42
-0.103299
  0
VERTEX
  8
0
 10
713.532073
 20
652.536083
 42
-0.095186
  0
VERTEX
  8
0
 10
715.252170
 20
651.809319
 42
-0.087689
  0
VERTEX
  8
0
 10
716.638334
 20
650.479930
 42
0.084196
  0
VERTEX
  8
0
 10
717.581491
 20
649.562764
 42
0.748927
  0
VERTEX
  8
0
 10
717.848392
 20
649.779568
 42
0.031292
  0
VERTEX
  8
0
 10
716.503708
 20
652.496431
 42
0.009787
  0
VERTEX
  8
0
 10
714.159464
 20
656.391937
 42
-0.006350
  0
VERTEX
  8
0
 10
712.417724
 20
659.241720
 42
-0.003424
  0
VERTEX
  8
0
 10
710.340765
 20
662.794217
 42
-0.003409
  0
VERTEX
  8
0
 10
708.273669
 20
666.443401
 42
-0.005356
  0
VERTEX
  8
0
 10
706.552730
 20
669.609651
 42
0.026198
  0
VERTEX
  8
0
 10
701.015809
 20
678.856456
 42
0.029966
  0
VERTEX
  8
0
 10
694.764916
 20
687.047956
 42
0.024103
  0
VERTEX
  8
0
 10
686.508253
 20
695.736073
 42
0.009864
  0
VERTEX
  8
0
 10
674.516755
 20
706.750000
 42
0.012871
  0
VERTEX
  8
0
 10
671.434170
 20
709.333081
 42
0.038012
  0
VERTEX
  8
0
 10
669.148332
 20
710.882632
 42
0.055479
  0
VERTEX
  8
0
 10
667.220672
 20
711.717941
 42
0.074653
  0
VERTEX
  8
0
 10
665.342062
 20
712.000000
 42
-0.052543
  0
VERTEX
  8
0
 10
663.489384
 20
712.195229
 42
-0.008781
  0
VERTEX
  8
0
 10
660.000852
 20
713.002994
 42
-0.009538
  0
VERTEX
  8
0
 10
655.918592
 20
714.107232
 42
-0.008328
  0
VERTEX
  8
0
 10
651.691290
 20
715.414449
 42
0.002391
  0
VERTEX
  8
0
 10
647.561189
 20
716.745538
 42
0.003132
  0
VERTEX
  8
0
 10
643.774289
 20
717.920009
 42
0.002305
  0
VERTEX
  8
0
 10
640.591635
 20
718.869271
 42
0.029366
  0
VERTEX
  8
0
 10
639.376897
 20
719.149258
 42
0.121815
  0
VERTEX
  8
0
 10
638.345121
 20
719.072128
 42
0.024251
  0
VERTEX
  8
0
 10
636.604962
 20
718.406090
 42
0.024345
  0
VERTEX
  8
0
 10
634.606771
 20
717.409314
 42
0.020572
  0
VERTEX
  8
0
 10
632.595979
 20
716.169456
 42
-0.016502
  0
VERTEX
  8
0
 10
630.006539
 20
714.543576
 42
-0.005079
  0
VERTEX
  8
0
 10
625.998720
 20
712.262063
 42
-0.005076
  0
VERTEX
  8
0
 10
621.459911
 20
709.798954
 42
-0.005548
  0
VERTEX
  8
0
 10
617.003913
 20
707.501962
 42
0.022224
  0
VERTEX
  8
0
 10
606.902804
 20
701.861056
 42
0.025596
  0
VERTEX
  8
0
 10
597.825200
 20
695.584878
 42
0.023221
  0
VERTEX
  8
0
 10
588.748987
 20
687.900605
 42
0.013674
  0
VERTEX
  8
0
 10
578.605511
 20
677.939670
 42
0.003829
  0
VERTEX
  8
0
 10
571.422285
 20
670.374004
 42
0.032402
  0
VERTEX
  8
0
 10
568.446588
 20
666.746705
 42
0.380134
  0
VERTEX
  8
0
 10
568.553441
 20
665.725708
 42
0.295934
  0
VERTEX
  8
0
 10
569.706872
 20
665.534181
 42
-0.030355
  0
VERTEX
  8
0
 10
570.485115
 20
665.818440
 42
-0.025323
  0
VERTEX
  8
0
 10
571.340456
 20
666.026737
 42
-0.026071
  0
VERTEX
  8
0
 10
572.144577
 20
666.136866
 42
-0.061038
  0
VERTEX
  8
0
 10
572.750000
 20
666.113883
 42
0.104073
  0
VERTEX
  8
0
 10
573.227904
 20
666.136615
 42
0.114802
  0
VERTEX
  8
0
 10
573.637311
 20
666.351598
 42
0.113268
  0
VERTEX
  8
0
 10
573.913569
 20
666.728048
 42
0.099243
  0
VERTEX
  8
0
 10
574.015313
 20
667.206163
 42
-0.045429
  0
VERTEX
  8
0
 10
574.064992
 20
667.688526
 42
-0.256399
  0
VERTEX
  8
0
 10
574.224985
 20
667.880255
 42
-0.282967
  0
VERTEX
  8
0
 10
574.458022
 20
667.838304
 42
-0.051931
  0
VERTEX
  8
0
 10
574.765313
 20
667.500000
 42
0.065666
  0
VERTEX
  8
0
 10
575.234622
 20
667.010919
 42
0.014472
  0
VERTEX
  8
0
 10
576.165436
 20
666.309255
 42
0.014814
  0
VERTEX
  8
0
 10
577.297622
 20
665.555493
 42
0.013769
  0
VERTEX
  8
0
 10
578.500000
 20
664.850657
 42
-0.075041
  0
VERTEX
  8
0
 10
581.335402
 20
662.684069
 42
-0.017090
  0
VERTEX
  8
0
 10
585.397112
 20
658.184879
 42
-0.013125
  0
VERTEX
  8
0
 10
589.183176
 20
653.444279
 42
-0.155038
  0
VERTEX
  8
0
 10
589.959471
 20
651.250000
 42
0.057963
  0
VERTEX
  8
0
 10
590.030848
 20
650.771936
 42
0.075366
  0
VERTEX
  8
0
 10
590.208912
 20
650.367188
 42
0.092597
  0
VERTEX
  8
0
 10
590.461762
 20
650.095535
 42
0.160498
  0
VERTEX
  8
0
 10
590.751717
 20
650.000000
 42
-0.266304
  0
VERTEX
  8
0
 10
591.552288
 20
649.541063
 42
-0.008468
  0
VERTEX
  8
0
 10
593.459339
 20
646.154049
 42
-0.012816
  0
VERTEX
  8
0
 10
595.769863
 20
641.608174
 42
-0.005703
  0
VERTEX
  8
0
 10
598.591309
 20
635.507805
 42
0.009427
  0
VERTEX
  8
0
 10
599.708112
 20
633.139561
 42
0.011664
  0
VERTEX
  8
0
 10
600.840301
 20
630.979774
 42
0.010088
  0
VERTEX
  8
0
 10
601.863436
 20
629.218791
 42
0.080720
  0
VERTEX
  8
0
 10
602.471585
 20
628.507805
 42
-0.044230
  0
VERTEX
  8
0
 10
603.134512
 20
627.838065
 42
-0.005710
  0
VERTEX
  8
0
 10
604.404309
 20
626.269311
 42
-0.006628
  0
VERTEX
  8
0
 10
605.868313
 20
624.366476
 42
-0.005487
  0
VERTEX
  8
0
 10
607.378039
 20
622.302615
 42
0.016138
  0
VERTEX
  8
0
 10
608.931558
 20
620.271138
 42
0.019277
  0
VERTEX
  8
0
 10
610.527312
 20
618.465169
 42
0.018354
  0
VERTEX
  8
0
 10
611.969645
 20
617.061362
 42
0.107366
  0
VERTEX
  8
0
 10
612.882084
 20
616.537425
 42
-0.187500
  0
VERTEX
  8
0
 10
613.835050
 20
615.769901
 42
-0.086692
  0
VERTEX
  8
0
 10
614.388036
 20
614.250843
 42
-0.035211
  0
VERTEX
  8
0
 10
614.686515
 20
611.439572
 42
-0.004844
  0
VERTEX
  8
0
 10
614.837855
 20
605.550832
 42
-0.030772
  0
VERTEX
  8
0
 10
614.443449
 20
596.891934
 42
-0.046496
  0
VERTEX
  8
0
 10
612.945306
 20
589.500123
 42
-0.036102
  0
VERTEX
  8
0
 10
609.802887
 20
581.278123
 42
-0.011425
  0
VERTEX
  8
0
 10
603.966156
 20
569.500000
 42
0.003399
  0
VERTEX
  8
0
 10
601.708086
 20
565.121468
 42
0.004371
  0
VERTEX
  8
0
 10
599.694877
 20
561.064193
 42
0.003370
  0
VERTEX
  8
0
 10
598.061994
 20
557.641321
 42
0.037567
  0
VERTEX
  8
0
 10
597.525157
 20
556.229169
 42
0.010380
  0
VERTEX
  8
0
 10
597.123968
 20
554.764908
 42
0.527981
  0
VERTEX
  8
0
 10
597.290503
 20
554.576896
 42
0.154023
  0
VERTEX
  8
0
 10
597.706340
 20
554.768265
 42
0.002615
  0
VERTEX
  8
0
 10
599.582738
 20
556.489098
 42
-0.016731
  0
VERTEX
  8
0
 10
600.663320
 20
557.425336
 42
-0.027015
  0
VERTEX
  8
0
 10
601.649039
 20
558.138729
 42
-0.025465
  0
VERTEX
  8
0
 10
602.456546
 20
558.602727
 42
-0.324748
  0
VERTEX
  8
0
 10
602.782305
 20
558.551028
 42
-0.369074
  0
VERTEX
  8
0
 10
602.807253
 20
558.232933
 42
-0.021661
  0
VERTEX
  8
0
 10
602.155339
 20
557.413747
 42
-0.024380
  0
VERTEX
  8
0
 10
601.206379
 20
556.423765
 42
-0.014575
  0
VERTEX
  8
0
 10
599.989594
 20
555.337790
 42
0.031229
  0
VERTEX
  8
0
 10
598.642514
 20
554.052463
 42
0.022103
  0
VERTEX
  8
0
 10
597.291999
 20
552.456265
 42
0.022406
  0
VERTEX
  8
0
 10
596.133332
 20
550.809749
 42
0.043183
  0
VERTEX
  8
0
 10
595.386329
 20
549.382190
 42
0.038612
  0
VERTEX
  8
0
 10
594.097418
 20
545.474388
 42
0.005968
  0
VERTEX
  8
0
 10
592.240258
 20
537.523792
 42
0.007181
  0
VERTEX
  8
0
 10
590.512705
 20
529.138365
 42
0.014632
  0
VERTEX
  8
0
 10
589.444447
 20
522.500000
 42
-0.005418
  0
VERTEX
  8
0
 10
589.025475
 20
519.551036
 42
-0.000828
  0
VERTEX
  8
0
 10
588.117446
 20
513.686801
 42
-0.000926
  0
VERTEX
  8
0
 10
587.021538
 20
506.769759
 42
-0.000803
  0
VERTEX
  8
0
 10
585.847032
 20
499.518898
 42
0.003117
  0
VERTEX
  8
0
 10
584.543394
 20
491.227884
 42
0.001723
  0
VERTEX
  8
0
 10
583.049207
 20
481.086068
 42
0.001718
  0
VERTEX
  8
0
 10
581.605706
 20
470.797675
 42
0.002765
  0
VERTEX
  8
0
 10
580.454175
 20
462.018898
 42
-0.000998
  0
VERTEX
  8
0
 10
579.407232
 20
453.812608
 42
-0.000891
  0
VERTEX
  8
0
 10
578.288011
 20
445.296176
 42
-0.000893
  0
VERTEX
  8
0
 10
577.255074
 20
437.647721
 42
-0.002782
  0
VERTEX
  8
0
 10
576.521295
 20
432.500000
 42
0.004401
  0
VERTEX
  8
0
 10
574.364683
 20
417.011890
 42
0.007099
  0
VERTEX
  8
0
 10
572.832083
 20
403.784921
 42
0.007908
  0
VERTEX
  8
0
 10
571.793491
 20
391.644751
 42
0.007951
  0
VERTEX
  8
0
 10
571.141600
 20
379.500000
 42
-0.002053
  0
VERTEX
  8
0
 10
570.567179
 20
365.775771
 42
-0.621666
  0
VERTEX
  8
0
 10
569.768884
 20
365.426466
 42
-0.139731
  0
VERTEX
  8
0
 10
568.679942
 20
367.041629
 42
-0.000615
  0
VERTEX
  8
0
 10
562.175179
 20
387.051272
 42
0.001142
  0
VERTEX
  8
0
 10
554.224458
 20
411.421460
 42
0.002000
  0
VERTEX
  8
0
 10
547.515321
 20
431.556004
 42
0.002392
  0
VERTEX
  8
0
 10
541.704027
 20
448.498438
 42
0.003752
  0
VERTEX
  8
0
 10
536.529944
 20
463.000000
 42
-0.007991
  0
VERTEX
  8
0
 10
527.872635
 20
487.929724
 42
-0.003252
  0
VERTEX
  8
0
 10
516.857430
 20
522.110526
 42
-0.002554
  0
VERTEX
  8
0
 10
506.544684
 20
555.432085
 42
-0.020406
  0
VERTEX
  8
0
 10
502.499357
 20
571.000000
 42
0.010995
  0
VERTEX
  8
0
 10
500.460802
 20
579.499022
 42
0.010478
  0
VERTEX
  8
0
 10
498.020373
 20
588.038796
 42
0.009462
  0
VERTEX
  8
0
 10
494.990259
 20
597.236940
 42
0.006153
  0
VERTEX
  8
0
 10
491.159136
 20
607.750000
 42
-0.013258
  0
VERTEX
  8
0
 10
490.026688
 20
611.000406
 42
-0.126249
  0
VERTEX
  8
0
 10
489.942742
 20
612.457015
 42
-0.311192
  0
VERTEX
  8
0
 10
490.613543
 20
613.112444
 42
-0.079765
  0
VERTEX
  8
0
 10
492.214012
 20
613.130417
 42
0.294359
  0
VERTEX
  8
0
 10
492.431205
 20
613.228606
 42
0.131224
  0
VERTEX
  8
0
 10
492.532060
 20
613.540544
 42
0.070535
  0
VERTEX
  8
0
 10
492.486588
 20
614.049623
 42
0.034135
  0
VERTEX
  8
0
 10
492.294073
 20
614.676041
 42
-0.026576
  0
VERTEX
  8
0
 10
492.062327
 20
615.391453
 42
-0.198402
  0
VERTEX
  8
0
 10
492.108209
 20
615.738112
 42
-0.355418
  0
VERTEX
  8
0
 10
492.348040
 20
615.829620
 42
-0.058840
  0
VERTEX
  8
0
 10
492.830061
 20
615.605028
 42
0.052257
  0
VERTEX
  8
0
 10
493.283404
 20
615.386511
 42
0.103873
  0
VERTEX
  8
0
 10
493.676570
 20
615.332014
 42
0.165489
  0
VERTEX
  8
0
 10
493.945305
 20
615.444772
 42
0.192463
  0
VERTEX
  8
0
 10
494.068900
 20
615.690983
 42
-0.017845
  0
VERTEX
  8
0
 10
494.434550
 20
618.707030
 42
-0.028012
  0
VERTEX
  8
0
 10
494.984723
 20
621.258959
 42
-0.029607
  0
VERTEX
  8
0
 10
495.789856
 20
623.628475
 42
-0.023440
  0
VERTEX
  8
0
 10
496.926852
 20
626.084166
 42
0.019577
  0
VERTEX
  8
0
 10
497.749083
 20
627.824651
 42
0.014419
  0
VERTEX
  8
0
 10
498.526872
 20
629.810209
 42
0.014618
  0
VERTEX
  8
0
 10
499.154098
 20
631.733274
 42
0.031293
  0
VERTEX
  8
0
 10
499.499991
 20
633.255182
 42
-0.021275
  0
VERTEX
  8
0
 10
499.815072
 20
634.782388
 42
-0.010084
  0
VERTEX
  8
0
 10
500.343838
 20
636.721835
 42
-0.009974
  0
VERTEX
  8
0
 10
500.979358
 20
638.731487
 42
-0.013913
  0
VERTEX
  8
0
 10
501.633055
 20
640.500000
 42
0.000584
  0
VERTEX
  8
0
 10
503.380503
 20
644.866039
 42
0.003208
  0
VERTEX
  8
0
 10
504.305877
 20
647.229921
 42
0.005771
  0
VERTEX
  8
0
 10
504.922875
 20
648.893454
 42
0.006939
  0
VERTEX
  8
0
 10
505.463117
 20
650.471975
 42
-0.019959
  0
VERTEX
  8
0
 10
505.854078
 20
651.524079
 42
-0.224525
  0
VERTEX
  8
0
 10
506.176412
 20
651.814506
 42
-0.291127
  0
VERTEX
  8
0
 10
506.546373
 20
651.710144
 42
-0.030713
  0
VERTEX
  8
0
 10
507.128617
 20
650.971975
 42
0.136991
  0
VERTEX
  8
0
 10
507.505171
 20
650.659884
 42
0.511955
  0
VERTEX
  8
0
 10
507.727130
 20
650.788909
 42
0.064019
  0
VERTEX
  8
0
 10
507.701040
 20
651.659581
 42
0.008253
  0
VERTEX
  8
0
 10
507.376919
 20
653.500000
 42
-0.016389
  0
VERTEX
  8
0
 10
507.092187
 20
655.286438
 42
-0.010846
  0
VERTEX
  8
0
 10
506.877328
 20
657.353125
 42
-0.010920
  0
VERTEX
  8
0
 10
506.755890
 20
659.372610
 42
-0.020772
  0
VERTEX
  8
0
 10
506.761287
 20
661.000000
 42
0.008432
  0
VERTEX
  8
0
 10
507.053036
 20
671.420559
 42
0.015223
  0
VERTEX
  8
0
 10
506.888085
 20
679.958251
 42
0.017971
  0
VERTEX
  8
0
 10
506.251597
 20
687.366853
 42
0.021309
  0
VERTEX
  8
0
 10
505.102988
 20
694.296822
 42
0.006565
  0
VERTEX
  8
0
 10
504.236214
 20
698.173051
 42
0.008409
  0
VERTEX
  8
0
 10
503.331738
 20
701.716136
 42
0.006725
  0
VERTEX
  8
0
 10
502.487484
 20
704.649807
 42
0.068664
  0
VERTEX
  8
0
 10
501.960367
 20
705.796822
 42
0.020140
  0
VERTEX
  8
0
 10
501.412284
 20
706.584091
 42
0.602277
  0
VERTEX
  8
0
 10
501.223330
 20
706.553245
 42
0.129998
  0
VERTEX
  8
0
 10
501.193602
 20
706.105141
 42
0.005263
  0
VERTEX
  8
0
 10
501.523707
 20
704.500000
 42
-0.003020
  0
VERTEX
  8
0
 10
503.969346
 20
692.872608
 42
-0.013166
  0
VERTEX
  8
0
 10
505.193628
 20
685.945913
 42
-0.020588
  0
VERTEX
  8
0
 10
505.768713
 20
680.613967
 42
-0.018620
  0
VERTEX
  8
0
 10
505.929715
 20
675.070546
 42
-0.010738
  0
VERTEX
  8
0
 10
505.723899
 20
668.137155
 42
-0.062048
  0
VERTEX
  8
0
 10
505.086510
 20
664.534037
 42
-0.717782
  0
VERTEX
  8
0
 10
504.329148
 20
664.513848
 42
-0.055838
  0
VERTEX
  8
0
 10
503.595960
 20
667.500000
 42
0.010124
  0
VERTEX
  8
0
 10
503.272265
 20
669.649698
 42
0.007854
  0
VERTEX
  8
0
 10
502.836018
 20
671.975553
 42
0.007952
  0
VERTEX
  8
0
 10
502.360308
 20
674.133030
 42
0.018943
  0
VERTEX
  8
0
 10
501.921207
 20
675.714649
 42
-0.037580
  0
VERTEX
  8
0
 10
501.571571
 20
677.184280
 42
-0.023218
  0
VERTEX
  8
0
 10
501.372947
 20
678.950067
 42
-0.023236
  0
VERTEX
  8
0
 10
501.339036
 20
680.723197
 42
-0.038209
  0
VERTEX
  8
0
 10
501.494288
 20
682.214649
 42
0.081404
  0
VERTEX
  8
0
 10
501.536741
 20
684.619446
 42
0.014604
  0
VERTEX
  8
0
 10
500.757810
 20
689.050693
 42
0.012018
  0
VERTEX
  8
0
 10
499.335375
 20
695.202079
 42
0.004440
  0
VERTEX
  8
0
 10
497.046233
 20
703.801633
 42
-0.003222
  0
VERTEX
  8
0
 10
495.113119
 20
710.993149
 42
-0.004487
  0
VERTEX
  8
0
 10
493.482331
 20
717.455804
 42
-0.002786
  0
VERTEX
  8
0
 10
492.191532
 20
722.903964
 42
-0.056827
  0
VERTEX
  8
0
 10
492.000000
 20
724.583751
 42
0.042476
  0
VERTEX
  8
0
 10
491.898060
 20
725.781545
 42
0.017684
  0
VERTEX
  8
0
 10
491.567226
 20
727.371367
 42
0.017345
  0
VERTEX
  8
0
 10
491.090815
 20
729.058478
 42
0.021472
  0
VERTEX
  8
0
 10
490.526728
 20
730.590273
 42
-0.039908
  0
VERTEX
  8
0
 10
489.494699
 20
733.746689
 42
-0.013066
  0
VERTEX
  8
0
 10
488.473269
 20
738.536538
 42
-0.009632
  0
VERTEX
  8
0
 10
487.680209
 20
743.307886
 42
-0.103247
  0
VERTEX
  8
0
 10
487.797851
 20
745.255746
 42
0.118497
  0
VERTEX
  8
0
 10
487.814149
 20
745.795335
 42
0.003918
  0
VERTEX
  8
0
 10
487.355262
 20
747.911587
 42
0.007268
  0
VERTEX
  8
0
 10
486.754024
 20
750.412781
 42
0.004973
  0
VERTEX
  8
0
 10
486.001915
 20
753.235647
 42
-0.010519
  0
VERTEX
  8
0
 10
485.241383
 20
756.222935
 42
-0.010676
  0
VERTEX
  8
0
 10
484.611253
 20
759.224860
 42
-0.010512
  0
VERTEX
  8
0
 10
484.174331
 20
761.856441
 42
-0.042436
  0
VERTEX
  8
0
 10
484.078947
 20
763.479901
 42
-0.021371
  0
VERTEX
  8
0
 10
484.204412
 20
765.298757
 42
-0.781065
  0
VERTEX
  8
0
 10
484.455186
 20
765.332311
 42
-0.040515
  0
VERTEX
  8
0
 10
484.872876
 20
763.965820
 42
-0.001392
  0
VERTEX
  8
0
 10
486.054326
 20
758.500000
 42
0.009673
  0
VERTEX
  8
0
 10
486.633643
 20
756.019530
 42
0.009275
  0
VERTEX
  8
0
 10
487.316009
 20
753.528125
 42
0.009245
  0
VERTEX
  8
0
 10
487.999102
 20
751.353574
 42
0.032716
  0
VERTEX
  8
0
 10
488.552753
 20
750.000000
 42
-0.032750
  0
VERTEX
  8
0
 10
489.100537
 20
748.660511
 42
-0.009754
  0
VERTEX
  8
0
 10
489.760700
 20
746.550435
 42
-0.009738
  0
VERTEX
  8
0
 10
490.411366
 20
744.145528
 42
-0.010379
  0
VERTEX
  8
0
 10
490.953147
 20
741.767437
 42
0.011853
  0
VERTEX
  8
0
 10
491.469313
 20
739.532223
 42
0.016486
  0
VERTEX
  8
0
 10
492.044104
 20
737.560235
 42
0.012938
  0
VERTEX
  8
0
 10
492.608957
 20
735.975845
 42
0.163659
  0
VERTEX
  8
0
 10
493.008044
 20
735.495029
 42
0.608433
  0
VERTEX
  8
0
 10
493.598394
 20
735.848597
 42
0.025124
  0
VERTEX
  8
0
 10
493.245916
 20
738.975353
 42
0.022621
  0
VERTEX
  8
0
 10
492.345544
 20
743.247237
 42
0.015545
  0
VERTEX
  8
0
 10
490.958005
 20
748.000000
 42
-0.012162
  0
VERTEX
  8
0
 10
490.188018
 20
750.572634
 42
-0.006452
  0
VERTEX
  8
0
 10
489.353218
 20
753.793750
 42
-0.006417
  0
VERTEX
  8
0
 10
488.584032
 20
757.111013
 42
-0.009891
  0
VERTEX
  8
0
 10
488.012737
 20
760.000000
 42
0.000698
  0
VERTEX
  8
0
 10
487.509155
 20
762.817845
 42
0.000527
  0
VERTEX
  8
0
 10
486.948276
 20
765.912500
 42
0.000532
  0
VERTEX
  8
0
 10
486.415057
 20
768.819433
 42
0.001233
  0
VERTEX
  8
0
 10
486.007111
 20
771.000000
 42
-0.046455
  0
VERTEX
  8
0
 10
485.491037
 20
776.440910
 42
-0.003644
  0
VERTEX
  8
0
 10
485.572118
 20
791.016189
 42
-0.005147
  0
VERTEX
  8
0
 10
485.907824
 20
805.518652
 42
-0.019866
  0
VERTEX
  8
0
 10
486.566116
 20
814.500000
 42
-0.022971
  0
VERTEX
  8
0
 10
487.383287
 20
819.601753
 42
-0.016752
  0
VERTEX
  8
0
 10
488.738751
 20
825.182675
 42
-0.008144
  0
VERTEX
  8
0
 10
490.267369
 20
830.341845
 42
-0.327636
  0
VERTEX
  8
0
 10
491.163951
 20
831.000000
 42
-0.118859
  0
VERTEX
  8
0
 10
491.482834
 20
830.923109
 42
-0.100648
  0
VERTEX
  8
0
 10
491.754411
 20
830.706250
 42
-0.092316
  0
VERTEX
  8
0
 10
491.936773
 20
830.381928
 42
-0.082214
  0
VERTEX
  8
0
 10
492.000000
 20
830.000000
 42
0.106713
  0
VERTEX
  8
0
 10
492.082368
 20
829.618464
 42
0.099439
  0
VERTEX
  8
0
 10
492.315889
 20
829.293750
 42
0.095965
  0
VERTEX
  8
0
 10
492.664844
 20
829.076063
 42
0.091860
  0
VERTEX
  8
0
 10
493.075366
 20
829.000000
 42
0.246562
  0
VERTEX
  8
0
 10
493.465144
 20
829.204650
 42
0.081483
  0
VERTEX
  8
0
 10
493.750091
 20
829.807989
 42
0.058887
  0
VERTEX
  8
0
 10
493.894446
 20
830.696931
 42
0.036981
  0
VERTEX
  8
0
 10
493.862212
 20
831.750601
 42
-0.030098
  0
VERTEX
  8
0
 10
493.811243
 20
832.899533
 42
-0.027843
  0
VERTEX
  8
0
 10
493.895588
 20
834.076919
 42
-0.028948
  0
VERTEX
  8
0
 10
494.090149
 20
835.116186
 42
-0.077813
  0
VERTEX
  8
0
 10
494.380989
 20
835.807436
 42
0.085565
  0
VERTEX
  8
0
 10
494.649489
 20
836.474129
 42
0.037950
  0
VERTEX
  8
0
 10
494.778759
 20
837.416795
 42
0.036124
  0
VERTEX
  8
0
 10
494.766444
 20
838.460691
 42
0.040495
  0
VERTEX
  8
0
 10
494.601449
 20
839.451816
 42
-0.070732
  0
VERTEX
  8
0
 10
494.476719
 20
840.639054
 42
-0.025089
  0
VERTEX
  8
0
 10
494.624993
 20
842.344550
 42
-0.024311
  0
VERTEX
  8
0
 10
494.978149
 20
844.226458
 42
-0.026274
  0
VERTEX
  8
0
 10
495.505669
 20
846.016067
 42
0.003421
  0
VERTEX
  8
0
 10
496.427235
 20
848.686156
 42
0.098702
  0
VERTEX
  8
0
 10
496.519903
 20
849.402020
 42
0.565370
  0
VERTEX
  8
0
 10
496.250128
 20
849.540291
 42
0.031851
  0
VERTEX
  8
0
 10
495.311132
 20
848.871086
 42
-0.007008
  0
VERTEX
  8
0
 10
494.312174
 20
848.081522
 42
-0.244058
  0
VERTEX
  8
0
 10
494.026974
 20
848.030779
 42
-0.416173
  0
VERTEX
  8
0
 10
493.924803
 20
848.227329
 42
-0.012243
  0
VERTEX
  8
0
 10
494.261730
 20
849.198783
 42
0.027844
  0
VERTEX
  8
0
 10
494.591616
 20
850.255262
 42
0.003434
  0
VERTEX
  8
0
 10
495.166115
 20
852.601704
 42
0.004050
  0
VERTEX
  8
0
 10
495.807345
 20
855.401483
 42
0.003338
  0
VERTEX
  8
0
 10
496.447112
 20
858.397670
 42
-0.023230
  0
VERTEX
  8
0
 10
498.365530
 20
865.906311
 42
-0.041310
  0
VERTEX
  8
0
 10
500.726334
 20
871.831286
 42
-0.052218
  0
VERTEX
  8
0
 10
503.260365
 20
875.819020
 42
-0.228973
  0
VERTEX
  8
0
 10
505.704018
 20
877.000000
 42
-0.160367
  0
VERTEX
  8
0
 10
506.447606
 20
876.755210
 42
-0.183885
  0
VERTEX
  8
0
 10
506.849881
 20
876.129032
 42
-0.073991
  0
VERTEX
  8
0
 10
506.923865
 20
874.889471
 42
-0.012030
  0
VERTEX
  8
0
 10
506.653294
 20
872.487156
 42
0.059665
  0
VERTEX
  8
0
 10
506.572068
 20
867.717601
 42
0.027107
  0
VERTEX
  8
0
 10
507.545460
 20
861.543075
 42
0.025933
  0
VERTEX
  8
0
 10
509.319877
 20
854.937080
 42
0.028438
  0
VERTEX
  8
0
 10
511.725266
 20
848.756113
 42
0.007789
  0
VERTEX
  8
0
 10
512.758579
 20
846.581374
 42
0.013559
  0
VERTEX
  8
0
 10
513.691953
 20
844.815598
 42
0.007721
  0
VERTEX
  8
0
 10
514.497533
 20
843.436953
 42
0.486741
  0
VERTEX
  8
0
 10
514.740811
 20
843.407478
 42
0.244819
  0
VERTEX
  8
0
 10
514.846099
 20
843.741673
 42
0.007197
  0
VERTEX
  8
0
 10
514.559349
 20
845.237665
 42
0.012884
  0
VERTEX
  8
0
 10
514.140412
 20
847.030605
 42
0.008342
  0
VERTEX
  8
0
 10
513.568032
 20
849.082866
 42
-0.009224
  0
VERTEX
  8
0
 10
512.473344
 20
853.034799
 42
-0.042021
  0
VERTEX
  8
0
 10
512.075229
 20
855.385258
 42
-0.156782
  0
VERTEX
  8
0
 10
512.305326
 20
856.380338
 42
-0.418702
  0
VERTEX
  8
0
 10
512.942068
 20
856.535804
 42
0.452074
  0
VERTEX
  8
0
 10
514.659321
 20
857.058709
 42
0.035767
  0
VERTEX
  8
0
 10
516.526332
 20
862.101936
 42
0.036396
  0
VERTEX
  8
0
 10
517.880223
 20
868.444793
 42
0.049680
  0
VERTEX
  8
0
 10
518.103633
 20
874.281415
 42
-0.016400
  0
VERTEX
  8
0
 10
518.052172
 20
876.104330
 42
-0.028526
  0
VERTEX
  8
0
 10
518.145320
 20
877.614274
 42
-0.029791
  0
VERTEX
  8
0
 10
518.342373
 20
878.708263
 42
-0.396132
  0
VERTEX
  8
0
 10
518.655756
 20
878.912993
 42
0.063801
  0
VERTEX
  8
0
 10
520.369659
 20
878.830285
 42
0.220232
  0
VERTEX
  8
0
 10
521.314468
 20
879.362193
 42
0.150294
  0
VERTEX
  8
0
 10
521.735791
 20
880.607894
 42
0.026688
  0
VERTEX
  8
0
 10
521.672088
 20
883.098137
 42
-0.022762
  0
VERTEX
  8
0
 10
521.613056
 20
884.863673
 42
-0.046208
  0
VERTEX
  8
0
 10
521.757766
 20
886.244152
 42
-0.063532
  0
VERTEX
  8
0
 10
522.081386
 20
887.208772
 42
-0.190715
  0
VERTEX
  8
0
 10
522.583707
 20
887.670495
 42
0.115894
  0
VERTEX
  8
0
 10
523.101140
 20
888.022342
 42
0.044159
  0
VERTEX
  8
0
 10
523.635471
 20
888.718533
 42
0.040739
  0
VERTEX
  8
0
 10
524.104341
 20
889.608437
 42
0.039415
  0
VERTEX
  8
0
 10
524.428805
 20
890.572358
 42
-0.035761
  0
VERTEX
  8
0
 10
524.734091
 20
891.501689
 42
-0.047796
  0
VERTEX
  8
0
 10
525.147276
 20
892.286880
 42
-0.056695
  0
VERTEX
  8
0
 10
525.599638
 20
892.831425
 42
-0.193444
  0
VERTEX
  8
0
 10
526.019052
 20
893.000000
 42
0.030256
  0
VERTEX
  8
0
 10
527.225790
 20
893.073089
 42
0.076955
  0
VERTEX
  8
0
 10
528.068003
 20
893.310349
 42
0.082334
  0
VERTEX
  8
0
 10
528.765379
 20
893.779810
 42
0.038410
  0
VERTEX
  8
0
 10
529.500000
 20
894.588864
 42
-0.201080
  0
VERTEX
  8
0
 10
530.790471
 20
895.316635
 42
-0.056243
  0
VERTEX
  8
0
 10
533.156446
 20
895.326717
 42
-0.059010
  0
VERTEX
  8
0
 10
535.336749
 20
894.825428
 42
-0.316727
  0
VERTEX
  8
0
 10
536.000000
 20
893.883423
 42
0.248137
  0
VERTEX
  8
0
 10
536.179353
 20
893.544276
 42
0.065743
  0
VERTEX
  8
0
 10
536.744710
 20
893.259505
 42
0.050786
  0
VERTEX
  8
0
 10
537.564074
 20
893.064351
 42
0.033096
  0
VERTEX
  8
0
 10
538.535183
 20
893.000000
 42
-0.051720
  0
VERTEX
  8
0
 10
539.690458
 20
892.880178
 42
-0.027766
  0
VERTEX
  8
0
 10
541.076125
 20
892.508274
 42
-0.027339
  0
VERTEX
  8
0
 10
542.461530
 20
891.967104
 42
-0.038264
  0
VERTEX
  8
0
 10
543.625154
 20
891.326039
 42
0.003664
  0
VERTEX
  8
0
 10
544.795994
 20
890.571081
 42
0.002128
  0
VERTEX
  8
0
 10
546.212404
 20
889.680843
 42
0.002127
  0
VERTEX
  8
0
 10
547.639741
 20
888.800595
 42
0.003587
  0
VERTEX
  8
0
 10
548.845242
 20
888.076039
 42
-0.006875
  0
VERTEX
  8
0
 10
554.229606
 20
884.791421
 42
-0.017315
  0
VERTEX
  8
0
 10
558.030523
 20
882.212563
 42
-0.019953
  0
VERTEX
  8
0
 10
560.613386
 20
880.163477
 42
-0.134070
  0
VERTEX
  8
0
 10
561.520432
 20
878.819499
 42
0.115113
  0
VERTEX
  8
0
 10
561.950166
 20
878.128463
 42
0.050359
  0
VERTEX
  8
0
 10
562.791089
 20
877.442015
 42
0.046192
  0
VERTEX
  8
0
 10
563.872758
 20
876.862768
 42
0.045815
  0
VERTEX
  8
0
 10
565.045329
 20
876.490044
 42
-0.044060
  0
VERTEX
  8
0
 10
566.175958
 20
876.135007
 42
-0.056142
  0
VERTEX
  8
0
 10
567.132066
 20
875.607091
 42
-0.067421
  0
VERTEX
  8
0
 10
567.785771
 20
874.996515
 42
-0.172908
  0
VERTEX
  8
0
 10
568.000000
 20
874.395545
 42
0.171642
  0
VERTEX
  8
0
 10
568.210723
 20
873.799786
 42
0.069988
  0
VERTEX
  8
0
 10
568.847669
 20
873.205095
 42
0.058035
  0
VERTEX
  8
0
 10
569.781512
 20
872.700481
 42
0.045551
  0
VERTEX
  8
0
 10
570.885682
 20
872.372864
 42
-0.059885
  0
VERTEX
  8
0
 10
572.100027
 20
871.974451
 42
-0.045819
  0
VERTEX
  8
0
 10
573.308194
 20
871.269445
 42
-0.046466
  0
VERTEX
  8
0
 10
574.347210
 20
870.371559
 42
-0.068575
  0
VERTEX
  8
0
 10
575.054662
 20
869.397864
 42
0.104315
  0
VERTEX
  8
0
 10
576.271169
 20
867.951447
 42
0.097348
  0
VERTEX
  8
0
 10
577.997265
 20
867.075603
 42
0.158808
  0
VERTEX
  8
0
 10
579.394925
 20
867.130852
 42
0.313807
  0
VERTEX
  8
0
 10
580.000000
 20
868.000000
 42
-0.278410
  0
VERTEX
  8
0
 10
580.400001
 20
868.662687
 42
-0.100873
  0
VERTEX
  8
0
 10
581.498417
 20
868.982824
 42
-0.106983
  0
VERTEX
  8
0
 10
582.594409
 20
868.838841
 42
-0.308618
  0
VERTEX
  8
0
 10
583.022236
 20
868.250000
 42
0.112656
  0
VERTEX
  8
0
 10
583.132672
 20
867.824610
 42
0.014666
  0
VERTEX
  8
0
 10
583.591207
 20
867.000417
 42
0.016470
  0
VERTEX
  8
0
 10
584.205097
 20
866.042593
 42
0.013089
  0
VERTEX
  8
0
 10
584.927933
 20
865.049291
 42
0.024314
  0
VERTEX
  8
0
 10
585.965447
 20
863.827162
 42
0.114985
  0
VERTEX
  8
0
 10
586.724250
 20
863.319831
 42
0.182426
  0
VERTEX
  8
0
 10
587.436675
 20
863.320197
 42
0.083022
  0
VERTEX
  8
0
 10
588.254089
 20
863.795912
 42
-0.099987
  0
VERTEX
  8
0
 10
589.118463
 20
864.260754
 42
-0.145564
  0
VERTEX
  8
0
 10
589.978268
 20
864.265055
 42
-0.086523
  0
VERTEX
  8
0
 10
591.018293
 20
863.754028
 42
-0.020134
  0
VERTEX
  8
0
 10
592.550031
 20
862.541522
 42
0.024637
  0
VERTEX
  8
0
 10
593.915817
 20
861.480236
 42
0.066230
  0
VERTEX
  8
0
 10
595.005360
 20
860.914309
 42
0.104976
  0
VERTEX
  8
0
 10
595.882608
 20
860.792823
 42
0.156547
  0
VERTEX
  8
0
 10
596.595693
 20
861.079418
 42
-0.102416
  0
VERTEX
  8
0
 10
597.225579
 20
861.414264
 42
-0.125978
  0
VERTEX
  8
0
 10
597.888849
 20
861.436724
 42
-0.098147
  0
VERTEX
  8
0
 10
598.604921
 20
861.123406
 42
-0.044349
  0
VERTEX
  8
0
 10
599.394054
 20
860.463089
 42
-0.011862
  0
VERTEX
  8
0
 10
600.711126
 20
859.081998
 42
-0.206103
  0
VERTEX
  8
0
 10
600.909040
 20
858.506889
 42
-0.440164
  0
VERTEX
  8
0
 10
600.587001
 20
858.253616
 42
-0.026896
  0
VERTEX
  8
0
 10
599.250000
 20
858.547872
 42
0.271554
  0
VERTEX
  8
0
 10
599.068819
 20
858.499692
 42
0.465558
  0
VERTEX
  8
0
 10
599.081312
 20
858.362578
 42
0.029971
  0
VERTEX
  8
0
 10
599.836092
 20
857.901295
 42
0.007327
  0
VERTEX
  8
0
 10
601.133190
 20
857.235875
 42
-0.009904
  0
VERTEX
  8
0
 10
602.635613
 20
856.455315
 42
-0.009169
  0
VERTEX
  8
0
 10
604.145503
 20
855.596218
 42
-0.009196
  0
VERTEX
  8
0
 10
605.461128
 20
854.782292
 42
-0.030085
  0
VERTEX
  8
0
 10
606.285944
 20
854.177650
 42
0.027584
  0
VERTEX
  8
0
 10
607.101772
 20
853.573307
 42
0.150336
  0
VERTEX
  8
0
 10
607.623205
 20
853.421119
 42
0.219121
  0
VERTEX
  8
0
 10
608.027770
 20
853.614496
 42
0.065193
  0
VERTEX
  8
0
 10
608.402754
 20
854.208262
 42
-0.029124
  0
VERTEX
  8
0
 10
608.735020
 20
854.829227
 42
-0.251593
  0
VERTEX
  8
0
 10
608.997166
 20
854.982223
 42
-0.266501
  0
VERTEX
  8
0
 10
609.258191
 20
854.844482
 42
-0.031940
  0
VERTEX
  8
0
 10
609.583333
 20
854.250000
 42
0.147960
  0
VERTEX
  8
0
 10
610.412969
 20
853.323721
 42
0.156160
  0
VERTEX
  8
0
 10
611.598476
 20
853.037654
 42
0.183812
  0
VERTEX
  8
0
 10
612.595615
 20
853.502960
 42
0.195076
  0
VERTEX
  8
0
 10
613.000000
 20
854.500000
 42
-0.099038
  0
VERTEX
  8
0
 10
613.114514
 20
855.072457
 42
-0.097945
  0
VERTEX
  8
0
 10
613.440625
 20
855.559375
 42
-0.097945
  0
VERTEX
  8
0
 10
613.927543
 20
855.885486
 42
-0.099038
  0
VERTEX
  8
0
 10
614.500000
 20
856.000000
 42
-0.064853
  0
VERTEX
  8
0
 10
615.073457
 20
855.925306
 42
-0.082425
  0
VERTEX
  8
0
 10
615.559375
 20
855.706250
 42
-0.098894
  0
VERTEX
  8
0
 10
615.884432
 20
855.381354
 42
-0.148195
  0
VERTEX
  8
0
 10
616.000000
 20
855.000000
 42
0.248869
  0
VERTEX
  8
0
 10
616.203718
 20
854.616062
 42
0.065419
  0
VERTEX
  8
0
 10
616.846990
 20
854.293750
 42
0.050578
  0
VERTEX
  8
0
 10
617.778876
 20
854.072834
 42
0.032936
  0
VERTEX
  8
0
 10
618.883369
 20
854.000000
 42
0.041839
  0
VERTEX
  8
0
 10
620.237546
 20
854.113512
 42
0.091163
  0
VERTEX
  8
0
 10
621.213522
 20
854.468756
 42
0.111474
  0
VERTEX
  8
0
 10
621.877426
 20
855.090898
 42
0.085218
  0
VERTEX
  8
0
 10
622.289749
 20
856.000000
 42
0.049763
  0
VERTEX
  8
0
 10
622.414037
 20
856.788534
 42
0.090654
  0
VERTEX
  8
0
 10
622.333711
 20
857.433392
 42
0.132493
  0
VERTEX
  8
0
 10
622.066459
 20
857.852009
 42
0.183868
  0
VERTEX
  8
0
 10
621.656380
 20
858.013655
 42
-0.033083
  0
VERTEX
  8
0
 10
621.053438
 20
858.060749
 42
-0.009603
  0
VERTEX
  8
0
 10
620.132815
 20
858.212435
 42
-0.009608
  0
VERTEX
  8
0
 10
619.099741
 20
858.423697
 42
-0.010128
  0
VERTEX
  8
0
 10
618.093628
 20
858.671178
 42
0.015942
  0
VERTEX
  8
0
 10
616.883440
 20
858.953978
 42
0.155958
  0
VERTEX
  8
0
 10
616.368372
 20
858.896182
 42
0.380155
  0
VERTEX
  8
0
 10
616.233162
 20
858.595885
 42
0.062600
  0
VERTEX
  8
0
 10
616.520679
 20
857.966541
 42
-0.353670
  0
VERTEX
  8
0
 10
616.482735
 20
857.667724
 42
-0.263344
  0
VERTEX
  8
0
 10
616.146770
 20
857.582077
 42
-0.053618
  0
VERTEX
  8
0
 10
615.246611
 20
857.933824
 42
-0.015044
  0
VERTEX
  8
0
 10
613.927051
 20
858.671473
 42
0.023752
  0
VERTEX
  8
0
 10
612.227721
 20
859.582959
 42
0.010320
  0
VERTEX
  8
0
 10
609.891071
 20
860.638214
 42
0.010186
  0
VERTEX
  8
0
 10
607.356655
 20
861.659855
 42
0.013348
  0
VERTEX
  8
0
 10
605.000000
 20
862.483209
 42
-0.004310
  0
VERTEX
  8
0
 10
601.389817
 20
863.671748
 42
-0.015030
  0
VERTEX
  8
0
 10
599.090826
 20
864.528500
 42
-0.017958
  0
VERTEX
  8
0
 10
597.063593
 20
865.440357
 42
-0.008363
  0
VERTEX
  8
0
 10
594.500000
 20
866.759805
 42
0.009617
  0
VERTEX
  8
0
 10
593.491514
 20
867.275665
 42
0.003576
  0
VERTEX
  8
0
 10
592.054711
 20
867.963414
 42
0.003541
  0
VERTEX
  8
0
 10
590.476799
 20
868.691286
 42
0.004272
  0
VERTEX
  8
0
 10
588.984124
 20
869.351751
 42
-0.016916
  0
VERTEX
  8
0
 10
587.366872
 20
870.116798
 42
-0.008680
  0
VERTEX
  8
0
 10
585.391093
 20
871.178398
 42
-0.008615
  0
VERTEX
  8
0
 10
583.392527
 20
872.343052
 42
-0.012842
  0
VERTEX
  8
0
 10
581.689715
 20
873.435818
 42
0.006911
  0
VERTEX
  8
0
 10
580.198175
 20
874.418173
 42
0.009815
  0
VERTEX
  8
0
 10
578.843533
 20
875.246772
 42
0.006292
  0
VERTEX
  8
0
 10
577.693246
 20
875.900418
 42
0.126712
  0
VERTEX
  8
0
 10
577.306610
 20
876.000000
 42
-0.172694
  0
VERTEX
  8
0
 10
576.939818
 20
876.130580
 42
-0.007986
  0
VERTEX
  8
0
 10
575.912217
 20
876.996114
 42
-0.012464
  0
VERTEX
  8
0
 10
574.714442
 20
878.091761
 42
-0.008548
  0
VERTEX
  8
0
 10
573.408714
 20
879.391028
 42
0.011809
  0
VERTEX
  8
0
 10
572.115785
 20
880.660887
 42
0.019530
  0
VERTEX
  8
0
 10
570.959297
 20
881.662435
 42
0.014320
  0
VERTEX
  8
0
 10
569.998107
 20
882.387136
 42
0.365820
  0
VERTEX
  8
0
 10
569.694943
 20
882.361609
 42
-0.401074
  0
VERTEX
  8
0
 10
568.761982
 20
882.340581
 42
-0.015481
  0
VERTEX
  8
0
 10
566.052615
 20
884.974543
 42
-0.015537
  0
VERTEX
  8
0
 10
563.494705
 20
887.790143
 42
-0.325845
  0
VERTEX
  8
0
 10
563.412866
 20
888.859013
 42
0.175713
  0
VERTEX
  8
0
 10
563.506901
 20
889.309697
 42
0.075875
  0
VERTEX
  8
0
 10
563.326816
 20
889.905261
 42
0.061749
  0
VERTEX
  8
0
 10
562.916581
 20
890.547493
 42
0.047274
  0
VERTEX
  8
0
 10
562.326368
 20
891.136693
 42
0.027174
  0
VERTEX
  8
0
 10
561.506876
 20
891.741416
 42
0.124615
  0
VERTEX
  8
0
 10
560.952838
 20
891.933321
 42
0.227512
  0
VERTEX
  8
0
 10
560.559851
 20
891.784538
 42
0.109600
  0
VERTEX
  8
0
 10
560.274879
 20
891.312500
 42
-0.421580
  0
VERTEX
  8
0
 10
559.431627
 20
890.907197
 42
-0.125370
  0
VERTEX
  8
0
 10
558.115926
 20
891.806035
 42
-0.076288
  0
VERTEX
  8
0
 10
556.953257
 20
893.620995
 42
-0.165542
  0
VERTEX
  8
0
 10
556.807314
 20
895.250000
 42
0.068058
  0
VERTEX
  8
0
 10
556.882195
 20
895.975495
 42
0.131093
  0
VERTEX
  8
0
 10
556.714230
 20
896.530734
 42
0.152217
  0
VERTEX
  8
0
 10
556.315667
 20
896.876249
 42
0.103394
  0
VERTEX
  8
0
 10
555.723620
 20
897.000000
 42
-0.095675
  0
VERTEX
  8
0
 10
555.100232
 20
897.120388
 42
-0.066853
  0
VERTEX
  8
0
 10
554.475563
 20
897.473952
 42
-0.064478
  0
VERTEX
  8
0
 10
553.944357
 20
897.996653
 42
-0.074709
  0
VERTEX
  8
0
 10
553.594837
 20
898.613454
 42
0.093085
  0
VERTEX
  8
0
 10
553.202755
 20
899.250036
 42
0.107173
  0
VERTEX
  8
0
 10
552.622976
 20
899.663585
 42
0.098381
  0
VERTEX
  8
0
 10
551.882468
 20
899.821361
 42
0.067496
  0
VERTEX
  8
0
 10
551.027268
 20
899.717382
 42
-0.227223
  0
VERTEX
  8
0
 10
549.014357
 20
900.106760
 42
-0.055471
  0
VERTEX
  8
0
 10
546.470239
 20
902.471001
 42
-0.066612
  0
VERTEX
  8
0
 10
544.774746
 20
905.069224
 42
-0.418247
  0
VERTEX
  8
0
 10
545.260102
 20
906.410803
 42
0.061004
  0
VERTEX
  8
0
 10
545.529226
 20
906.577010
 42
0.691485
  0
VERTEX
  8
0
 10
545.502655
 20
906.658753
 42
0.062834
  0
VERTEX
  8
0
 10
545.118119
 20
906.628323
 42
0.008954
  0
VERTEX
  8
0
 10
544.344681
 20
906.453432
 42
-0.086390
  0
VERTEX
  8
0
 10
543.215798
 20
906.376620
 42
-0.103384
  0
VERTEX
  8
0
 10
542.202927
 20
906.701575
 42
-0.078157
  0
VERTEX
  8
0
 10
541.203407
 20
907.497498
 42
-0.030895
  0
VERTEX
  8
0
 10
540.094681
 20
908.867033
 42
-0.016095
  0
VERTEX
  8
0
 10
539.292749
 20
910.073623
 42
-0.018954
  0
VERTEX
  8
0
 10
538.615312
 20
911.266456
 42
-0.018149
  0
VERTEX
  8
0
 10
538.123307
 20
912.305328
 42
-0.101852
  0
VERTEX
  8
0
 10
538.000000
 20
912.904370
 42
0.113331
  0
VERTEX
  8
0
 10
537.904035
 20
913.322316
 42
0.100260
  0
VERTEX
  8
0
 10
537.632812
 20
913.678167
 42
0.094035
  0
VERTEX
  8
0
 10
537.227311
 20
913.916945
 42
0.086373
  0
VERTEX
  8
0
 10
536.750000
 20
914.000029
 42
-0.202451
  0
VERTEX
  8
0
 10
535.497371
 20
914.528934
 42
-0.012262
  0
VERTEX
  8
0
 10
532.667516
 20
917.583411
 42
-0.013379
  0
VERTEX
  8
0
 10
530.012748
 20
920.761198
 42
-0.167809
  0
VERTEX
  8
0
 10
529.502992
 20
922.217580
 42
0.112184
  0
VERTEX
  8
0
 10
529.413203
 20
922.605241
 42
0.020007
  0
VERTEX
  8
0
 10
529.060254
 20
923.265293
 42
0.020736
  0
VERTEX
  8
0
 10
528.574488
 20
924.018973
 42
0.017398
  0
VERTEX
  8
0
 10
528.000000
 20
924.776599
 42
-0.012442
  0
VERTEX
  8
0
 10
525.960664
 20
927.411396
 42
-0.012313
  0
VERTEX
  8
0
 10
524.047569
 20
930.153408
 42
-0.012309
  0
VERTEX
  8
0
 10
522.491650
 20
932.635473
 42
-0.044726
  0
VERTEX
  8
0
 10
521.689532
 20
934.313382
 42
0.059184
  0
VERTEX
  8
0
 10
521.356614
 20
934.961107
 42
0.090698
  0
VERTEX
  8
0
 10
520.916702
 20
935.411253
 42
0.121123
  0
VERTEX
  8
0
 10
520.443749
 20
935.597378
 42
0.173569
  0
VERTEX
  8
0
 10
520.007063
 20
935.504365
 42
-0.121098
  0
VERTEX
  8
0
 10
519.624044
 20
935.380595
 42
-0.187412
  0
VERTEX
  8
0
 10
519.295825
 20
935.481765
 42
-0.151727
  0
VERTEX
  8
0
 10
519.074801
 20
935.804756
 42
-0.074879
  0
VERTEX
  8
0
 10
519.000000
 20
936.301436
 42
0.095410
  0
VERTEX
  8
0
 10
518.851823
 20
937.070893
 42
0.018422
  0
VERTEX
  8
0
 10
518.274478
 20
938.373054
 42
0.018994
  0
VERTEX
  8
0
 10
517.475657
 20
939.862945
 42
0.016524
  0
VERTEX
  8
0
 10
516.530137
 20
941.360453
 42
-0.013121
  0
VERTEX
  8
0
 10
515.633568
 20
942.759254
 42
-0.024704
  0
VERTEX
  8
0
 10
514.997256
 20
943.939816
 42
-0.027106
  0
VERTEX
  8
0
 10
514.635711
 20
944.817486
 42
-0.503299
  0
VERTEX
  8
0
 10
514.780137
 20
945.030409
 42
0.424993
  0
VERTEX
  8
0
 10
514.878004
 20
945.140907
 42
0.173729
  0
VERTEX
  8
0
 10
514.786290
 20
945.344688
 42
0.050808
  0
VERTEX
  8
0
 10
514.399942
 20
945.671653
 42
0.018251
  0
VERTEX
  8
0
 10
513.790213
 20
946.057594
 42
-0.100632
  0
VERTEX
  8
0
 10
513.087352
 20
946.684578
 42
-0.039349
  0
VERTEX
  8
0
 10
512.389862
 20
947.789353
 42
-0.036942
  0
VERTEX
  8
0
 10
511.801464
 20
949.140784
 42
-0.037853
  0
VERTEX
  8
0
 10
511.424039
 20
950.553215
 42
0.015214
  0
VERTEX
  8
0
 10
511.024921
 20
952.373273
 42
0.117683
  0
VERTEX
  8
0
 10
510.624957
 20
953.140435
 42
0.294862
  0
VERTEX
  8
0
 10
510.106626
 20
953.290859
 42
0.100764
  0
VERTEX
  8
0
 10
509.383826
 20
952.903584
 42
-0.042072
  0
VERTEX
  8
0
 10
508.669010
 20
952.405442
 42
-0.310243
  0
VERTEX
  8
0
 10
508.275980
 20
952.435813
 42
-0.204482
  0
VERTEX
  8
0
 10
508.049359
 20
952.862099
 42
-0.021308
  0
VERTEX
  8
0
 10
508.000000
 20
954.019826
 42
0.112816
  0
VERTEX
  8
0
 10
507.596765
 20
955.784213
 42
0.054012
  0
VERTEX
  8
0
 10
506.360619
 20
957.767855
 42
0.022225
  0
VERTEX
  8
0
 10
503.764916
 20
960.789949
 42
0.002513
  0
VERTEX
  8
0
 10
497.551720
 20
967.338693
 42
-0.021316
  0
VERTEX
  8
0
 10
495.733957
 20
969.404932
 42
-0.021549
  0
VERTEX
  8
0
 10
494.105660
 20
971.611216
 42
-0.021950
  0
VERTEX
  8
0
 10
492.859763
 20
973.648764
 42
-0.077032
  0
VERTEX
  8
0
 10
492.332261
 20
975.088693
 42
0.030000
  0
VERTEX
  8
0
 10
492.038794
 20
976.203622
 42
0.042792
  0
VERTEX
  8
0
 10
491.637656
 20
977.144804
 42
0.050196
  0
VERTEX
  8
0
 10
491.196034
 20
977.806190
 42
0.224080
  0
VERTEX
  8
0
 10
490.785293
 20
978.000000
 42
-0.190571
  0
VERTEX
  8
0
 10
489.664140
 20
978.443422
 42
-0.026297
  0
VERTEX
  8
0
 10
487.894042
 20
980.287384
 42
-0.028264
  0
VERTEX
  8
0
 10
486.020405
 20
982.722244
 42
-0.025033
  0
VERTEX
  8
0
 10
484.349953
 20
985.451103
 42
0.014089
  0
VERTEX
  8
0
 10
483.633335
 20
986.681437
 42
0.012012
  0
VERTEX
  8
0
 10
482.810850
 20
987.937853
 42
0.012180
  0
VERTEX
  8
0
 10
482.007071
 20
989.044895
 42
0.033272
  0
VERTEX
  8
0
 10
481.370325
 20
989.772532
 42
-0.051006
  0
VERTEX
  8
0
 10
480.557220
 20
990.770914
 42
-0.065230
  0
VERTEX
  8
0
 10
480.040461
 20
991.837216
 42
-0.065925
  0
VERTEX
  8
0
 10
479.819277
 20
992.991408
 42
-0.053622
  0
VERTEX
  8
0
 10
479.881579
 20
994.250000
 42
0.217593
  0
VERTEX
  8
0
 10
479.801888
 20
994.535825
 42
0.101261
  0
VERTEX
  8
0
 10
479.493161
 20
994.779688
 42
0.071716
  0
VERTEX
  8
0
 10
478.999717
 20
994.945144
 42
0.045116
  0
VERTEX
  8
0
 10
478.393011
 20
995.000000
 42
-0.077669
  0
VERTEX
  8
0
 10
477.754575
 20
995.099775
 42
-0.166102
  0
VERTEX
  8
0
 10
477.359038
 20
995.393809
 42
-0.166138
  0
VERTEX
  8
0
 10
477.226134
 20
995.868337
 42
-0.077710
  0
VERTEX
  8
0
 10
477.361626
 20
996.500000
 42
0.075244
  0
VERTEX
  8
0
 10
477.496694
 20
997.114961
 42
0.151899
  0
VERTEX
  8
0
 10
477.382077
 20
997.592642
 42
0.166113
  0
VERTEX
  8
0
 10
477.027855
 20
997.893789
 42
0.094119
  0
VERTEX
  8
0
 10
476.468615
 20
998.000000
 42
-0.103661
  0
VERTEX
  8
0
 10
475.908229
 20
998.117442
 42
-0.098918
  0
VERTEX
  8
0
 10
475.431406
 20
998.450960
 42
-0.096791
  0
VERTEX
  8
0
 10
475.111871
 20
998.949194
 42
-0.094600
  0
VERTEX
  8
0
 10
475.000000
 20
999.535183
 42
0.107741
  0
VERTEX
  8
0
 10
474.663462
 20
1001.078854
 42
0.023004
  0
VERTEX
  8
0
 10
473.399615
 20
1003.534555
 42
0.024098
  0
VERTEX
  8
0
 10
471.894628
 20
1005.885182
 42
0.084725
  0
VERTEX
  8
0
 10
470.627381
 20
1007.149075
 42
-0.126162
  0
VERTEX
  8
0
 10
470.319755
 20
1007.510784
 42
-0.075105
  0
VERTEX
  8
0
 10
470.149599
 20
1008.053446
 42
-0.067143
  0
VERTEX
  8
0
 10
470.137023
 20
1008.687433
 42
-0.063123
  0
VERTEX
  8
0
 10
470.291140
 20
1009.316316
 42
0.082113
  0
VERTEX
  8
0
 10
470.417774
 20
1009.932938
 42
0.092271
  0
VERTEX
  8
0
 10
470.330178
 20
1010.531427
 42
0.100654
  0
VERTEX
  8
0
 10
470.044700
 20
1011.018679
 42
0.119000
  0
VERTEX
  8
0
 10
469.605951
 20
1011.320969
 42
-0.195594
  0
VERTEX
  8
0
 10
468.538783
 20
1012.320572
 42
-0.006622
  0
VERTEX
  8
0
 10
466.151849
 20
1017.686865
 42
-0.010464
  0
VERTEX
  8
0
 10
464.019589
 20
1022.958642
 42
-0.085381
  0
VERTEX
  8
0
 10
463.522729
 20
1025.500000
 42
0.053084
  0
VERTEX
  8
0
 10
463.468391
 20
1025.919565
 42
0.042302
  0
VERTEX
  8
0
 10
463.324994
 20
1026.353125
 42
0.043718
  0
VERTEX
  8
0
 10
463.120158
 20
1026.735909
 42
0.078212
  0
VERTEX
  8
0
 10
462.881507
 20
1027.000000
 42
-0.175024
  0
VERTEX
  8
0
 10
461.482160
 20
1029.311306
 42
-0.007439
  0
VERTEX
  8
0
 10
459.716147
 20
1038.854097
 42
-0.013648
  0
VERTEX
  8
0
 10
458.270192
 20
1049.054166
 42
-0.020068
  0
VERTEX
  8
0
 10
457.606387
 20
1058.081952
 42
0.003729
  0
VERTEX
  8
0
 10
457.406643
 20
1062.984068
 42
0.004949
  0
VERTEX
  8
0
 10
457.147573
 20
1067.439698
 42
0.003569
  0
VERTEX
  8
0
 10
456.867305
 20
1071.163926
 42
0.048694
  0
VERTEX
  8
0
 10
456.624784
 20
1072.500000
 42
-0.011513
  0
VERTEX
  8
0
 10
455.604644
 20
1076.431978
 42
-0.011573
  0
VERTEX
  8
0
 10
454.768512
 20
1080.399970
 42
-0.011527
  0
VERTEX
  8
0
 10
454.113967
 20
1084.418001
 42
-0.011205
  0
VERTEX
  8
0
 10
453.638227
 20
1088.500000
 42
0.007400
  0
VERTEX
  8
0
 10
453.341107
 20
1091.229908
 42
0.004315
  0
VERTEX
  8
0
 10
452.908200
 20
1094.494395
 42
0.004314
  0
VERTEX
  8
0
 10
452.418168
 20
1097.756618
 42
0.007285
  0
VERTEX
  8
0
 10
451.944081
 20
1100.480919
 42
-0.016770
  0
VERTEX
  8
0
 10
451.551662
 20
1103.020169
 42
-0.014540
  0
VERTEX
  8
0
 10
451.307543
 20
1105.703868
 42
-0.014775
  0
VERTEX
  8
0
 10
451.229088
 20
1108.147978
 42
-0.040877
  0
VERTEX
  8
0
 10
451.365102
 20
1109.862431
 42
0.043030
  0
VERTEX
  8
0
 10
451.481060
 20
1111.408385
 42
0.027193
  0
VERTEX
  8
0
 10
451.362578
 20
1113.214308
 42
0.027149
  0
VERTEX
  8
0
 10
451.047897
 20
1115.002750
 42
0.041856
  0
VERTEX
  8
0
 10
450.565951
 20
1116.496401
 42
-0.030087
  0
VERTEX
  8
0
 10
450.103464
 20
1117.822265
 42
-0.034723
  0
VERTEX
  8
0
 10
449.829626
 20
1119.132402
 42
-0.037203
  0
VERTEX
  8
0
 10
449.759778
 20
1120.252837
 42
-0.136199
  0
VERTEX
  8
0
 10
449.956450
 20
1120.929535
 42
0.138273
  0
VERTEX
  8
0
 10
450.358967
 20
1122.335835
 42
0.036512
  0
VERTEX
  8
0
 10
450.196092
 20
1124.691782
 42
0.035257
  0
VERTEX
  8
0
 10
449.704714
 20
1126.969243
 42
0.177635
  0
VERTEX
  8
0
 10
448.945445
 20
1128.000629
 42
-0.216870
  0
VERTEX
  8
0
 10
448.274108
 20
1129.073657
 42
-0.015029
  0
VERTEX
  8
0
 10
447.902242
 20
1132.710940
 42
-0.015480
  0
VERTEX
  8
0
 10
447.753077
 20
1136.358589
 42
-0.201490
  0
VERTEX
  8
0
 10
448.255552
 20
1137.588885
 42
0.159638
  0
VERTEX
  8
0
 10
448.448455
 20
1137.969777
 42
0.062907
  0
VERTEX
  8
0
 10
448.464245
 20
1138.564552
 42
0.053780
  0
VERTEX
  8
0
 10
448.317849
 20
1139.263157
 42
0.044373
  0
VERTEX
  8
0
 10
448.019414
 20
1139.963725
 42
-0.107630
  0
VERTEX
  8
0
 10
447.542534
 20
1141.641298
 42
-0.026211
  0
VERTEX
  8
0
 10
447.513256
 20
1144.535449
 42
-0.024378
  0
VERTEX
  8
0
 10
447.836882
 20
1148.080323
 42
-0.017469
  0
VERTEX
  8
0
 10
448.528794
 20
1152.000000
 42
0.006916
  0
VERTEX
  8
0
 10
448.794684
 20
1153.340392
 42
0.177669
  0
VERTEX
  8
0
 10
448.733083
 20
1153.699957
 42
0.517254
  0
VERTEX
  8
0
 10
448.528121
 20
1153.719434
 42
0.018839
  0
VERTEX
  8
0
 10
447.954446
 20
1153.000000
 42
-0.524511
  0
VERTEX
  8
0
 10
447.519153
 20
1153.013415
 42
-0.131464
  0
VERTEX
  8
0
 10
447.254598
 20
1153.832445
 42
-0.027870
  0
VERTEX
  8
0
 10
447.265576
 20
1156.156017
 42
-0.004940
  0
VERTEX
  8
0
 10
447.571600
 20
1160.500000
 42
-0.001008
  0
VERTEX
  8
0
 10
448.172146
 20
1167.786939
 42
-0.004009
  0
VERTEX
  8
0
 10
448.585577
 20
1172.255308
 42
-0.006150
  0
VERTEX
  8
0
 10
448.969088
 20
1175.647493
 42
-0.006312
  0
VERTEX
  8
0
 10
449.432996
 20
1179.000000
 42
0.013106
  0
VERTEX
  8
0
 10
449.662063
 20
1180.839090
 42
0.003841
  0
VERTEX
  8
0
 10
449.918055
 20
1183.675000
 42
0.003855
  0
VERTEX
  8
0
 10
450.157088
 20
1186.871886
 42
0.004128
  0
VERTEX
  8
0
 10
450.340811
 20
1190.000000
 42
-0.008718
  0
VERTEX
  8
0
 10
450.794421
 20
1196.675749
 42
-0.037723
  0
VERTEX
  8
0
 10
451.429704
 20
1200.595135
 42
-0.062618
  0
VERTEX
  8
0
 10
452.451717
 20
1203.300717
 42
-0.067086
  0
VERTEX
  8
0
 10
454.093966
 20
1205.600022
 42
0.026196
  0
VERTEX
  8
0
 10
454.908315
 20
1206.563309
 42
0.040903
  0
VERTEX
  8
0
 10
455.491961
 20
1207.478565
 42
0.049024
  0
VERTEX
  8
0
 10
455.799661
 20
1208.231535
 42
0.275512
  0
VERTEX
  8
0
 10
455.697380
 20
1208.635953
 42
-0.299856
  0
VERTEX
  8
0
 10
455.604437
 20
1209.088071
 42
-0.026806
  0
VERTEX
  8
0
 10
456.116055
 20
1210.193404
 42
-0.027952
  0
VERTEX
  8
0
 10
456.933840
 20
1211.548479
 42
-0.017746
  0
VERTEX
  8
0
 10
458.026770
 20
1213.033801
 42
0.028854
  0
VERTEX
  8
0
 10
459.356886
 20
1214.928176
 42
0.042245
  0
VERTEX
  8
0
 10
460.279025
 20
1216.743410
 42
0.046720
  0
VERTEX
  8
0
 10
460.818131
 20
1218.535485
 42
0.049752
  0
VERTEX
  8
0
 10
461.000000
 20
1220.358721
 42
-0.032776
  0
VERTEX
  8
0
 10
461.112391
 20
1222.071395
 42
-0.069378
  0
VERTEX
  8
0
 10
461.465925
 20
1223.350830
 42
-0.086709
  0
VERTEX
  8
0
 10
462.088996
 20
1224.299531
 42
-0.081505
  0
VERTEX
  8
0
 10
463.009011
 20
1225.004823
 42
0.060390
  0
VERTEX
  8
0
 10
463.902326
 20
1225.631880
 42
0.108448
  0
VERTEX
  8
0
 10
464.421941
 20
1226.356527
 42
0.106553
  0
VERTEX
  8
0
 10
464.595553
 20
1227.241455
 42
0.056893
  0
VERTEX
  8
0
 10
464.447880
 20
1228.351638
 42
-0.059026
  0
VERTEX
  8
0
 10
464.298717
 20
1229.510713
 42
-0.128572
  0
VERTEX
  8
0
 10
464.515167
 20
1230.373985
 42
-0.116859
  0
VERTEX
  8
0
 10
465.145581
 20
1231.072675
 42
-0.044162
  0
VERTEX
  8
0
 10
466.297320
 20
1231.725699
 42
0.071971
  0
VERTEX
  8
0
 10
467.463741
 20
1232.475347
 42
0.080464
  0
VERTEX
  8
0
 10
468.318927
 20
1233.500394
 42
0.064715
  0
VERTEX
  8
0
 10
468.931413
 20
1234.927246
 42
0.029423
  0
VERTEX
  8
0
 10
469.370268
 20
1236.914067
 42
-0.020097
  0
VERTEX
  8
0
 10
469.804983
 20
1239.072401
 42
-0.094066
  0
VERTEX
  8
0
 10
470.326925
 20
1240.220995
 42
-0.153523
  0
VERTEX
  8
0
 10
471.093515
 20
1240.806216
 42
-0.085336
  0
VERTEX
  8
0
 10
472.261818
 20
1241.015313
 42
0.012181
  0
VERTEX
  8
0
 10
473.411247
 20
1241.051188
 42
0.208792
  0
VERTEX
  8
0
 10
473.740320
 20
1241.217202
 42
0.419563
  0
VERTEX
  8
0
 10
473.713853
 20
1241.474215
 42
0.027425
  0
VERTEX
  8
0
 10
473.039763
 20
1241.954263
 42
-0.056823
  0
VERTEX
  8
0
 10
472.326388
 20
1242.528219
 42
-0.220572
  0
VERTEX
  8
0
 10
472.139109
 20
1243.048425
 42
-0.142294
  0
VERTEX
  8
0
 10
472.386578
 20
1243.683972
 42
-0.020392
  0
VERTEX
  8
0
 10
473.289763
 20
1244.767691
 42
0.057999
  0
VERTEX
  8
0
 10
473.944932
 20
1245.686004
 42
0.036287
  0
VERTEX
  8
0
 10
474.497618
 20
1246.887038
 42
0.036089
  0
VERTEX
  8
0
 10
474.875026
 20
1248.167662
 42
0.053663
  0
VERTEX
  8
0
 10
475.000000
 20
1249.328741
 42
-0.042253
  0
VERTEX
  8
0
 10
475.094254
 20
1250.442095
 42
-0.081463
  0
VERTEX
  8
0
 10
475.384649
 20
1251.285829
 42
-0.114269
  0
VERTEX
  8
0
 10
475.845312
 20
1251.809373
 42
-0.156676
  0
VERTEX
  8
0
 10
476.438727
 20
1252.000000
 42
0.209490
  0
VERTEX
  8
0
 10
477.102862
 20
1252.291032
 42
0.077289
  0
VERTEX
  8
0
 10
477.684723
 20
1253.159101
 42
0.050636
  0
VERTEX
  8
0
 10
478.176488
 20
1254.571477
 42
0.021258
  0
VERTEX
  8
0
 10
478.559701
 20
1256.549545
 42
-0.018527
  0
VERTEX
  8
0
 10
478.903825
 20
1258.379297
 42
-0.020556
  0
VERTEX
  8
0
 10
479.373189
 20
1260.115295
 42
-0.020416
  0
VERTEX
  8
0
 10
479.891250
 20
1261.552393
 42
-0.092243
  0
VERTEX
  8
0
 10
480.370973
 20
1262.299545
 42
0.061233
  0
VERTEX
  8
0
 10
480.895312
 20
1263.015026
 42
0.014699
  0
VERTEX
  8
0
 10
481.577130
 20
1264.322366
 42
0.014880
  0
VERTEX
  8
0
 10
482.275934
 20
1265.880613
 42
0.014253
  0
VERTEX
  8
0
 10
482.891597
 20
1267.500000
 42
-0.021906
  0
VERTEX
  8
0
 10
483.615461
 20
1269.319680
 42
-0.011765
  0
VERTEX
  8
0
 10
484.657775
 20
1271.500000
 42
-0.011694
  0
VERTEX
  8
0
 10
485.827222
 20
1273.677495
 42
-0.017946
  0
VERTEX
  8
0
 10
486.949962
 20
1275.500000
 42
0.020864
  0
VERTEX
  8
0
 10
488.070948
 20
1277.343660
 42
0.013020
  0
VERTEX
  8
0
 10
489.235287
 20
1279.588163
 42
0.013062
  0
VERTEX
  8
0
 10
490.269249
 20
1281.864410
 42
0.023053
  0
VERTEX
  8
0
 10
490.984969
 20
1283.800130
 42
-0.020623
  0
VERTEX
  8
0
 10
492.106100
 20
1286.878213
 42
-0.100072
  0
VERTEX
  8
0
 10
493.134927
 20
1288.414748
 42
-0.283946
  0
VERTEX
  8
0
 10
494.121722
 20
1288.643692
 42
-0.171871
  0
VERTEX
  8
0
 10
495.096491
 20
1287.878115
 42
0.024436
  0
VERTEX
  8
0
 10
495.639334
 20
1287.107141
 42
0.407859
  0
VERTEX
  8
0
 10
495.921483
 20
1287.069124
 42
0.188943
  0
VERTEX
  8
0
 10
496.137585
 20
1287.416337
 42
0.008493
  0
VERTEX
  8
0
 10
496.375000
 20
1288.831198
 42
-0.073611
  0
VERTEX
  8
0
 10
497.097118
 20
1291.197214
 42
-0.013301
  0
VERTEX
  8
0
 10
499.184492
 20
1295.308709
 42
-0.007134
  0
VERTEX
  8
0
 10
501.520903
 20
1299.479284
 42
-0.267596
  0
VERTEX
  8
0
 10
502.424185
 20
1300.000000
 42
0.143255
  0
VERTEX
  8
0
 10
503.006584
 20
1300.170360
 42
0.021212
  0
VERTEX
  8
0
 10
504.020325
 20
1300.881250
 42
0.022455
  0
VERTEX
  8
0
 10
505.174576
 20
1301.851271
 42
0.017624
  0
VERTEX
  8
0
 10
506.338013
 20
1303.000000
 42
0.013054
  0
VERTEX
  8
0
 10
507.637270
 20
1304.450627
 42
0.076494
  0
VERTEX
  8
0
 10
508.171977
 20
1305.319614
 42
0.291593
  0
VERTEX
  8
0
 10
508.093234
 20
1305.782408
 42
0.211787
  0
VERTEX
  8
0
 10
507.602570
 20
1306.000000
 42
-0.624983
  0
VERTEX
  8
0
 10
507.403039
 20
1306.409269
 42
-0.011685
  0
VERTEX
  8
0
 10
509.354735
 20
1308.788882
 42
-0.014310
  0
VERTEX
  8
0
 10
512.144078
 20
1311.850415
 42
-0.007564
  0
VERTEX
  8
0
 10
515.767804
 20
1315.494066
 42
-0.003828
  0
VERTEX
  8
0
 10
519.556179
 20
1319.133561
 42
-0.005987
  0
VERTEX
  8
0
 10
522.877175
 20
1322.200994
 42
-0.002046
  0
VERTEX
  8
0
 10
525.772452
 20
1324.790269
 42
-0.181501
  0
VERTEX
  8
0
 10
526.303429
 20
1324.994066
 42
0.162651
  0
VERTEX
  8
0
 10
527.732836
 20
1325.483456
 42
0.015041
  0
VERTEX
  8
0
 10
530.674817
 20
1327.874331
 42
0.013635
  0
VERTEX
  8
0
 10
533.490347
 20
1330.443970
 42
0.203682
  0
VERTEX
  8
0
 10
533.999971
 20
1331.643011
 42
-0.205168
  0
VERTEX
  8
0
 10
534.401275
 20
1332.579765
 42
-0.086847
  0
VERTEX
  8
0
 10
535.561934
 20
1333.353654
 42
-0.083032
  0
VERTEX
  8
0
 10
536.971272
 20
1333.712211
 42
-0.160615
  0
VERTEX
  8
0
 10
538.090242
 20
1333.444227
 42
0.155866
  0
VERTEX
  8
0
 10
538.435146
 20
1333.358239
 42
0.191404
  0
VERTEX
  8
0
 10
538.732759
 20
1333.499495
 42
0.128202
  0
VERTEX
  8
0
 10
538.933947
 20
1333.872718
 42
0.059919
  0
VERTEX
  8
0
 10
539.000000
 20
1334.421931
 42
-0.142794
  0
VERTEX
  8
0
 10
539.185298
 20
1335.057531
 42
-0.072425
  0
VERTEX
  8
0
 10
539.734375
 20
1335.693848
 42
-0.062619
  0
VERTEX
  8
0
 10
540.543879
 20
1336.234906
 42
-0.054607
  0
VERTEX
  8
0
 10
541.500000
 20
1336.589356
 42
0.047672
  0
VERTEX
  8
0
 10
542.456434
 20
1336.928950
 42
0.057929
  0
VERTEX
  8
0
 10
543.265625
 20
1337.427498
 42
0.068393
  0
VERTEX
  8
0
 10
543.817342
 20
1338.000685
 42
0.158749
  0
VERTEX
  8
0
 10
544.000000
 20
1338.561491
 42
-0.183060
  0
VERTEX
  8
0
 10
544.239553
 20
1339.193866
 42
-0.038785
  0
VERTEX
  8
0
 10
545.101562
 20
1340.028130
 42
-0.035821
  0
VERTEX
  8
0
 10
546.314231
 20
1340.893681
 42
-0.027382
  0
VERTEX
  8
0
 10
547.750000
 20
1341.666039
 42
0.024765
  0
VERTEX
  8
0
 10
549.403687
 20
1342.544505
 42
0.014848
  0
VERTEX
  8
0
 10
551.279688
 20
1343.740417
 42
0.014852
  0
VERTEX
  8
0
 10
553.079987
 20
1345.044563
 42
0.024935
  0
VERTEX
  8
0
 10
554.500000
 20
1346.256438
 42
-0.030580
  0
VERTEX
  8
0
 10
555.850296
 20
1347.382738
 42
-0.024632
  0
VERTEX
  8
0
 10
557.426562
 20
1348.426317
 42
-0.025277
  0
VERTEX
  8
0
 10
558.983277
 20
1349.246694
 42
-0.056578
  0
VERTEX
  8
0
 10
560.250000
 20
1349.668481
 42
0.040128
  0
VERTEX
  8
0
 10
562.046008
 20
1350.201703
 42
0.174232
  0
VERTEX
  8
0
 10
562.872600
 20
1350.917686
 42
0.336366
  0
VERTEX
  8
0
 10
562.769804
 20
1351.663444
 42
0.100672
  0
VERTEX
  8
0
 10
561.750000
 20
1352.337719
 42
-0.051902
  0
VERTEX
  8
0
 10
561.351958
 20
1352.548620
 42
-0.449116
  0
VERTEX
  8
0
 10
561.327933
 20
1352.724694
 42
-0.185333
  0
VERTEX
  8
0
 10
561.583427
 20
1352.862835
 42
-0.021021
  0
VERTEX
  8
0
 10
562.250000
 20
1352.921053
 42
0.048546
  0
VERTEX
  8
0
 10
562.919661
 20
1353.016855
 42
0.066596
  0
VERTEX
  8
0
 10
563.485937
 20
1353.237868
 42
0.084565
  0
VERTEX
  8
0
 10
563.868326
 20
1353.543208
 42
0.184097
  0
VERTEX
  8
0
 10
564.000000
 20
1353.888709
 42
-0.258840
  0
VERTEX
  8
0
 10
564.213698
 20
1354.273851
 42
-0.036448
  0
VERTEX
  8
0
 10
565.046988
 20
1354.712776
 42
-0.034004
  0
VERTEX
  8
0
 10
566.198680
 20
1355.125312
 42
-0.022637
  0
VERTEX
  8
0
 10
567.564213
 20
1355.446069
 42
0.029592
  0
VERTEX
  8
0
 10
568.946406
 20
1355.791079
 42
0.054819
  0
VERTEX
  8
0
 10
570.004467
 20
1356.255111
 42
0.080673
  0
VERTEX
  8
0
 10
570.637318
 20
1356.770897
 42
0.268088
  0
VERTEX
  8
0
 10
570.741013
 20
1357.276960
 42
-0.438405
  0
VERTEX
  8
0
 10
571.298112
 20
1358.285694
 42
-0.005529
  0
VERTEX
  8
0
 10
579.243118
 20
1360.135991
 42
-0.010841
  0
VERTEX
  8
0
 10
589.509296
 20
1362.175086
 42
-0.004945
  0
VERTEX
  8
0
 10
603.000000
 20
1364.414560
 42
0.006818
  0
VERTEX
  8
0
 10
612.617854
 20
1366.048189
 42
0.011488
  0
VERTEX
  8
0
 10
620.630563
 20
1367.713026
 42
0.005574
  0
VERTEX
  8
0
 10
627.131220
 20
1369.296840
 42
0.506156
  0
VERTEX
  8
0
 10
627.448556
 20
1370.083239
 42
0.223384
  0
VERTEX
  8
0
 10
627.095099
 20
1370.313637
 42
0.044108
  0
VERTEX
  8
0
 10
626.319114
 20
1370.352438
 42
0.039039
  0
VERTEX
  8
0
 10
625.330606
 20
1370.237019
 42
0.027504
  0
VERTEX
  8
0
 10
624.245677
 20
1369.960838
 42
-0.022818
  0
VERTEX
  8
0
 10
619.779669
 20
1368.779327
 42
-0.007596
  0
VERTEX
  8
0
 10
613.143985
 20
1367.449317
 42
-0.002088
  0
VERTEX
  8
0
 10
606.080949
 20
1366.175395
 42
-0.244629
  0
VERTEX
  8
0
 10
605.219550
 20
1366.447117
 42
-0.521660
  0
VERTEX
  8
0
 10
605.339470
 20
1367.120450
 42
-0.030136
  0
VERTEX
  8
0
 10
607.647486
 20
1368.022665
 42
-0.031456
  0
VERTEX
  8
0
 10
610.530694
 20
1368.757323
 42
-0.046685
  0
VERTEX
  8
0
 10
613.124117
 20
1369.000000
 42
0.027332
  0
VERTEX
  8
0
 10
614.235838
 20
1369.060816
 42
0.056633
  0
VERTEX
  8
0
 10
615.082613
 20
1369.252345
 42
0.105663
  0
VERTEX
  8
0
 10
615.544399
 20
1369.533018
 42
0.355902
  0
VERTEX
  8
0
 10
615.587113
 20
1369.859048
 42
-0.436988
  0
VERTEX
  8
0
 10
615.669065
 20
1370.154717
 42
-0.081944
  0
VERTEX
  8
0
 10
616.270054
 20
1370.349170
 42
-0.044050
  0
VERTEX
  8
0
 10
617.311848
 20
1370.413175
 42
-0.020771
  0
VERTEX
  8
0
 10
618.657565
 20
1370.321228
 42
0.034206
  0
VERTEX
  8
0
 10
620.382631
 20
1370.249820
 42
0.053400
  0
VERTEX
  8
0
 10
621.854710
 20
1370.447839
 42
0.060435
  0
VERTEX
  8
0
 10
623.113187
 20
1370.923166
 42
0.063511
  0
VERTEX
  8
0
 10
624.198462
 20
1371.679605
 42
-0.097028
  0
VERTEX
  8
0
 10
625.667591
 20
1372.564469
 42
-0.043988
  0
VERTEX
  8
0
 10
627.846241
 20
1373.145770
 42
-0.027075
  0
VERTEX
  8
0
 10
631.108881
 20
1373.534829
 42
-0.007287
  0
VERTEX
  8
0
 10
636.318993
 20
1373.795423
 42
0.012089
  0
VERTEX
  8
0
 10
640.836192
 20
1374.064870
 42
0.013111
  0
VERTEX
  8
0
 10
645.213979
 20
1374.548274
 42
0.014023
  0
VERTEX
  8
0
 10
649.085955
 20
1375.189991
 42
0.030535
  0
VERTEX
  8
0
 10
652.000000
 20
1375.944430
 42
-0.024454
  0
VERTEX
  8
0
 10
656.464480
 20
1377.158348
 42
-0.029405
  0
VERTEX
  8
0
 10
660.760289
 20
1377.841893
 42
-0.086319
  0
VERTEX
  8
0
 10
662.809916
 20
1377.691579
 42
-0.668801
  0
VERTEX
  8
0
 10
662.907796
 20
1377.027890
 42
-0.057131
  0
VERTEX
  8
0
 10
661.965107
 20
1376.602240
 42
-0.011460
  0
VERTEX
  8
0
 10
660.194762
 20
1376.079599
 42
-0.011972
  0
VERTEX
  8
0
 10
658.094903
 20
1375.565276
 42
-0.010923
  0
VERTEX
  8
0
 10
655.907796
 20
1375.134628
 42
0.002181
  0
VERTEX
  8
0
 10
653.405732
 20
1374.687254
 42
0.001175
  0
VERTEX
  8
0
 10
650.326040
 20
1374.115241
 42
0.001170
  0
VERTEX
  8
0
 10
647.190314
 20
1373.517593
 42
0.001840
  0
VERTEX
  8
0
 10
644.500000
 20
1372.988033
 42
-0.000493
  0
VERTEX
  8
0
 10
642.029225
 20
1372.494768
 42
-0.000498
  0
VERTEX
  8
0
 10
639.566900
 20
1372.008263
 42
-0.000485
  0
VERTEX
  8
0
 10
637.422396
 20
1371.588933
 42
-0.002033
  0
VERTEX
  8
0
 10
636.132001
 20
1371.343354
 42
0.051152
  0
VERTEX
  8
0
 10
634.411647
 20
1370.837068
 42
0.807365
  0
VERTEX
  8
0
 10
634.468780
 20
1370.515921
 42
0.032958
  0
VERTEX
  8
0
 10
637.434189
 20
1370.603688
 42
0.009362
  0
VERTEX
  8
0
 10
642.018742
 20
1371.129551
 42
-0.003760
  0
VERTEX
  8
0
 10
645.066274
 20
1371.513750
 42
-0.004083
  0
VERTEX
  8
0
 10
648.036755
 20
1371.840987
 42
-0.003844
  0
VERTEX
  8
0
 10
650.585732
 20
1372.080959
 42
-0.019870
  0
VERTEX
  8
0
 10
652.000000
 20
1372.146691
 42
0.031786
  0
VERTEX
  8
0
 10
653.368268
 20
1372.242983
 42
0.007222
  0
VERTEX
  8
0
 10
655.669349
 20
1372.586647
 42
0.007448
  0
VERTEX
  8
0
 10
658.316254
 20
1373.061722
 42
0.007178
  0
VERTEX
  8
0
 10
660.980764
 20
1373.620859
 42
-0.008890
  0
VERTEX
  8
0
 10
663.720062
 20
1374.185907
 42
-0.007866
  0
VERTEX
  8
0
 10
666.591579
 20
1374.678560
 42
-0.007923
  0
VERTEX
  8
0
 10
669.192196
 20
1375.040624
 42
-0.023756
  0
VERTEX
  8
0
 10
670.980764
 20
1375.174989
 42
0.036656
  0
VERTEX
  8
0
 10
672.456994
 20
1375.324240
 42
0.031048
  0
VERTEX
  8
0
 10
673.982088
 20
1375.691182
 42
0.032214
  0
VERTEX
  8
0
 10
675.333978
 20
1376.204047
 42
0.072116
  0
VERTEX
  8
0
 10
676.256131
 20
1376.796398
 42
-0.041283
  0
VERTEX
  8
0
 10
676.980901
 20
1377.327561
 42
-0.058380
  0
VERTEX
  8
0
 10
677.706403
 20
1377.663194
 42
-0.074373
  0
VERTEX
  8
0
 10
678.324796
 20
1377.768201
 42
-0.204045
  0
VERTEX
  8
0
 10
678.727170
 20
1377.606163
 42
-0.180165
  0
VERTEX
  8
0
 10
678.883990
 20
1377.263224
 42
-0.125024
  0
VERTEX
  8
0
 10
678.808464
 20
1376.839453
 42
-0.091070
  0
VERTEX
  8
0
 10
678.499127
 20
1376.393798
 42
-0.057266
  0
VERTEX
  8
0
 10
678.000000
 20
1376.000000
 42
0.092634
  0
VERTEX
  8
0
 10
677.129704
 20
1375.208026
 42
0.376461
  0
VERTEX
  8
0
 10
677.177359
 20
1374.550612
 42
0.227500
  0
VERTEX
  8
0
 10
678.018156
 20
1374.261728
 42
0.062574
  0
VERTEX
  8
0
 10
679.414343
 20
1374.605504
 42
0.075240
  0
VERTEX
  8
0
 10
680.026359
 20
1374.953167
 42
0.088892
  0
VERTEX
  8
0
 10
680.468135
 20
1375.450129
 42
0.100703
  0
VERTEX
  8
0
 10
680.673808
 20
1376.015975
 42
0.129291
  0
VERTEX
  8
0
 10
680.613648
 20
1376.564435
 42
-0.089712
  0
VERTEX
  8
0
 10
680.513027
 20
1377.094881
 42
-0.097951
  0
VERTEX
  8
0
 10
680.610295
 20
1377.609626
 42
-0.103157
  0
VERTEX
  8
0
 10
680.889333
 20
1378.028525
 42
-0.110777
  0
VERTEX
  8
0
 10
681.306177
 20
1378.288085
 42
-0.093151
  0
VERTEX
  8
0
 10
682.499799
 20
1378.469103
 42
-0.081645
  0
VERTEX
  8
0
 10
683.738060
 20
1378.220431
 42
-0.096026
  0
VERTEX
  8
0
 10
684.669748
 20
1377.645894
 42
-0.209682
  0
SEQEND
  0
POLYLINE
  8
0
 66
1
 70
1
  0
VERTEX
  8
0
 10
602.453213
 20
1367.738672
 42
-0.198234
  0
VERTEX
  8
0
 10
601.337606
 20
1366.559728
 42
-0.026189
  0
VERTEX
  8
0
 10
598.063143
 20
1365.292572
 42
-0.030857
  0
VERTEX
  8
0
 10
594.384281
 20
1364.332905
 42
-0.054762
  0
VERTEX
  8
0
 10
591.265749
 20
1364.070128
 42
-0.059731
  0
VERTEX
  8
0
 10
590.276585
 20
1364.214238
 42
-0.632790
  0
VERTEX
  8
0
 10
590.222419
 20
1364.514563
 42
-0.068159
  0
VERTEX
  8
0
 10
591.184523
 20
1365.021287
 42
-0.005185
  0
VERTEX
  8
0
 10
593.961671
 20
1365.998324
 42
-0.011541
  0
VERTEX
  8
0
 10
596.111366
 20
1366.674715
 42
-0.016461
  0
VERTEX
  8
0
 10
598.050548
 20
1367.167467
 42
-0.012401
  0
VERTEX
  8
0
 10
599.656136
 20
1367.478113
 42
-0.181941
  0
VERTEX
  8
0
 10
600.211671
 20
1367.369180
 42
0.113372
  0
VERTEX
  8
0
 10
600.511755
 20
1367.267133
 42
0.184435
  0
VERTEX
  8
0
 10
600.768428
 20
1367.336171
 42
0.157697
  0
VERTEX
  8
0
 10
600.941004
 20
1367.572639
 42
0.079576
  0
VERTEX
  8
0
 10
601.000000
 20
1367.940983
 42
-0.090291
  0
VERTEX
  8
0
 10
601.073611
 20
1368.345293
 42
-0.095452
  0
VERTEX
  8
0
 10
601.284531
 20
1368.688914
 42
-0.099707
  0
VERTEX
  8
0
 10
601.599074
 20
1368.918829
 42
-0.108533
  0
VERTEX
  8
0
 10
601.968615
 20
1369.000000
 42
-0.150801
  0
VERTEX
  8
0
 10
602.297672
 20
1368.898446
 42
-0.152489
  0
VERTEX
  8
0
 10
602.510520
 20
1368.629485
 42
-0.115875
  0
VERTEX
  8
0
 10
602.566439
 20
1368.221117
 42
-0.068049
  0
SEQEND
  0
POLYLINE
  8
0
 66
1
 70
1
  0
VERTEX
  8
0
 10
585.500000
 20
1364.000000
 42
-0.082592
  0
VERTEX
  8
0
 10
585.656512
 20
1363.617900
 42
-0.161196
  0
VERTEX
  8
0
 10
585.625400
 20
1363.293750
 42
-0.182303
  0
VERTEX
  8
0
 10
585.413961
 20
1363.078288
 42
-0.108972
  0
VERTEX
  8
0
 10
585.059017
 20
1363.000000
 42
-0.093332
  0
VERTEX
  8
0
 10
584.654762
 20
1363.076123
 42
-0.096420
  0
VERTEX
  8
0
 10
584.311086
 20
1363.293750
 42
-0.099167
  0
VERTEX
  8
0
 10
584.081062
 20
1363.618444
 42
-0.105053
  0
VERTEX
  8
0
 10
584.000000
 20
1364.000000
 42
-0.042167
  0
VERTEX
  8
0
 10
584.032345
 20
1364.382849
 42
-0.061769
  0
VERTEX
  8
0
 10
584.129539
 20
1364.706250
 42
-0.081139
  0
VERTEX
  8
0
 10
584.272352
 20
1364.925540
 42
-0.210953
  0
VERTEX
  8
0
 10
584.440983
 20
1365.000000
 42
-0.151918
  0
VERTEX
  8
0
 10
584.651710
 20
1364.934461
 42
-0.038439
  0
VERTEX
  8
0
 10
584.933975
 20
1364.706250
 42
-0.035638
  0
VERTEX
  8
0
 10
585.231006
 20
1364.382774
 42
-0.029505
  0
SEQEND
  0
POLYLINE
  8
0
 66
1
 70
1
  0
VERTEX
  8
0
 10
709.414296
 20
1358.080963
 42
-0.259602
  0
VERTEX
  8
0
 10
709.097802
 20
1357.990841
 42
-0.083202
  0
VERTEX
  8
0
 10
708.630658
 20
1358.186479
 42
-0.058617
  0
VERTEX
  8
0
 10
708.089797
 20
1358.623608
 42
-0.035665
  0
VERTEX
  8
0
 10
707.557996
 20
1359.251572
 42
0.040529
  0
VERTEX
  8
0
 10
706.980211
 20
1359.920549
 42
0.040721
  0
VERTEX
  8
0
 10
706.302929
 20
1360.486399
 42
0.043923
  0
VERTEX
  8
0
 10
705.630975
 20
1360.877238
 42
0.110199
  0
VERTEX
  8
0
 10
705.080740
 20
1361.000000
 42
-0.101641
  0
VERTEX
  8
0
 10
704.675259
 20
1361.083287
 42
-0.177960
  0
VERTEX
  8
0
 10
704.429307
 20
1361.315842
 42
-0.167144
  0
VERTEX
  8
0
 10
704.383726
 20
1361.664668
 42
-0.088299
  0
VERTEX
  8
0
 10
704.546479
 20
1362.075205
 42
-0.225612
  0
VERTEX
  8
0
 10
704.996167
 20
1362.365621
 42
-0.124525
  0
VERTEX
  8
0
 10
705.659814
 20
1362.286852
 42
-0.070035
  0
VERTEX
  8
0
 10
706.536983
 20
1361.801076
 42
-0.027155
  0
VERTEX
  8
0
 10
707.601553
 20
1360.904596
 42
-0.023517
  0
VERTEX
  8
0
 10
708.475972
 20
1360.002069
 42
-0.037976
  0
VERTEX
  8
0
 10
709.120153
 20
1359.148755
 42
-0.044712
  0
VERTEX
  8
0
 10
709.487092
 20
1358.446261
 42
-0.303154
  0
SEQEND
  0
POLYLINE
  8
0
 66
1
 70
1
  0
VERTEX
  8
0
 10
716.464893
 20
1354.413236
 42
-0.019353
  0
VERTEX
  8
0
 10
717.887523
 20
1352.047114
 42
-0.468979
  0
VERTEX
  8
0
 10
717.639865
 20
1351.416860
 42
-0.309523
  0
VERTEX
  8
0
 10
716.789101
 20
1351.662429
 42
-0.017670
  0
VERTEX
  8
0
 10
715.040997
 20
1353.942425
 42
-0.019555
  0
VERTEX
  8
0
 10
714.272435
 20
1355.116342
 42
-0.039961
  0
VERTEX
  8
0
 10
713.783328
 20
1356.101837
 42
-0.066992
  0
VERTEX
  8
0
 10
713.614116
 20
1356.772852
 42
-0.447783
  0
VERTEX
  8
0
 10
713.816896
 20
1357.000000
 42
-0.163560
  0
VERTEX
  8
0
 10
714.290662
 20
1356.840762
 42
-0.031311
  0
VERTEX
  8
0
 10
714.987892
 20
1356.240138
 42
-0.030388
  0
VERTEX
  8
0
 10
715.746104
 20
1355.403625
 42
-0.023889
  0
SEQEND
  0
POLYLINE
  8
0
 66
1
 70
1
  0
VERTEX
  8
0
 10
722.000000
 20
1353.000000
 42
-0.024325
  0
VERTEX
  8
0
 10
722.873301
 20
1352.245659
 42
-0.067022
  0
VERTEX
  8
0
 10
723.381101
 20
1351.612376
 42
-0.200227
  0
VERTEX
  8
0
 10
723.439292
 20
1351.218828
 42
-0.338446
  0
VERTEX
  8
0
 10
723.190983
 20
1351.022236
 42
0.094703
  0
VERTEX
  8
0
 10
722.744010
 20
1350.928914
 42
0.169221
  0
VERTEX
  8
0
 10
722.467420
 20
1350.681420
 42
0.170440
  0
VERTEX
  8
0
 10
722.405649
 20
1350.317109
 42
0.096270
  0
VERTEX
  8
0
 10
722.565983
 20
1349.893237
 42
0.060746
  0
VERTEX
  8
0
 10
722.924557
 20
1349.445183
 42
0.212914
  0
VERTEX
  8
0
 10
723.263173
 20
1349.319667
 42
0.191586
  0
VERTEX
  8
0
 10
723.608433
 20
1349.483550
 42
0.048904
  0
VERTEX
  8
0
 10
723.990981
 20
1349.985407
 42
-0.101927
  0
VERTEX
  8
0
 10
724.464990
 20
1350.487406
 42
-0.164924
  0
VERTEX
  8
0
 10
725.023293
 20
1350.650375
 42
-0.102804
  0
VERTEX
  8
0
 10
725.763177
 20
1350.463198
 42
-0.026400
  0
VERTEX
  8
0
 10
726.848123
 20
1349.862776
 42
-0.101800
  0
VERTEX
  8
0
 10
728.360667
 20
1348.421868
 42
-0.039664
  0
VERTEX
  8
0
 10
729.821315
 20
1345.914367
 42
-0.035895
  0
VERTEX
  8
0
 10
730.822467
 20
1343.381484
 42
-0.279466
  0
VERTEX
  8
0
 10
730.532723
 20
1342.199390
 42
-0.376169
  0
VERTEX
  8
0
 10
729.254670
 20
1342.115162
 42
-0.014699
  0
VERTEX
  8
0
 10
725.302716
 20
1345.331784
 42
-0.020061
  0
VERTEX
  8
0
 10
721.596301
 20
1348.803340
 42
-0.131187
  0
VERTEX
  8
0
 10
720.347005
 20
1351.000000
 42
0.030303
  0
VERTEX
  8
0
 10
720.015575
 20
1352.010912
 42
0.029696
  0
VERTEX
  8
0
 10
719.562489
 20
1352.981439
 42
0.031078
  0
VERTEX
  8
0
 10
719.062538
 20
1353.781920
 42
0.090205
  0
VERTEX
  8
0
 10
718.596028
 20
1354.234687
 42
-0.034273
  0
VERTEX
  8
0
 10
718.215474
 20
1354.529456
 42
-0.179914
  0
VERTEX
  8
0
 10
718.093692
 20
1354.759316
 42
-0.355835
  0
VERTEX
  8
0
 10
718.187050
 20
1354.910725
 42
-0.085572
  0
VERTEX
  8
0
 10
718.500000
 20
1354.962451
 42
-0.106393
  0
VERTEX
  8
0
 10
719.037860
 20
1354.842790
 42
-0.020033
  0
VERTEX
  8
0
 10
719.940625
 20
1354.383126
 42
-0.020605
  0
VERTEX
  8
0
 10
720.969531
 20
1353.749145
 42
-0.017595
  0
SEQEND
  0
POLYLINE
  8
0
 66
1
 70
1
  0
VERTEX
  8
0
 10
741.000000
 20
1342.071429
 42
0.116350
  0
VERTEX
  8
0
 10
741.110834
 20
1341.601578
 42
0.028449
  0
VERTEX
  8
0
 10
741.508817
 20
1340.906808
 42
0.027615
  0
VERTEX
  8
0
 10
742.069134
 20
1340.142017
 42
0.024476
  0
VERTEX
  8
0
 10
742.732143
 20
1339.410714
 42
-0.013620
  0
VERTEX
  8
0
 10
743.464071
 20
1338.637786
 42
-0.118533
  0
VERTEX
  8
0
 10
743.687198
 20
1338.224413
 42
-0.499357
  0
VERTEX
  8
0
 10
743.556876
 20
1338.058994
 42
-0.074891
  0
VERTEX
  8
0
 10
743.067725
 20
1338.144092
 42
-0.118415
  0
VERTEX
  8
0
 10
741.643053
 20
1339.032303
 42
-0.049137
  0
VERTEX
  8
0
 10
740.208348
 20
1340.808710
 42
-0.069837
  0
VERTEX
  8
0
 10
739.448309
 20
1342.415861
 42
-0.505795
  0
VERTEX
  8
0
 10
739.878028
 20
1343.000000
 42
-0.081348
  0
VERTEX
  8
0
 10
740.306560
 20
1342.929815
 42
-0.091928
  0
VERTEX
  8
0
 10
740.670421
 20
1342.727232
 42
-0.100698
  0
VERTEX
  8
0
 10
740.913706
 20
1342.425593
 42
-0.120072
  0
SEQEND
  0
POLYLINE
  8
0
 66
1
 70
1
  0
VERTEX
  8
0
 10
869.805552
 20
1157.706981
 42
-0.035433
  0
VERTEX
  8
0
 10
870.714252
 20
1156.590947
 42
-0.019745
  0
VERTEX
  8
0
 10
871.665210
 20
1155.117176
 42
-0.019614
  0
VERTEX
  8
0
 10
872.513783
 20
1153.542702
 42
-0.029927
  0
VERTEX
  8
0
 10
873.111287
 20
1152.110608
 42
0.017085
  0
VERTEX
  8
0
 10
873.705983
 20
1150.575501
 42
0.098747
  0
VERTEX
  8
0
 10
874.195221
 20
1149.861329
 42
0.296268
  0
VERTEX
  8
0
 10
874.653263
 20
1149.769783
 42
0.158081
  0
VERTEX
  8
0
 10
875.116108
 20
1150.153627
 42
-0.016718
  0
VERTEX
  8
0
 10
875.585862
 20
1150.842775
 42
-0.280010
  0
VERTEX
  8
0
 10
875.830691
 20
1150.944280
 42
-0.321231
  0
VERTEX
  8
0
 10
876.007784
 20
1150.770956
 42
-0.019880
  0
VERTEX
  8
0
 10
876.112310
 20
1150.000000
 42
0.000943
  0
VERTEX
  8
0
 10
876.183606
 20
1149.266458
 42
0.000388
  0
VERTEX
  8
0
 10
876.282881
 20
1148.272513
 42
0.000384
  0
VERTEX
  8
0
 10
876.391049
 20
1147.206188
 42
0.000493
  0
VERTEX
  8
0
 10
876.492259
 20
1146.225575
 42
-0.032737
  0
VERTEX
  8
0
 10
876.538026
 20
1145.033774
 42
-0.210083
  0
VERTEX
  8
0
 10
876.286267
 20
1144.500681
 42
-0.220125
  0
VERTEX
  8
0
 10
875.732502
 20
1144.340182
 42
-0.035972
  0
VERTEX
  8
0
 10
874.614636
 20
1144.593856
 42
-0.057819
  0
VERTEX
  8
0
 10
872.327799
 20
1145.589335
 42
-0.076830
  0
VERTEX
  8
0
 10
870.566005
 20
1147.012388
 42
-0.095956
  0
VERTEX
  8
0
 10
869.588293
 20
1148.619042
 42
-0.167202
  0
VERTEX
  8
0
 10
869.551254
 20
1150.161489
 42
0.033389
  0
VERTEX
  8
0
 10
869.757063
 20
1151.000395
 42
0.193776
  0
VERTEX
  8
0
 10
869.664376
 20
1151.437434
 42
0.280269
  0
VERTEX
  8
0
 10
869.329827
 20
1151.591875
 42
0.063179
  0
VERTEX
  8
0
 10
868.694433
 20
1151.436237
 42
-0.107621
  0
VERTEX
  8
0
 10
868.100636
 20
1151.345285
 42
-0.099577
  0
VERTEX
  8
0
 10
867.504450
 20
1151.504474
 42
-0.095711
  0
VERTEX
  8
0
 10
866.997797
 20
1151.889848
 42
-0.091071
  0
VERTEX
  8
0
 10
866.660427
 20
1152.442529
 42
-0.065505
  0
VERTEX
  8
0
 10
866.516738
 20
1153.041130
 42
-0.114532
  0
VERTEX
  8
0
 10
866.579145
 20
1153.544669
 42
-0.153714
  0
VERTEX
  8
0
 10
866.833547
 20
1153.874896
 42
-0.153524
  0
VERTEX
  8
0
 10
867.231385
 20
1154.000000
 42
0.063003
  0
VERTEX
  8
0
 10
867.728712
 20
1154.062916
 42
0.349598
  0
VERTEX
  8
0
 10
867.880033
 20
1154.263428
 42
0.170935
  0
VERTEX
  8
0
 10
867.750697
 20
1154.602156
 42
0.020516
  0
VERTEX
  8
0
 10
867.200000
 20
1155.200000
 42
-0.107332
  0
VERTEX
  8
0
 10
866.401632
 20
1156.441317
 42
-0.070085
  0
VERTEX
  8
0
 10
866.032366
 20
1158.110129
 42
-0.088505
  0
VERTEX
  8
0
 10
866.170445
 20
1159.504194
 42
-0.335701
  0
VERTEX
  8
0
 10
866.825686
 20
1160.000000
 42
-0.143660
  0
VERTEX
  8
0
 10
867.269693
 20
1159.869740
 42
-0.021286
  0
VERTEX
  8
0
 10
868.041617
 20
1159.326426
 42
-0.022521
  0
VERTEX
  8
0
 10
868.920258
 20
1158.585000
 42
-0.017669
  0
SEQEND
  0
POLYLINE
  8
0
 66
1
 70
1
  0
VERTEX
  8
0
 10
427.644213
 20
1152.499294
 42
-0.032732
  0
VERTEX
  8
0
 10
427.636742
 20
1151.541781
 42
-0.051729
  0
VERTEX
  8
0
 10
427.492608
 20
1150.734168
 42
-0.068773
  0
VERTEX
  8
0
 10
427.246289
 20
1150.178574
 42
-0.259650
  0
VERTEX
  8
0
 10
426.925598
 20
1150.000000
 42
0.211534
  0
VERTEX
  8
0
 10
426.645805
 20
1149.876084
 42
0.138994
  0
VERTEX
  8
0
 10
426.486745
 20
1149.555634
 42
0.089216
  0
VERTEX
  8
0
 10
426.483540
 20
1149.066841
 42
0.048789
  0
VERTEX
  8
0
 10
426.643260
 20
1148.487265
 42
-0.083812
  0
VERTEX
  8
0
 10
426.780687
 20
1147.806436
 42
-0.056265
  0
VERTEX
  8
0
 10
426.716738
 20
1147.013445
 42
-0.055079
  0
VERTEX
  8
0
 10
426.473286
 20
1146.234511
 42
-0.070052
  0
VERTEX
  8
0
 10
426.078239
 20
1145.594272
 42
0.123342
  0
VERTEX
  8
0
 10
425.149028
 20
1143.657221
 42
0.038451
  0
VERTEX
  8
0
 10
424.744045
 20
1140.433505
 42
0.034866
  0
VERTEX
  8
0
 10
424.810886
 20
1137.339036
 42
0.296057
  0
VERTEX
  8
0
 10
425.630661
 20
1136.297839
 42
0.223614
  0
VERTEX
  8
0
 10
426.113003
 20
1136.352009
 42
0.087803
  0
VERTEX
  8
0
 10
426.625417
 20
1136.807802
 42
0.064169
  0
VERTEX
  8
0
 10
427.090843
 20
1137.583384
 42
0.041630
  0
VERTEX
  8
0
 10
427.429329
 20
1138.574445
 42
-0.044069
  0
VERTEX
  8
0
 10
428.136345
 20
1140.612044
 42
-0.722802
  0
VERTEX
  8
0
 10
428.610879
 20
1140.562992
 42
-0.082498
  0
VERTEX
  8
0
 10
428.712915
 20
1138.581082
 42
-0.016654
  0
VERTEX
  8
0
 10
428.196333
 20
1135.079912
 42
0.016497
  0
VERTEX
  8
0
 10
427.896053
 20
1133.049140
 42
0.025634
  0
VERTEX
  8
0
 10
427.785395
 20
1131.282442
 42
0.024085
  0
VERTEX
  8
0
 10
427.836390
 20
1129.899734
 42
0.237362
  0
VERTEX
  8
0
 10
428.132372
 20
1129.418190
 42
-0.219387
  0
VERTEX
  8
0
 10
428.475846
 20
1128.899940
 42
-0.011256
  0
VERTEX
  8
0
 10
428.745134
 20
1126.853693
 42
-0.016200
  0
VERTEX
  8
0
 10
428.937069
 20
1124.331100
 42
-0.010886
  0
VERTEX
  8
0
 10
429.000000
 20
1121.440983
 42
0.010384
  0
VERTEX
  8
0
 10
429.066824
 20
1118.223706
 42
0.026889
  0
VERTEX
  8
0
 10
429.287545
 20
1115.914668
 42
0.032921
  0
VERTEX
  8
0
 10
429.624467
 20
1114.370958
 42
0.334192
  0
VERTEX
  8
0
 10
430.117488
 20
1114.000000
 42
0.346632
  0
VERTEX
  8
0
 10
430.601395
 20
1114.381289
 42
0.045250
  0
VERTEX
  8
0
 10
430.805230
 20
1115.770641
 42
0.028861
  0
VERTEX
  8
0
 10
430.799660
 20
1118.024152
 42
0.008315
  0
VERTEX
  8
0
 10
430.532168
 20
1121.500000
 42
-0.008570
  0
VERTEX
  8
0
 10
430.271585
 20
1124.908798
 42
-0.027535
  0
VERTEX
  8
0
 10
430.262257
 20
1127.184288
 42
-0.039792
  0
VERTEX
  8
0
 10
430.451347
 20
1128.625031
 42
-0.353949
  0
VERTEX
  8
0
 10
430.914680
 20
1129.000000
 42
-0.334607
  0
VERTEX
  8
0
 10
431.380424
 20
1128.649021
 42
-0.031036
  0
VERTEX
  8
0
 10
431.710909
 20
1127.151166
 42
-0.027061
  0
VERTEX
  8
0
 10
431.931676
 20
1124.972760
 42
-0.011723
  0
VERTEX
  8
0
 10
432.000000
 20
1122.059017
 42
0.013438
  0
VERTEX
  8
0
 10
432.072687
 20
1119.354892
 42
0.019448
  0
VERTEX
  8
0
 10
432.293750
 20
1116.975400
 42
0.015512
  0
VERTEX
  8
0
 10
432.606453
 20
1115.068638
 42
0.208873
  0
VERTEX
  8
0
 10
433.000000
 20
1114.500000
 42
-0.222404
  0
VERTEX
  8
0
 10
433.749609
 20
1113.354697
 42
-0.031307
  0
VERTEX
  8
0
 10
433.979100
 20
1110.465289
 42
-0.030668
  0
VERTEX
  8
0
 10
433.853538
 20
1107.655155
 42
-0.383506
  0
VERTEX
  8
0
 10
433.125000
 20
1107.000000
 42
-0.241145
  0
VERTEX
  8
0
 10
432.737414
 20
1107.198470
 42
-0.037722
  0
VERTEX
  8
0
 10
432.274940
 20
1107.954688
 42
-0.034900
  0
VERTEX
  8
0
 10
431.826273
 20
1109.005040
 42
-0.023866
  0
VERTEX
  8
0
 10
431.459903
 20
1110.250000
 42
0.000000
  0
VERTEX
  8
0
 10
430.669807
 20
1113.500000
 42
0.000000
  0
VERTEX
  8
0
 10
430.268481
 20
1110.750000
 42
-0.020242
  0
VERTEX
  8
0
 10
430.070849
 20
1109.696215
 42
-0.031230
  0
VERTEX
  8
0
 10
429.807374
 20
1108.807812
 42
-0.032055
  0
VERTEX
  8
0
 10
429.520767
 20
1108.157015
 42
-0.279956
  0
VERTEX
  8
0
 10
429.262318
 20
1108.000000
 42
-0.182964
  0
VERTEX
  8
0
 10
427.979474
 20
1108.485686
 42
-0.051729
  0
VERTEX
  8
0
 10
426.508218
 20
1110.085435
 42
-0.051337
  0
VERTEX
  8
0
 10
425.316682
 20
1112.083939
 42
-0.095947
  0
VERTEX
  8
0
 10
424.863818
 20
1113.904988
 42
0.001843
  0
VERTEX
  8
0
 10
424.773863
 20
1115.506328
 42
0.226857
  0
VERTEX
  8
0
 10
424.677962
 20
1115.679412
 42
0.541755
  0
VERTEX
  8
0
 10
424.568036
 20
1115.636229
 42
0.002932
  0
VERTEX
  8
0
 10
424.301513
 20
1114.305294
 42
-0.051996
  0
VERTEX
  8
0
 10
424.033650
 20
1113.425901
 42
-0.106471
  0
VERTEX
  8
0
 10
423.621721
 20
1112.838664
 42
-0.144973
  0
VERTEX
  8
0
 10
423.097492
 20
1112.579589
 42
-0.135181
  0
VERTEX
  8
0
 10
422.500837
 20
1112.638052
 42
-0.110538
  0
VERTEX
  8
0
 10
422.013393
 20
1112.962021
 42
-0.104089
  0
VERTEX
  8
0
 10
421.697678
 20
1113.469425
 42
-0.096822
  0
VERTEX
  8
0
 10
421.599478
 20
1114.093304
 42
-0.082559
  0
VERTEX
  8
0
 10
421.733081
 20
1114.746804
 42
0.032223
  0
VERTEX
  8
0
 10
421.929363
 20
1115.376899
 42
0.176067
  0
VERTEX
  8
0
 10
421.890467
 20
1115.725869
 42
0.344593
  0
VERTEX
  8
0
 10
421.671738
 20
1115.830863
 42
0.084553
  0
VERTEX
  8
0
 10
421.275924
 20
1115.670530
 42
-0.416227
  0
VERTEX
  8
0
 10
420.203764
 20
1115.927523
 42
-0.036620
  0
VERTEX
  8
0
 10
418.796777
 20
1118.673525
 42
-0.027803
  0
VERTEX
  8
0
 10
417.220678
 20
1123.063326
 42
-0.010868
  0
VERTEX
  8
0
 10
415.518614
 20
1129.276718
 42
-0.016093
  0
VERTEX
  8
0
 10
414.770942
 20
1132.726036
 42
-0.026148
  0
VERTEX
  8
0
 10
414.385386
 20
1135.698448
 42
-0.028926
  0
VERTEX
  8
0
 10
414.333183
 20
1138.464186
 42
-0.027168
  0
VERTEX
  8
0
 10
414.596312
 20
1141.276718
 42
0.006567
  0
VERTEX
  8
0
 10
414.876033
 20
1143.344303
 42
0.008666
  0
VERTEX
  8
0
 10
415.073461
 20
1145.235697
 42
0.006568
  0
VERTEX
  8
0
 10
415.189911
 20
1146.816375
 42
0.079851
  0
VERTEX
  8
0
 10
415.130051
 20
1147.419273
 42
-0.276420
  0
VERTEX
  8
0
 10
415.192360
 20
1147.635111
 42
-0.262458
  0
VERTEX
  8
0
 10
415.415703
 20
1147.689067
 42
-0.078936
  0
VERTEX
  8
0
 10
415.859846
 20
1147.483306
 42
-0.025341
  0
VERTEX
  8
0
 10
416.443576
 20
1147.046828
 42
0.021877
  0
VERTEX
  8
0
 10
417.310974
 20
1146.388827
 42
0.259296
  0
VERTEX
  8
0
 10
417.716364
 20
1146.349048
 42
0.273054
  0
VERTEX
  8
0
 10
417.950023
 20
1146.670813
 42
0.023746
  0
VERTEX
  8
0
 10
418.000000
 20
1147.722568
 42
-0.085703
  0
VERTEX
  8
0
 10
418.153831
 20
1148.613439
 42
-0.041369
  0
VERTEX
  8
0
 10
418.632347
 20
1149.671674
 42
-0.039419
  0
VERTEX
  8
0
 10
419.328957
 20
1150.720785
 42
-0.045384
  0
VERTEX
  8
0
 10
420.152672
 20
1151.595012
 42
0.000000
  0
VERTEX
  8
0
 10
422.305343
 20
1153.500000
 42
0.000000
  0
VERTEX
  8
0
 10
421.715172
 20
1150.437500
 42
-0.000007
  0
VERTEX
  8
0
 10
421.475956
 20
1149.196267
 42
-0.000008
  0
VERTEX
  8
0
 10
421.245217
 20
1147.999219
 42
-0.000007
  0
VERTEX
  8
0
 10
421.048493
 20
1146.978807
 42
-0.000043
  0
VERTEX
  8
0
 10
420.944079
 20
1146.437500
 42
0.034238
  0
VERTEX
  8
0
 10
420.881537
 20
1145.928209
 42
0.008642
  0
VERTEX
  8
0
 10
420.851090
 20
1145.093471
 42
0.008777
  0
VERTEX
  8
0
 10
420.849537
 20
1144.136091
 42
0.008759
  0
VERTEX
  8
0
 10
420.881579
 20
1143.178571
 42
0.013923
  0
VERTEX
  8
0
 10
420.989543
 20
1141.811536
 42
0.266274
  0
VERTEX
  8
0
 10
421.231068
 20
1141.478273
 42
0.294050
  0
VERTEX
  8
0
 10
421.620400
 20
1141.536630
 42
0.016161
  0
VERTEX
  8
0
 10
422.563758
 20
1142.420901
 42
0.049186
  0
VERTEX
  8
0
 10
423.115835
 20
1143.093771
 42
0.059573
  0
VERTEX
  8
0
 10
423.485222
 20
1143.821308
 42
0.070398
  0
VERTEX
  8
0
 10
423.628282
 20
1144.491725
 42
0.157085
  0
VERTEX
  8
0
 10
423.504741
 20
1144.992329
 42
-0.092724
  0
VERTEX
  8
0
 10
423.356188
 20
1145.376864
 42
-0.171186
  0
VERTEX
  8
0
 10
423.407420
 20
1145.703997
 42
-0.174425
  0
VERTEX
  8
0
 10
423.651121
 20
1145.922522
 42
-0.096703
  0
VERTEX
  8
0
 10
424.047972
 20
1146.000000
 42
0.155042
  0
VERTEX
  8
0
 10
424.453693
 20
1146.128906
 42
0.161132
  0
VERTEX
  8
0
 10
424.703045
 20
1146.466617
 42
0.113524
  0
VERTEX
  8
0
 10
424.750735
 20
1146.992657
 42
0.057749
  0
VERTEX
  8
0
 10
424.584878
 20
1147.639406
 42
-0.141688
  0
VERTEX
  8
0
 10
424.451187
 20
1149.210204
 42
-0.029948
  0
VERTEX
  8
0
 10
425.156204
 20
1151.898540
 42
-0.025735
  0
VERTEX
  8
0
 10
426.136997
 20
1154.443765
 42
-0.296487
  0
VERTEX
  8
0
 10
426.994111
 20
1154.999294
 42
-0.307247
  0
VERTEX
  8
0
 10
427.199426
 20
1154.859559
 42
-0.030666
  0
VERTEX
  8
0
 10
427.393758
 20
1154.264627
 42
-0.030225
  0
VERTEX
  8
0
 10
427.552362
 20
1153.457250
 42
-0.018978
  0
SEQEND
  0
POLYLINE
  8
0
 66
1
 70
1
  0
VERTEX
  8
0
 10
872.743167
 20
1142.695161
 42
-0.021793
  0
VERTEX
  8
0
 10
874.730834
 20
1141.219566
 42
-0.078579
  0
VERTEX
  8
0
 10
875.781890
 20
1140.049288
 42
-0.293714
  0
VERTEX
  8
0
 10
875.784379
 20
1139.354658
 42
-0.256146
  0
VERTEX
  8
0
 10
875.137505
 20
1139.000000
 42
-0.156187
  0
VERTEX
  8
0
 10
874.242653
 20
1139.286518
 42
-0.004053
  0
VERTEX
  8
0
 10
870.798586
 20
1141.786310
 42
-0.008138
  0
VERTEX
  8
0
 10
867.566904
 20
1144.254447
 42
-0.046163
  0
VERTEX
  8
0
 10
866.000000
 20
1145.746004
 42
-0.742786
  0
VERTEX
  8
0
 10
866.184799
 20
1146.040783
 42
-0.039512
  0
VERTEX
  8
0
 10
867.813325
 20
1145.453893
 42
-0.021359
  0
VERTEX
  8
0
 10
870.333585
 20
1144.181326
 42
-0.021185
  0
SEQEND
  0
POLYLINE
  8
0
 66
1
 70
1
  0
VERTEX
  8
0
 10
865.463061
 20
1141.416032
 42
-0.023911
  0
VERTEX
  8
0
 10
866.009315
 20
1140.488468
 42
-0.049402
  0
VERTEX
  8
0
 10
866.325511
 20
1139.709710
 42
-0.089778
  0
VERTEX
  8
0
 10
866.381645
 20
1139.191446
 42
-0.393515
  0
VERTEX
  8
0
 10
866.176063
 20
1139.000000
 42
-0.160211
  0
VERTEX
  8
0
 10
864.952880
 20
1139.402259
 42
-0.029007
  0
VERTEX
  8
0
 10
863.088817
 20
1140.951548
 42
-0.028314
  0
VERTEX
  8
0
 10
861.419065
 20
1142.698714
 42
-0.178390
  0
VERTEX
  8
0
 10
861.000000
 20
1143.835911
 42
-0.361047
  0
VERTEX
  8
0
 10
861.503256
 20
1144.442002
 42
-0.172096
  0
VERTEX
  8
0
 10
862.575223
 20
1144.273423
 42
-0.075353
  0
VERTEX
  8
0
 10
864.084858
 20
1143.132311
 42
-0.048307
  0
SEQEND
  0
POLYLINE
  8
0
 66
1
 70
1
  0
VERTEX
  8
0
 10
872.750707
 20
1138.392150
 42
-0.006239
  0
VERTEX
  8
0
 10
873.735449
 20
1137.382521
 42
-0.241811
  0
VERTEX
  8
0
 10
873.821464
 20
1137.089941
 42
-0.402040
  0
VERTEX
  8
0
 10
873.626974
 20
1136.951771
 42
-0.011149
  0
VERTEX
  8
0
 10
872.512145
 20
1137.142150
 42
-0.055364
  0
VERTEX
  8
0
 10
871.775017
 20
1137.371827
 42
-0.051333
  0
VERTEX
  8
0
 10
871.085858
 20
1137.762069
 42
-0.054984
  0
VERTEX
  8
0
 10
870.543547
 20
1138.245125
 42
-0.103328
  0
VERTEX
  8
0
 10
870.249533
 20
1138.750000
 42
-0.112597
  0
VERTEX
  8
0
 10
870.163274
 20
1139.634953
 42
-0.418621
  0
VERTEX
  8
0
 10
870.563745
 20
1139.939900
 42
-0.134340
  0
VERTEX
  8
0
 10
871.455557
 20
1139.553150
 42
-0.027289
  0
SEQEND
  0
POLYLINE
  8
0
 66
1
 70
1
  0
VERTEX
  8
0
 10
871.234223
 20
1134.928309
 42
-0.017183
  0
VERTEX
  8
0
 10
872.638966
 20
1133.513000
 42
-0.061426
  0
VERTEX
  8
0
 10
873.383248
 20
1132.480512
 42
-0.145959
  0
VERTEX
  8
0
 10
873.534567
 20
1131.777549
 42
-0.283916
  0
VERTEX
  8
0
 10
873.208262
 20
1131.331064
 42
0.071288
  0
VERTEX
  8
0
 10
872.656552
 20
1131.008740
 42
0.203145
  0
VERTEX
  8
0
 10
872.448058
 20
1130.626083
 42
0.158612
  0
VERTEX
  8
0
 10
872.555121
 20
1130.139438
 42
0.040414
  0
VERTEX
  8
0
 10
873.025165
 20
1129.469678
 42
-0.177055
  0
VERTEX
  8
0
 10
873.421077
 20
1128.358399
 42
-0.086324
  0
VERTEX
  8
0
 10
873.147140
 20
1126.856856
 42
-0.051504
  0
VERTEX
  8
0
 10
872.160153
 20
1124.842473
 42
-0.016758
  0
VERTEX
  8
0
 10
870.308791
 20
1122.089464
 42
-0.361119
  0
VERTEX
  8
0
 10
870.078586
 20
1122.030151
 42
-0.027011
  0
VERTEX
  8
0
 10
869.466081
 20
1122.360743
 42
-0.027589
  0
VERTEX
  8
0
 10
868.704305
 20
1122.886505
 42
-0.016469
  0
VERTEX
  8
0
 10
867.856394
 20
1123.589464
 42
0.004284
  0
VERTEX
  8
0
 10
866.366195
 20
1124.887456
 42
0.296823
  0
VERTEX
  8
0
 10
866.051790
 20
1124.928856
 42
0.348770
  0
VERTEX
  8
0
 10
865.922981
 20
1124.664555
 42
0.005143
  0
VERTEX
  8
0
 10
866.340597
 20
1122.864422
 42
-0.093712
  0
VERTEX
  8
0
 10
866.448982
 20
1120.756298
 42
-0.142693
  0
VERTEX
  8
0
 10
865.708133
 20
1119.092792
 42
-0.240454
  0
VERTEX
  8
0
 10
864.495389
 20
1118.585201
 42
-0.209962
  0
VERTEX
  8
0
 10
863.270566
 20
1119.237669
 42
-0.081116
  0
VERTEX
  8
0
 10
862.268179
 20
1121.048612
 42
-0.039533
  0
VERTEX
  8
0
 10
861.575274
 20
1123.605537
 42
-0.039545
  0
VERTEX
  8
0
 10
861.294528
 20
1126.230159
 42
-0.083907
  0
VERTEX
  8
0
 10
861.578692
 20
1128.247936
 42
-0.013128
  0
VERTEX
  8
0
 10
861.994171
 20
1129.446884
 42
-0.243573
  0
VERTEX
  8
0
 10
862.283023
 20
1129.707008
 42
-0.319578
  0
VERTEX
  8
0
 10
862.604124
 20
1129.584908
 42
-0.019648
  0
VERTEX
  8
0
 10
863.168778
 20
1128.662894
 42
0.067176
  0
VERTEX
  8
0
 10
864.120178
 20
1127.396618
 42
0.231718
  0
VERTEX
  8
0
 10
865.062281
 20
1127.066654
 42
0.283621
  0
VERTEX
  8
0
 10
865.758145
 20
1127.619357
 42
0.086926
  0
VERTEX
  8
0
 10
866.000000
 20
1129.000000
 42
-0.072314
  0
VERTEX
  8
0
 10
866.111864
 20
1129.769411
 42
-0.088920
  0
VERTEX
  8
0
 10
866.437500
 20
1130.416667
 42
-0.102140
  0
VERTEX
  8
0
 10
866.924246
 20
1130.846791
 42
-0.130775
  0
VERTEX
  8
0
 10
867.500000
 20
1131.000000
 42
0.064853
  0
VERTEX
  8
0
 10
868.073457
 20
1131.074694
 42
0.082425
  0
VERTEX
  8
0
 10
868.559375
 20
1131.293750
 42
0.098894
  0
VERTEX
  8
0
 10
868.884432
 20
1131.618646
 42
0.148195
  0
VERTEX
  8
0
 10
869.000000
 20
1132.000000
 42
0.138107
  0
VERTEX
  8
0
 10
868.892621
 20
1132.381338
 42
0.100138
  0
VERTEX
  8
0
 10
868.590803
 20
1132.706250
 42
0.085896
  0
VERTEX
  8
0
 10
868.139376
 20
1132.925009
 42
0.070083
  0
VERTEX
  8
0
 10
867.606989
 20
1133.000000
 42
-0.181110
  0
VERTEX
  8
0
 10
866.541909
 20
1133.398877
 42
-0.097630
  0
VERTEX
  8
0
 10
865.671565
 20
1134.521504
 42
-0.095052
  0
VERTEX
  8
0
 10
865.276752
 20
1135.919179
 42
-0.161212
  0
VERTEX
  8
0
 10
865.555773
 20
1137.090242
 42
-0.166944
  0
VERTEX
  8
0
 10
866.409051
 20
1137.789314
 42
-0.181796
  0
VERTEX
  8
0
 10
867.477855
 20
1137.784915
 42
-0.081010
  0
VERTEX
  8
0
 10
868.964146
 20
1136.923135
 42
-0.016918
  0
SEQEND
  0
POLYLINE
  8
0
 66
1
 70
1
  0
VERTEX
  8
0
 10
433.662281
 20
1118.750000
 42
-0.174857
  0
VERTEX
  8
0
 10
433.474999
 20
1118.540618
 42
-0.447206
  0
VERTEX
  8
0
 10
433.306058
 20
1118.601562
 42
-0.078554
  0
VERTEX
  8
0
 10
433.189089
 20
1119.108560
 42
-0.017491
  0
VERTEX
  8
0
 10
433.157895
 20
1120.000000
 42
-0.017491
  0
VERTEX
  8
0
 10
433.189089
 20
1120.891440
 42
-0.078554
  0
VERTEX
  8
0
 10
433.306058
 20
1121.398438
 42
-0.447206
  0
VERTEX
  8
0
 10
433.474999
 20
1121.459382
 42
-0.174857
  0
VERTEX
  8
0
 10
433.662281
 20
1121.250000
 42
-0.057986
  0
VERTEX
  8
0
 10
433.818615
 20
1120.679992
 42
-0.037979
  0
VERTEX
  8
0
 10
433.870340
 20
1120.000000
 42
-0.037979
  0
VERTEX
  8
0
 10
433.818615
 20
1119.320008
 42
-0.057986
  0
SEQEND
  0
POLYLINE
  8
0
 66
1
 70
1
  0
VERTEX
  8
0
 10
854.794107
 20
1114.356220
 42
-0.033951
  0
VERTEX
  8
0
 10
854.576195
 20
1113.589027
 42
-0.550064
  0
VERTEX
  8
0
 10
854.360049
 20
1113.540605
 42
-0.138278
  0
VERTEX
  8
0
 10
854.129397
 20
1113.952391
 42
-0.008660
  0
VERTEX
  8
0
 10
853.824504
 20
1115.325823
 42
-0.016428
  0
VERTEX
  8
0
 10
853.622686
 20
1116.513799
 42
-0.086287
  0
VERTEX
  8
0
 10
853.646908
 20
1117.173042
 42
-0.373673
  0
VERTEX
  8
0
 10
853.869057
 20
1117.340770
 42
-0.181167
  0
VERTEX
  8
0
 10
854.217958
 20
1117.182042
 42
-0.095372
  0
VERTEX
  8
0
 10
854.560845
 20
1116.675678
 42
-0.051027
  0
VERTEX
  8
0
 10
854.787163
 20
1115.951996
 42
-0.048216
  0
VERTEX
  8
0
 10
854.872744
 20
1115.138160
 42
-0.054376
  0
SEQEND
  0
POLYLINE
  8
0
 66
1
 70
1
  0
VERTEX
  8
0
 10
852.929715
 20
1107.309017
 42
-0.029403
  0
VERTEX
  8
0
 10
852.883116
 20
1106.042126
 42
-0.035978
  0
VERTEX
  8
0
 10
852.685604
 20
1104.873838
 42
-0.038911
  0
VERTEX
  8
0
 10
852.381460
 20
1103.947323
 42
-0.156831
  0
VERTEX
  8
0
 10
852.000000
 20
1103.500000
 42
0.170443
  0
VERTEX
  8
0
 10
851.604554
 20
1103.010568
 42
0.028406
  0
VERTEX
  8
0
 10
851.259199
 20
1101.832412
 42
0.028343
  0
VERTEX
  8
0
 10
851.000612
 20
1100.340994
 42
0.021741
  0
VERTEX
  8
0
 10
850.882381
 20
1098.690983
 42
0.000000
  0
VERTEX
  8
0
 10
850.764762
 20
1094.500000
 42
0.000000
  0
VERTEX
  8
0
 10
849.883302
 20
1099.500000
 42
-0.034797
  0
VERTEX
  8
0
 10
849.490081
 20
1103.233615
 42
-0.025054
  0
VERTEX
  8
0
 10
849.551829
 20
1107.425069
 42
-0.024082
  0
VERTEX
  8
0
 10
849.983135
 20
1111.226249
 42
-0.094504
  0
VERTEX
  8
0
 10
850.787856
 20
1113.433624
 42
-0.510060
  0
VERTEX
  8
0
 10
851.423216
 20
1113.490599
 42
-0.095409
  0
VERTEX
  8
0
 10
852.121753
 20
1112.289213
 42
-0.046190
  0
VERTEX
  8
0
 10
852.697049
 20
1109.979459
 42
-0.032454
  0
SEQEND
  0
POLYLINE
  8
0
 66
1
 70
1
  0
VERTEX
  8
0
 10
437.000000
 20
1108.940983
 42
-0.027979
  0
VERTEX
  8
0
 10
436.933656
 20
1107.756294
 42
-0.069343
  0
VERTEX
  8
0
 10
436.718784
 20
1106.916013
 42
-0.145541
  0
VERTEX
  8
0
 10
436.391769
 20
1106.509855
 42
-0.297719
  0
VERTEX
  8
0
 10
436.000000
 20
1106.500000
 42
-0.130646
  0
VERTEX
  8
0
 10
435.615492
 20
1106.906663
 42
-0.045439
  0
VERTEX
  8
0
 10
435.293750
 20
1107.653525
 42
-0.041396
  0
VERTEX
  8
0
 10
435.073842
 20
1108.579340
 42
-0.037634
  0
VERTEX
  8
0
 10
435.000000
 20
1109.559017
 42
-0.039081
  0
VERTEX
  8
0
 10
435.073170
 20
1110.493720
 42
-0.058208
  0
VERTEX
  8
0
 10
435.293750
 20
1111.282961
 42
-0.076538
  0
VERTEX
  8
0
 10
435.617207
 20
1111.820624
 42
-0.222681
  0
VERTEX
  8
0
 10
436.000000
 20
1112.000000
 42
-0.257909
  0
VERTEX
  8
0
 10
436.384428
 20
1111.787575
 42
-0.061379
  0
VERTEX
  8
0
 10
436.706250
 20
1111.101414
 42
-0.048032
  0
VERTEX
  8
0
 10
436.927265
 20
1110.112882
 42
-0.031003
  0
SEQEND
  0
POLYLINE
  8
0
 66
1
 70
1
  0
VERTEX
  8
0
 10
871.999294
 20
1110.143011
 42
-0.279872
  0
VERTEX
  8
0
 10
871.842230
 20
1109.885029
 42
-0.043297
  0
VERTEX
  8
0
 10
871.264627
 20
1109.646522
 42
-0.037696
  0
VERTEX
  8
0
 10
870.457028
 20
1109.457681
 42
-0.024182
  0
VERTEX
  8
0
 10
869.499294
 20
1109.355787
 42
-0.054761
  0
VERTEX
  8
0
 10
867.897422
 20
1109.438799
 42
-0.210850
  0
VERTEX
  8
0
 10
867.081083
 20
1109.969914
 42
-0.377097
  0
VERTEX
  8
0
 10
867.179577
 20
1110.654790
 42
-0.093048
  0
VERTEX
  8
0
 10
868.250000
 20
1111.269359
 42
-0.090055
  0
VERTEX
  8
0
 10
869.398745
 20
1111.450030
 42
-0.067154
  0
VERTEX
  8
0
 10
870.668148
 20
1111.248127
 42
-0.076663
  0
VERTEX
  8
0
 10
871.667182
 20
1110.771849
 42
-0.248430
  0
SEQEND
  0
POLYLINE
  8
0
 66
1
 70
1
  0
VERTEX
  8
0
 10
852.604167
 20
1090.270833
 42
-0.198339
  0
VERTEX
  8
0
 10
851.941134
 20
1089.995338
 42
-0.274516
  0
VERTEX
  8
0
 10
851.399603
 20
1090.315272
 42
-0.160291
  0
VERTEX
  8
0
 10
851.239822
 20
1091.176395
 42
-0.105175
  0
VERTEX
  8
0
 10
851.582949
 20
1092.134215
 42
-0.024362
  0
VERTEX
  8
0
 10
852.012891
 20
1092.759582
 42
-0.233206
  0
VERTEX
  8
0
 10
852.294341
 20
1092.899578
 42
-0.286646
  0
VERTEX
  8
0
 10
852.536207
 20
1092.749629
 42
-0.033951
  0
VERTEX
  8
0
 10
852.787251
 20
1092.138246
 42
-0.052621
  0
VERTEX
  8
0
 10
852.903448
 20
1091.610215
 42
-0.052345
  0
VERTEX
  8
0
 10
852.907167
 20
1091.068604
 42
-0.057227
  0
VERTEX
  8
0
 10
852.805016
 20
1090.594136
 42
-0.115259
  0
SEQEND
  0
POLYLINE
  8
0
 66
1
 70
1
  0
VERTEX
  8
0
 10
862.342009
 20
1087.675343
 42
-0.402527
  0
VERTEX
  8
0
 10
862.589739
 20
1087.680306
 42
-0.130069
  0
VERTEX
  8
0
 10
862.806715
 20
1087.339379
 42
-0.054296
  0
VERTEX
  8
0
 10
862.954310
 20
1086.609793
 42
-0.022784
  0
VERTEX
  8
0
 10
863.000000
 20
1085.607650
 42
0.032674
  0
VERTEX
  8
0
 10
863.067777
 20
1084.571593
 42
0.078249
  0
VERTEX
  8
0
 10
863.285034
 20
1083.835039
 42
0.158938
  0
VERTEX
  8
0
 10
863.612680
 20
1083.489101
 42
0.268937
  0
VERTEX
  8
0
 10
864.000000
 20
1083.500000
 42
-0.082592
  0
VERTEX
  8
0
 10
864.382100
 20
1083.656512
 42
-0.161196
  0
VERTEX
  8
0
 10
864.706250
 20
1083.625400
 42
-0.182303
  0
VERTEX
  8
0
 10
864.921712
 20
1083.413961
 42
-0.108972
  0
VERTEX
  8
0
 10
865.000000
 20
1083.059017
 42
-0.116830
  0
VERTEX
  8
0
 10
864.904023
 20
1082.653868
 42
-0.099230
  0
VERTEX
  8
0
 10
864.632812
 20
1082.306588
 42
-0.091721
  0
VERTEX
  8
0
 10
864.227393
 20
1082.070659
 42
-0.083154
  0
VERTEX
  8
0
 10
863.750000
 20
1081.984687
 42
0.042752
  0
VERTEX
  8
0
 10
863.230015
 20
1081.933722
 42
0.407511
  0
VERTEX
  8
0
 10
863.113329
 20
1081.768083
 42
0.196387
  0
VERTEX
  8
0
 10
863.267961
 20
1081.514766
 42
0.017609
  0
VERTEX
  8
0
 10
863.895244
 20
1081.085905
 42
-0.347426
  0
VERTEX
  8
0
 10
864.994605
 20
1077.953775
 42
-0.069763
  0
VERTEX
  8
0
 10
862.123052
 20
1072.307740
 42
-0.064075
  0
VERTEX
  8
0
 10
857.620794
 20
1067.354883
 42
-0.258640
  0
VERTEX
  8
0
 10
853.758679
 20
1066.576592
 42
0.046017
  0
VERTEX
  8
0
 10
852.944046
 20
1066.754798
 42
0.054550
  0
VERTEX
  8
0
 10
852.156628
 20
1066.766139
 42
0.063381
  0
VERTEX
  8
0
 10
851.509960
 20
1066.620728
 42
0.153497
  0
VERTEX
  8
0
 10
851.125154
 20
1066.326741
 42
-0.123513
  0
VERTEX
  8
0
 10
850.582841
 20
1065.859447
 42
-0.006322
  0
VERTEX
  8
0
 10
848.480514
 20
1064.836631
 42
-0.009760
  0
VERTEX
  8
0
 10
845.918716
 20
1063.690635
 42
-0.006898
  0
VERTEX
  8
0
 10
843.000000
 20
1062.500000
 42
0.007982
  0
VERTEX
  8
0
 10
840.075456
 20
1061.299590
 42
0.011045
  0
VERTEX
  8
0
 10
837.495044
 20
1060.123822
 42
0.007805
  0
VERTEX
  8
0
 10
835.391937
 20
1059.068071
 42
0.121547
  0
VERTEX
  8
0
 10
834.791641
 20
1058.538631
 42
-0.100341
  0
VERTEX
  8
0
 10
834.407915
 20
1058.170502
 42
-0.160467
  0
VERTEX
  8
0
 10
833.971469
 20
1058.060721
 42
-0.126770
  0
VERTEX
  8
0
 10
833.478444
 20
1058.226292
 42
-0.052351
  0
VERTEX
  8
0
 10
832.927280
 20
1058.672720
 42
-0.166206
  0
VERTEX
  8
0
 10
832.350673
 20
1059.848332
 42
-0.067655
  0
VERTEX
  8
0
 10
832.366029
 20
1061.653404
 42
-0.021298
  0
VERTEX
  8
0
 10
832.997315
 20
1065.004473
 42
-0.001514
  0
VERTEX
  8
0
 10
835.179850
 20
1074.250000
 42
-0.027861
  0
VERTEX
  8
0
 10
835.612070
 20
1075.695458
 42
-0.037906
  0
VERTEX
  8
0
 10
836.169390
 20
1076.936644
 42
-0.041998
  0
VERTEX
  8
0
 10
836.762611
 20
1077.838621
 42
-0.202225
  0
VERTEX
  8
0
 10
837.288544
 20
1078.130064
 42
-0.002598
  0
VERTEX
  8
0
 10
837.919617
 20
1078.194503
 42
-0.000785
  0
VERTEX
  8
0
 10
838.878510
 20
1078.285863
 42
-0.000787
  0
VERTEX
  8
0
 10
839.954011
 20
1078.384924
 42
-0.000856
  0
VERTEX
  8
0
 10
841.000000
 20
1078.477801
 42
0.025906
  0
VERTEX
  8
0
 10
843.795186
 20
1078.867856
 42
0.028789
  0
VERTEX
  8
0
 10
846.436276
 20
1079.536644
 42
0.024447
  0
VERTEX
  8
0
 10
848.548934
 20
1080.318512
 42
0.300444
  0
VERTEX
  8
0
 10
849.000000
 20
1081.001419
 42
-0.253790
  0
VERTEX
  8
0
 10
849.474782
 20
1081.876554
 42
-0.097713
  0
VERTEX
  8
0
 10
850.800002
 20
1082.408658
 42
-0.078911
  0
VERTEX
  8
0
 10
852.515853
 20
1082.459315
 42
-0.091105
  0
VERTEX
  8
0
 10
854.072442
 20
1081.961230
 42
-0.060206
  0
VERTEX
  8
0
 10
854.816432
 20
1081.439398
 42
-0.051355
  0
VERTEX
  8
0
 10
855.460273
 20
1080.728937
 42
-0.053785
  0
VERTEX
  8
0
 10
855.914414
 20
1079.946973
 42
-0.091793
  0
VERTEX
  8
0
 10
856.090188
 20
1079.214816
 42
0.678528
  0
VERTEX
  8
0
 10
856.357976
 20
1079.124314
 42
0.096818
  0
VERTEX
  8
0
 10
856.774383
 20
1079.866422
 42
0.018788
  0
VERTEX
  8
0
 10
857.485620
 20
1082.333050
 42
0.004924
  0
VERTEX
  8
0
 10
858.437398
 20
1086.338251
 42
-0.022023
  0
VERTEX
  8
0
 10
858.817700
 20
1087.725878
 42
-0.131840
  0
VERTEX
  8
0
 10
859.220804
 20
1088.349679
 42
-0.266577
  0
VERTEX
  8
0
 10
859.721409
 20
1088.458416
 42
-0.096694
  0
VERTEX
  8
0
 10
860.383211
 20
1088.096926
 42
0.052420
  0
VERTEX
  8
0
 10
860.929585
 20
1087.732696
 42
0.067915
  0
VERTEX
  8
0
 10
861.495191
 20
1087.527762
 42
0.083508
  0
VERTEX
  8
0
 10
861.992717
 20
1087.505177
 42
0.167575
  0
SEQEND
  0
POLYLINE
  8
0
 66
1
 70
1
  0
VERTEX
  8
0
 10
855.642857
 20
1083.500000
 42
-0.013589
  0
VERTEX
  8
0
 10
856.663669
 20
1082.422138
 42
-0.423452
  0
VERTEX
  8
0
 10
856.640417
 20
1082.090866
 42
-0.263349
  0
VERTEX
  8
0
 10
856.219253
 20
1082.012223
 42
-0.009001
  0
VERTEX
  8
0
 10
854.581787
 20
1082.606989
 42
-0.045844
  0
VERTEX
  8
0
 10
853.976645
 20
1082.905323
 42
-0.052351
  0
VERTEX
  8
0
 10
853.464650
 20
1083.297997
 42
-0.059761
  0
VERTEX
  8
0
 10
853.113771
 20
1083.720929
 42
-0.144282
  0
VERTEX
  8
0
 10
853.000000
 20
1084.106989
 42
-0.155195
  0
VERTEX
  8
0
 10
853.204200
 20
1084.749024
 42
-0.304053
  0
VERTEX
  8
0
 10
853.683913
 20
1084.932106
 42
-0.114730
  0
VERTEX
  8
0
 10
854.493884
 20
1084.536623
 42
-0.025685
  0
SEQEND
  0
POLYLINE
  8
0
 66
1
 70
1
  0
VERTEX
  8
0
 10
442.000000
 20
1073.500000
 42
-0.024748
  0
VERTEX
  8
0
 10
441.971531
 20
1072.925176
 42
-0.039339
  0
VERTEX
  8
0
 10
441.884553
 20
1072.440625
 42
-0.046727
  0
VERTEX
  8
0
 10
441.758929
 20
1072.096084
 42
-0.289661
  0
VERTEX
  8
0
 10
441.606989
 20
1072.000000
 42
-0.222225
  0
VERTEX
  8
0
 10
441.420671
 20
1072.087111
 42
-0.030693
  0
VERTEX
  8
0
 10
441.160341
 20
1072.440625
 42
-0.030395
  0
VERTEX
  8
0
 10
440.887494
 20
1072.925442
 42
-0.021360
  0
VERTEX
  8
0
 10
440.638374
 20
1073.500000
 42
-0.055937
  0
VERTEX
  8
0
 10
440.488865
 20
1074.074366
 42
-0.100118
  0
VERTEX
  8
0
 10
440.516384
 20
1074.559375
 42
-0.147206
  0
VERTEX
  8
0
 10
440.710807
 20
1074.877514
 42
-0.184534
  0
VERTEX
  8
0
 10
441.031385
 20
1075.000000
 42
-0.152681
  0
VERTEX
  8
0
 10
441.400789
 20
1074.884506
 42
-0.098158
  0
VERTEX
  8
0
 10
441.715469
 20
1074.559375
 42
-0.080880
  0
VERTEX
  8
0
 10
441.927770
 20
1074.073532
 42
-0.062722
  0
SEQEND
  0
POLYLINE
  8
0
 66
1
 70
1
  0
VERTEX
  8
0
 10
438.984687
 20
1068.684259
 42
0.054655
  0
VERTEX
  8
0
 10
439.260105
 20
1066.292342
 42
0.051318
  0
VERTEX
  8
0
 10
440.048621
 20
1063.962863
 42
0.046200
  0
VERTEX
  8
0
 10
441.384785
 20
1061.636055
 42
0.031300
  0
VERTEX
  8
0
 10
443.299277
 20
1059.250000
 42
-0.015755
  0
VERTEX
  8
0
 10
444.234967
 20
1058.155327
 42
-0.101097
  0
VERTEX
  8
0
 10
444.566032
 20
1057.510361
 42
-0.330939
  0
VERTEX
  8
0
 10
444.431410
 20
1057.159594
 42
-0.144978
  0
VERTEX
  8
0
 10
443.924314
 20
1057.015313
 42
-0.085347
  0
VERTEX
  8
0
 10
442.514299
 20
1057.273395
 42
-0.083848
  0
VERTEX
  8
0
 10
441.261795
 20
1057.988230
 42
-0.053776
  0
VERTEX
  8
0
 10
439.916907
 20
1059.354729
 42
-0.015069
  0
VERTEX
  8
0
 10
438.125354
 20
1061.761758
 42
0.025716
  0
VERTEX
  8
0
 10
437.185377
 20
1062.970084
 42
0.039851
  0
VERTEX
  8
0
 10
436.245026
 20
1063.897709
 42
0.046959
  0
VERTEX
  8
0
 10
435.427095
 20
1064.463404
 42
0.272672
  0
VERTEX
  8
0
 10
434.923533
 20
1064.452741
 42
-0.287803
  0
VERTEX
  8
0
 10
434.574406
 20
1064.455144
 42
-0.143118
  0
VERTEX
  8
0
 10
434.271288
 20
1064.801342
 42
-0.074149
  0
VERTEX
  8
0
 10
434.065462
 20
1065.499174
 42
-0.034712
  0
VERTEX
  8
0
 10
434.000000
 20
1066.440983
 42
-0.042756
  0
VERTEX
  8
0
 10
434.104511
 20
1067.660935
 42
-0.123743
  0
VERTEX
  8
0
 10
434.445388
 20
1068.430123
 42
-0.151808
  0
VERTEX
  8
0
 10
435.059102
 20
1068.855498
 42
-0.076342
  0
VERTEX
  8
0
 10
436.000000
 20
1069.000000
 42
0.048028
  0
VERTEX
  8
0
 10
436.765418
 20
1069.073693
 42
0.068025
  0
VERTEX
  8
0
 10
437.412500
 20
1069.293750
 42
0.088204
  0
VERTEX
  8
0
 10
437.848523
 20
1069.618118
 42
0.191087
  0
VERTEX
  8
0
 10
438.000000
 20
1070.000000
 42
0.095827
  0
VERTEX
  8
0
 10
437.926170
 20
1070.381687
 42
0.097132
  0
VERTEX
  8
0
 10
437.715469
 20
1070.706250
 42
0.098664
  0
VERTEX
  8
0
 10
437.401000
 20
1070.923543
 42
0.102345
  0
VERTEX
  8
0
 10
437.031385
 20
1071.000000
 42
-0.196110
  0
VERTEX
  8
0
 10
436.713616
 20
1071.129620
 42
-0.144030
  0
VERTEX
  8
0
 10
436.525835
 20
1071.465255
 42
-0.095272
  0
VERTEX
  8
0
 10
436.508407
 20
1071.977209
 42
-0.052665
  0
VERTEX
  8
0
 10
436.670548
 20
1072.583846
 42
-0.251230
  0
VERTEX
  8
0
 10
437.377755
 20
1073.194319
 42
-0.324486
  0
VERTEX
  8
0
 10
438.141578
 20
1072.864436
 42
-0.092686
  0
VERTEX
  8
0
 10
438.774213
 20
1071.135252
 42
-0.040134
  0
SEQEND
  0
POLYLINE
  8
0
 66
1
 70
1
  0
VERTEX
  8
0
 10
445.008986
 20
1065.000000
 42
0.059671
  0
VERTEX
  8
0
 10
445.398230
 20
1064.445086
 42
0.064464
  0
VERTEX
  8
0
 10
445.898531
 20
1064.014062
 42
0.072694
  0
VERTEX
  8
0
 10
446.429026
 20
1063.766085
 42
0.129970
  0
VERTEX
  8
0
 10
446.906942
 20
1063.750000
 42
-0.095650
  0
VERTEX
  8
0
 10
447.323972
 20
1063.764238
 42
-0.120724
  0
VERTEX
  8
0
 10
447.678914
 20
1063.615476
 42
-0.125641
  0
VERTEX
  8
0
 10
447.915331
 20
1063.325301
 42
-0.108850
  0
VERTEX
  8
0
 10
448.000000
 20
1062.940983
 42
0.091554
  0
VERTEX
  8
0
 10
448.066991
 20
1062.578197
 42
0.170164
  0
VERTEX
  8
0
 10
448.257985
 20
1062.352496
 42
0.175368
  0
VERTEX
  8
0
 10
448.543320
 20
1062.299337
 42
0.097952
  0
VERTEX
  8
0
 10
448.878246
 20
1062.424752
 42
-0.325104
  0
VERTEX
  8
0
 10
449.260772
 20
1062.395979
 42
-0.084719
  0
VERTEX
  8
0
 10
449.681148
 20
1061.894894
 42
-0.053848
  0
VERTEX
  8
0
 10
450.076841
 20
1061.012160
 42
-0.029113
  0
VERTEX
  8
0
 10
450.378246
 20
1059.858769
 42
-0.008484
  0
VERTEX
  8
0
 10
451.027255
 20
1056.300818
 42
-0.136261
  0
VERTEX
  8
0
 10
450.897509
 20
1055.097341
 42
-0.374549
  0
VERTEX
  8
0
 10
450.220291
 20
1054.748383
 42
-0.050038
  0
VERTEX
  8
0
 10
448.578889
 20
1055.330752
 42
-0.018431
  0
VERTEX
  8
0
 10
447.661484
 20
1055.805793
 42
-0.028506
  0
VERTEX
  8
0
 10
446.911131
 20
1056.288491
 42
-0.027628
  0
VERTEX
  8
0
 10
446.376626
 20
1056.724169
 42
-0.283296
  0
VERTEX
  8
0
 10
446.301273
 20
1056.986667
 42
0.176918
  0
VERTEX
  8
0
 10
446.276004
 20
1057.311503
 42
0.012419
  0
VERTEX
  8
0
 10
445.870215
 20
1058.145829
 42
0.016368
  0
VERTEX
  8
0
 10
445.316221
 20
1059.135654
 42
0.011542
  0
VERTEX
  8
0
 10
444.632338
 20
1060.211901
 42
-0.046942
  0
VERTEX
  8
0
 10
443.906044
 20
1061.556243
 42
-0.022848
  0
VERTEX
  8
0
 10
443.225713
 20
1063.386810
 42
-0.022434
  0
VERTEX
  8
0
 10
442.686497
 20
1065.371521
 42
-0.030073
  0
VERTEX
  8
0
 10
442.388944
 20
1067.211901
 42
-0.002613
  0
VERTEX
  8
0
 10
442.139445
 20
1069.831959
 42
-0.115259
  0
VERTEX
  8
0
 10
442.215732
 20
1070.374119
 42
-0.650558
  0
VERTEX
  8
0
 10
442.423143
 20
1070.384076
 42
-0.010756
  0
VERTEX
  8
0
 10
443.081034
 20
1069.000000
 42
0.003726
  0
VERTEX
  8
0
 10
443.569965
 20
1067.932949
 42
0.003006
  0
VERTEX
  8
0
 10
444.110630
 20
1066.793750
 42
0.003038
  0
VERTEX
  8
0
 10
444.622517
 20
1065.748007
 42
0.007803
  0
SEQEND
  0
POLYLINE
  8
0
 66
1
 70
1
  0
VERTEX
  8
0
 10
578.729167
 20
873.395833
 42
-0.126455
  0
VERTEX
  8
0
 10
578.402231
 20
873.202593
 42
-0.060344
  0
VERTEX
  8
0
 10
577.916927
 20
873.123424
 42
-0.054150
  0
VERTEX
  8
0
 10
577.359369
 20
873.160852
 42
-0.051402
  0
VERTEX
  8
0
 10
576.812500
 20
873.316886
 42
-0.054073
  0
VERTEX
  8
0
 10
576.395823
 20
873.538436
 42
-0.470617
  0
VERTEX
  8
0
 10
576.378580
 20
873.720685
 42
-0.168741
  0
VERTEX
  8
0
 10
576.670344
 20
873.862007
 42
-0.018894
  0
VERTEX
  8
0
 10
577.416667
 20
873.921053
 42
-0.028489
  0
VERTEX
  8
0
 10
578.112848
 20
873.910055
 42
-0.077125
  0
VERTEX
  8
0
 10
578.592839
 20
873.799335
 42
-0.208169
  0
VERTEX
  8
0
 10
578.775380
 20
873.614691
 42
-0.296942
  0
SEQEND
  0
POLYLINE
  8
0
 66
1
 70
1
  0
VERTEX
  8
0
 10
578.500000
 20
870.000000
 42
-0.139169
  0
VERTEX
  8
0
 10
578.607943
 20
869.620352
 42
-0.191142
  0
VERTEX
  8
0
 10
578.478525
 20
869.293750
 42
-0.138808
  0
VERTEX
  8
0
 10
578.110654
 20
869.073267
 42
-0.066118
  0
VERTEX
  8
0
 10
577.559017
 20
869.000000
 42
-0.062283
  0
VERTEX
  8
0
 10
576.962904
 20
869.074545
 42
-0.080552
  0
VERTEX
  8
0
 10
576.457961
 20
869.293750
 42
-0.097988
  0
VERTEX
  8
0
 10
576.120018
 20
869.618621
 42
-0.153634
  0
VERTEX
  8
0
 10
576.000000
 20
870.000000
 42
-0.092995
  0
VERTEX
  8
0
 10
576.071618
 20
870.381732
 42
-0.096318
  0
VERTEX
  8
0
 10
576.276414
 20
870.706250
 42
-0.099231
  0
VERTEX
  8
0
 10
576.581949
 20
870.923444
 42
-0.105429
  0
VERTEX
  8
0
 10
576.940983
 20
871.000000
 42
-0.089642
  0
VERTEX
  8
0
 10
577.346558
 20
870.926698
 42
-0.053229
  0
VERTEX
  8
0
 10
577.787100
 20
870.706250
 42
-0.051032
  0
VERTEX
  8
0
 10
578.193797
 20
870.382515
 42
-0.060810
  0
SEQEND
  0
POLYLINE
  8
0
 66
1
 70
1
  0
VERTEX
  8
0
 10
638.640897
 20
713.307564
 42
-0.088673
  0
VERTEX
  8
0
 10
638.228069
 20
713.019942
 42
-0.025124
  0
VERTEX
  8
0
 10
637.498496
 20
712.727362
 42
-0.024472
  0
VERTEX
  8
0
 10
636.626510
 20
712.474519
 42
-0.023666
  0
VERTEX
  8
0
 10
635.724230
 20
712.304765
 42
-0.008080
  0
VERTEX
  8
0
 10
634.545250
 20
712.159634
 42
-0.217883
  0
VERTEX
  8
0
 10
634.253814
 20
712.257098
 42
-0.465300
  0
VERTEX
  8
0
 10
634.264499
 20
712.462349
 42
-0.016395
  0
VERTEX
  8
0
 10
635.000000
 20
712.981889
 42
-0.063597
  0
VERTEX
  8
0
 10
636.351932
 20
713.643607
 42
-0.059808
  0
VERTEX
  8
0
 10
637.855329
 20
713.961978
 42
-0.171926
  0
VERTEX
  8
0
 10
638.595820
 20
713.771865
 42
-0.472113
  0
SEQEND
  0
POLYLINE
  8
0
 66
1
 70
1
  0
VERTEX
  8
0
 10
647.000000
 20
711.559017
 42
-0.151918
  0
VERTEX
  8
0
 10
646.934461
 20
711.348290
 42
-0.038439
  0
VERTEX
  8
0
 10
646.706250
 20
711.066025
 42
-0.035638
  0
VERTEX
  8
0
 10
646.382774
 20
710.768994
 42
-0.029505
  0
VERTEX
  8
0
 10
646.000000
 20
710.500000
 42
-0.082592
  0
VERTEX
  8
0
 10
645.617900
 20
710.343488
 42
-0.161196
  0
VERTEX
  8
0
 10
645.293750
 20
710.374600
 42
-0.182303
  0
VERTEX
  8
0
 10
645.078288
 20
710.586039
 42
-0.108972
  0
VERTEX
  8
0
 10
645.000000
 20
710.940983
 42
-0.093332
  0
VERTEX
  8
0
 10
645.076123
 20
711.345238
 42
-0.096420
  0
VERTEX
  8
0
 10
645.293750
 20
711.688914
 42
-0.099167
  0
VERTEX
  8
0
 10
645.618444
 20
711.918938
 42
-0.105053
  0
VERTEX
  8
0
 10
646.000000
 20
712.000000
 42
-0.042167
  0
VERTEX
  8
0
 10
646.382849
 20
711.967655
 42
-0.061769
  0
VERTEX
  8
0
 10
646.706250
 20
711.870461
 42
-0.081139
  0
VERTEX
  8
0
 10
646.925540
 20
711.727648
 42
-0.210953
  0
SEQEND
  0
POLYLINE
  8
0
 66
1
 70
1
  0
VERTEX
  8
0
 10
654.505548
 20
709.993869
 42
-0.034729
  0
VERTEX
  8
0
 10
655.149654
 20
709.174376
 42
-0.051580
  0
VERTEX
  8
0
 10
655.581855
 20
708.371133
 42
-0.065724
  0
VERTEX
  8
0
 10
655.760395
 20
707.698111
 42
-0.232416
  0
VERTEX
  8
0
 10
655.620113
 20
707.286779
 42
-0.302488
  0
VERTEX
  8
0
 10
654.604614
 20
707.083123
 42
-0.031279
  0
VERTEX
  8
0
 10
652.296860
 20
708.203852
 42
-0.034615
  0
VERTEX
  8
0
 10
650.092783
 20
709.659995
 42
-0.150116
  0
VERTEX
  8
0
 10
649.192997
 20
710.921008
 42
-0.380579
  0
VERTEX
  8
0
 10
649.555623
 20
711.765587
 42
-0.153876
  0
VERTEX
  8
0
 10
650.904181
 20
711.945432
 42
-0.080227
  0
VERTEX
  8
0
 10
652.889024
 20
711.259159
 42
-0.085767
  0
SEQEND
  0
POLYLINE
  8
0
 66
1
 70
1
  0
VERTEX
  8
0
 10
669.821429
 20
707.321034
 42
-0.031369
  0
VERTEX
  8
0
 10
670.449785
 20
706.608682
 42
-0.341277
  0
VERTEX
  8
0
 10
670.450627
 20
706.249958
 42
-0.216130
  0
VERTEX
  8
0
 10
670.056697
 20
706.040011
 42
-0.015989
  0
VERTEX
  8
0
 10
668.805827
 20
706.000000
 42
-0.086032
  0
VERTEX
  8
0
 10
666.412584
 20
706.414860
 42
-0.030452
  0
VERTEX
  8
0
 10
663.203854
 20
707.787277
 42
-0.027085
  0
VERTEX
  8
0
 10
660.271719
 20
709.463023
 42
-0.170546
  0
VERTEX
  8
0
 10
659.232107
 20
710.803679
 42
-0.589711
  0
VERTEX
  8
0
 10
659.782266
 20
711.401519
 42
-0.019755
  0
VERTEX
  8
0
 10
663.644781
 20
710.298211
 42
-0.022218
  0
VERTEX
  8
0
 10
667.693139
 20
708.764371
 42
-0.094947
  0
SEQEND
  0
POLYLINE
  8
0
 66
1
 70
1
  0
VERTEX
  8
0
 10
635.127555
 20
709.250000
 42
-0.002253
  0
VERTEX
  8
0
 10
636.013098
 20
708.110310
 42
-0.484056
  0
VERTEX
  8
0
 10
635.983598
 20
707.992604
 42
-0.268706
  0
VERTEX
  8
0
 10
635.813734
 20
708.009889
 42
-0.001613
  0
VERTEX
  8
0
 10
634.500000
 20
708.967032
 42
0.000677
  0
VERTEX
  8
0
 10
633.703647
 20
709.549513
 42
0.000854
  0
VERTEX
  8
0
 10
632.965104
 20
710.086246
 42
0.000676
  0
VERTEX
  8
0
 10
632.344143
 20
710.534628
 42
0.006866
  0
VERTEX
  8
0
 10
632.083333
 20
710.717032
 42
-0.262974
  0
VERTEX
  8
0
 10
632.031105
 20
710.822470
 42
-0.280207
  0
VERTEX
  8
0
 10
632.095803
 20
710.916878
 42
-0.081051
  0
VERTEX
  8
0
 10
632.335842
 20
710.981211
 42
-0.025033
  0
VERTEX
  8
0
 10
632.710889
 20
711.000000
 42
-0.118513
  0
VERTEX
  8
0
 10
633.206305
 20
710.880901
 42
-0.038743
  0
VERTEX
  8
0
 10
633.851526
 20
710.485937
 42
-0.036088
  0
VERTEX
  8
0
 10
634.525320
 20
709.919689
 42
-0.033687
  0
SEQEND
  0
POLYLINE
  8
0
 66
1
 70
1
  0
VERTEX
  8
0
 10
671.000000
 20
684.893011
 42
-0.107224
  0
VERTEX
  8
0
 10
670.926085
 20
684.552301
 42
-0.099518
  0
VERTEX
  8
0
 10
670.716585
 20
684.262322
 42
-0.095823
  0
VERTEX
  8
0
 10
670.403511
 20
684.067908
 42
-0.091414
  0
VERTEX
  8
0
 10
670.035184
 20
684.000000
 42
0.225565
  0
VERTEX
  8
0
 10
669.090130
 20
683.550803
 42
0.042459
  0
VERTEX
  8
0
 10
667.982629
 20
681.926827
 42
0.042218
  0
VERTEX
  8
0
 10
667.179687
 20
680.172666
 42
0.290339
  0
VERTEX
  8
0
 10
667.377493
 20
679.289174
 42
0.240082
  0
VERTEX
  8
0
 10
667.786810
 20
679.156181
 42
0.018657
  0
VERTEX
  8
0
 10
668.951669
 20
679.385525
 42
0.022242
  0
VERTEX
  8
0
 10
670.383319
 20
679.791294
 42
0.014989
  0
VERTEX
  8
0
 10
671.978749
 20
680.374820
 42
-0.002431
  0
VERTEX
  8
0
 10
676.257314
 20
682.062680
 42
-0.440820
  0
VERTEX
  8
0
 10
676.644092
 20
681.871293
 42
-0.369476
  0
VERTEX
  8
0
 10
676.442707
 20
681.428599
 42
-0.002382
  0
VERTEX
  8
0
 10
672.233554
 20
679.491733
 42
0.012967
  0
VERTEX
  8
0
 10
670.227668
 20
678.516744
 42
0.020426
  0
VERTEX
  8
0
 10
668.565592
 20
677.566832
 42
0.015572
  0
VERTEX
  8
0
 10
667.303560
 20
676.719631
 42
0.299564
  0
VERTEX
  8
0
 10
667.142312
 20
676.299339
 42
-0.088496
  0
VERTEX
  8
0
 10
667.159034
 20
675.873444
 42
-0.023469
  0
VERTEX
  8
0
 10
667.033924
 20
675.202011
 42
-0.023050
  0
VERTEX
  8
0
 10
666.816872
 20
674.439274
 42
-0.021890
  0
VERTEX
  8
0
 10
666.527299
 20
673.686230
 42
0.078310
  0
VERTEX
  8
0
 10
666.300048
 20
672.812940
 42
0.042570
  0
VERTEX
  8
0
 10
666.285393
 20
671.701692
 42
0.040811
  0
VERTEX
  8
0
 10
666.466444
 20
670.531306
 42
0.048155
  0
VERTEX
  8
0
 10
666.830831
 20
669.471941
 42
-0.036503
  0
VERTEX
  8
0
 10
667.185700
 20
668.513344
 42
-0.051621
  0
VERTEX
  8
0
 10
667.347127
 20
667.618256
 42
-0.064038
  0
VERTEX
  8
0
 10
667.309792
 20
666.909413
 42
-0.212280
  0
VERTEX
  8
0
 10
667.052532
 20
666.532467
 42
-0.163086
  0
VERTEX
  8
0
 10
666.092013
 20
666.307315
 42
-0.054388
  0
VERTEX
  8
0
 10
664.658538
 20
666.600498
 42
-0.054662
  0
VERTEX
  8
0
 10
663.370379
 20
667.175177
 42
-0.235073
  0
VERTEX
  8
0
 10
662.923489
 20
667.856989
 42
0.017305
  0
VERTEX
  8
0
 10
662.725407
 20
669.141189
 42
0.009466
  0
VERTEX
  8
0
 10
662.398626
 20
670.700492
 42
0.009225
  0
VERTEX
  8
0
 10
661.993078
 20
672.329731
 42
0.011231
  0
VERTEX
  8
0
 10
661.551232
 20
673.838582
 42
-0.114193
  0
VERTEX
  8
0
 10
661.409915
 20
675.602828
 42
-0.049981
  0
VERTEX
  8
0
 10
661.987810
 20
677.891330
 42
-0.063842
  0
VERTEX
  8
0
 10
662.864991
 20
679.598099
 42
-0.468933
  0
VERTEX
  8
0
 10
663.662041
 20
679.671293
 42
-0.213335
  0
VERTEX
  8
0
 10
663.785638
 20
679.347873
 42
-0.042990
  0
VERTEX
  8
0
 10
663.696821
 20
678.723336
 42
-0.038448
  0
VERTEX
  8
0
 10
663.456783
 20
677.958342
 42
-0.027629
  0
VERTEX
  8
0
 10
663.078316
 20
677.146335
 42
0.041797
  0
VERTEX
  8
0
 10
662.720974
 20
676.319303
 42
0.062284
  0
VERTEX
  8
0
 10
662.564657
 20
675.547759
 42
0.081264
  0
VERTEX
  8
0
 10
662.618001
 20
674.933904
 42
0.194490
  0
VERTEX
  8
0
 10
662.883606
 20
674.571936
 42
0.413543
  0
VERTEX
  8
0
 10
663.687686
 20
674.760781
 42
0.078727
  0
VERTEX
  8
0
 10
664.334486
 20
676.296017
 42
0.056524
  0
VERTEX
  8
0
 10
664.621842
 20
678.516811
 42
0.065507
  0
VERTEX
  8
0
 10
664.377215
 20
680.633193
 42
-0.156691
  0
VERTEX
  8
0
 10
664.510377
 20
682.680568
 42
-0.087946
  0
VERTEX
  8
0
 10
665.828774
 20
684.824942
 42
-0.093861
  0
VERTEX
  8
0
 10
667.714383
 20
686.279144
 42
-0.212142
  0
VERTEX
  8
0
 10
669.477319
 20
686.370330
 42
-0.047595
  0
VERTEX
  8
0
 10
670.059807
 20
686.080629
 42
-0.053459
  0
VERTEX
  8
0
 10
670.552712
 20
685.695341
 42
-0.060807
  0
VERTEX
  8
0
 10
670.889935
 20
685.277520
 42
-0.140307
  0
SEQEND
  0
POLYLINE
  8
0
 66
1
 70
1
  0
VERTEX
  8
0
 10
676.621855
 20
685.685134
 42
-0.084586
  0
VERTEX
  8
0
 10
677.724601
 20
685.905960
 42
-0.623114
  0
VERTEX
  8
0
 10
677.911957
 20
685.550589
 42
-0.091734
  0
VERTEX
  8
0
 10
676.925485
 20
684.615743
 42
-0.024587
  0
VERTEX
  8
0
 10
675.049660
 20
683.525680
 42
-0.017900
  0
VERTEX
  8
0
 10
672.885272
 20
682.502883
 42
-0.060604
  0
VERTEX
  8
0
 10
671.388048
 20
682.064889
 42
-0.732836
  0
VERTEX
  8
0
 10
671.254112
 20
682.328898
 42
-0.061980
  0
VERTEX
  8
0
 10
672.208467
 20
683.056856
 42
0.073286
  0
VERTEX
  8
0
 10
672.870954
 20
683.586191
 42
0.091529
  0
VERTEX
  8
0
 10
673.293639
 20
684.248846
 42
0.095172
  0
VERTEX
  8
0
 10
673.441877
 20
684.997510
 42
0.086117
  0
VERTEX
  8
0
 10
673.311288
 20
685.776447
 42
-0.011803
  0
VERTEX
  8
0
 10
673.020498
 20
686.670943
 42
-0.300529
  0
VERTEX
  8
0
 10
673.091069
 20
686.904716
 42
-0.360222
  0
VERTEX
  8
0
 10
673.313318
 20
686.905212
 42
-0.014084
  0
VERTEX
  8
0
 10
673.974676
 20
686.328145
 42
0.069124
  0
VERTEX
  8
0
 10
674.562551
 20
685.919384
 42
0.057879
  0
VERTEX
  8
0
 10
675.275762
 20
685.655870
 42
0.059987
  0
VERTEX
  8
0
 10
676.000651
 20
685.569596
 42
0.091514
  0
SEQEND
  0
POLYLINE
  8
0
 66
1
 70
1
  0
VERTEX
  8
0
 10
683.916808
 20
682.609327
 42
-0.052571
  0
VERTEX
  8
0
 10
684.875601
 20
682.464174
 42
-0.056297
  0
VERTEX
  8
0
 10
685.759852
 20
682.123470
 42
-0.063190
  0
VERTEX
  8
0
 10
686.443002
 20
681.649595
 42
-0.129839
  0
VERTEX
  8
0
 10
686.797185
 20
681.108869
 42
-0.456718
  0
VERTEX
  8
0
 10
686.338535
 20
680.335320
 42
-0.098750
  0
VERTEX
  8
0
 10
684.565118
 20
680.367442
 42
-0.055834
  0
VERTEX
  8
0
 10
681.983366
 20
681.241740
 42
-0.051448
  0
VERTEX
  8
0
 10
679.581445
 20
682.684400
 42
-0.001388
  0
VERTEX
  8
0
 10
678.181633
 20
683.740752
 42
-0.207880
  0
VERTEX
  8
0
 10
678.085054
 20
683.912752
 42
-0.555161
  0
VERTEX
  8
0
 10
678.173509
 20
683.981249
 42
-0.002522
  0
VERTEX
  8
0
 10
679.500000
 20
683.482371
 42
0.027492
  0
VERTEX
  8
0
 10
680.439719
 20
683.181562
 42
0.014921
  0
VERTEX
  8
0
 10
681.622437
 20
682.910881
 42
0.014825
  0
VERTEX
  8
0
 10
682.845761
 20
682.706553
 42
0.022665
  0
SEQEND
  0
POLYLINE
  8
0
 66
1
 70
1
  0
VERTEX
  8
0
 10
474.689326
 20
678.250000
 42
-0.161593
  0
VERTEX
  8
0
 10
474.521012
 20
677.990860
 42
-0.542911
  0
VERTEX
  8
0
 10
474.366341
 20
678.042188
 42
-0.052887
  0
VERTEX
  8
0
 10
474.259713
 20
678.748017
 42
-0.011065
  0
VERTEX
  8
0
 10
474.232003
 20
680.000000
 42
-0.011065
  0
VERTEX
  8
0
 10
474.259713
 20
681.251983
 42
-0.052887
  0
VERTEX
  8
0
 10
474.366341
 20
681.957812
 42
-0.542911
  0
VERTEX
  8
0
 10
474.521012
 20
682.009140
 42
-0.161593
  0
VERTEX
  8
0
 10
474.689326
 20
681.750000
 42
-0.039571
  0
VERTEX
  8
0
 10
474.831531
 20
680.952734
 42
-0.024357
  0
VERTEX
  8
0
 10
474.877971
 20
680.000000
 42
-0.024357
  0
VERTEX
  8
0
 10
474.831531
 20
679.047266
 42
-0.039571
  0
SEQEND
  0
POLYLINE
  8
0
 66
1
 70
1
  0
VERTEX
  8
0
 10
681.409091
 20
679.500000
 42
0.036504
  0
VERTEX
  8
0
 10
682.516688
 20
678.543313
 42
0.034164
  0
VERTEX
  8
0
 10
683.775568
 20
677.734375
 42
0.036004
  0
VERTEX
  8
0
 10
684.994212
 20
677.174201
 42
0.089964
  0
VERTEX
  8
0
 10
685.954545
 20
677.000000
 42
-0.076386
  0
VERTEX
  8
0
 10
686.956712
 20
676.845998
 42
-0.166037
  0
VERTEX
  8
0
 10
687.576125
 20
676.390547
 42
-0.120653
  0
VERTEX
  8
0
 10
687.905903
 20
675.534098
 42
-0.031863
  0
VERTEX
  8
0
 10
688.000000
 20
674.059017
 42
-0.033325
  0
VERTEX
  8
0
 10
687.921668
 20
672.885059
 42
-0.038525
  0
VERTEX
  8
0
 10
687.687740
 20
671.788960
 42
-0.042099
  0
VERTEX
  8
0
 10
687.346456
 20
670.912756
 42
-0.141342
  0
VERTEX
  8
0
 10
686.936987
 20
670.461056
 42
-0.262492
  0
VERTEX
  8
0
 10
685.612532
 20
670.407819
 42
-0.076774
  0
VERTEX
  8
0
 10
683.899831
 20
671.647351
 42
-0.069216
  0
VERTEX
  8
0
 10
682.460688
 20
673.529247
 42
-0.121696
  0
VERTEX
  8
0
 10
681.936614
 20
675.404988
 42
0.002928
  0
VERTEX
  8
0
 10
681.884309
 20
676.853121
 42
0.423686
  0
VERTEX
  8
0
 10
681.769693
 20
676.955141
 42
0.283468
  0
VERTEX
  8
0
 10
681.616118
 20
676.843957
 42
0.002111
  0
VERTEX
  8
0
 10
681.000431
 20
675.335404
 42
-0.046239
  0
VERTEX
  8
0
 10
680.533694
 20
674.429365
 42
-0.031837
  0
VERTEX
  8
0
 10
679.851210
 20
673.496753
 42
-0.032177
  0
VERTEX
  8
0
 10
679.072101
 20
672.676592
 42
-0.055035
  0
VERTEX
  8
0
 10
678.313817
 20
672.115813
 42
0.010053
  0
VERTEX
  8
0
 10
677.367585
 20
671.539677
 42
0.193704
  0
VERTEX
  8
0
 10
677.171222
 20
671.265265
 42
0.448287
  0
VERTEX
  8
0
 10
677.296098
 20
671.084456
 42
0.025981
  0
VERTEX
  8
0
 10
678.050000
 20
671.030409
 42
0.065288
  0
VERTEX
  8
0
 10
678.731144
 20
671.106172
 42
0.040263
  0
VERTEX
  8
0
 10
679.497187
 20
671.361433
 42
0.039784
  0
VERTEX
  8
0
 10
680.226843
 20
671.742836
 42
0.056113
  0
VERTEX
  8
0
 10
680.800000
 20
672.200000
 42
-0.037179
  0
VERTEX
  8
0
 10
681.260613
 20
672.596771
 42
-0.107521
  0
VERTEX
  8
0
 10
681.642425
 20
672.768438
 42
-0.251140
  0
VERTEX
  8
0
 10
681.880896
 20
672.698884
 42
-0.206118
  0
VERTEX
  8
0
 10
681.982723
 20
672.450000
 42
-0.181554
  0
VERTEX
  8
0
 10
681.446510
 20
671.097216
 42
-0.031707
  0
VERTEX
  8
0
 10
679.444430
 20
669.152644
 42
-0.033015
  0
VERTEX
  8
0
 10
677.187199
 20
667.467011
 42
-0.144857
  0
VERTEX
  8
0
 10
675.609053
 20
667.000000
 42
0.060257
  0
VERTEX
  8
0
 10
674.993730
 20
666.925574
 42
0.078996
  0
VERTEX
  8
0
 10
674.472659
 20
666.706250
 42
0.097116
  0
VERTEX
  8
0
 10
674.123751
 20
666.381409
 42
0.158170
  0
VERTEX
  8
0
 10
674.000000
 20
666.000000
 42
-0.089443
  0
VERTEX
  8
0
 10
673.931152
 20
665.618207
 42
-0.095162
  0
VERTEX
  8
0
 10
673.733751
 20
665.293750
 42
-0.099841
  0
VERTEX
  8
0
 10
673.439407
 20
665.076675
 42
-0.109540
  0
VERTEX
  8
0
 10
673.093620
 20
665.000000
 42
-0.259779
  0
VERTEX
  8
0
 10
672.784560
 20
665.172195
 42
-0.092040
  0
VERTEX
  8
0
 10
672.594665
 20
665.660938
 42
-0.062491
  0
VERTEX
  8
0
 10
672.549392
 20
666.387820
 42
-0.036972
  0
VERTEX
  8
0
 10
672.667840
 20
667.250000
 42
0.004090
  0
VERTEX
  8
0
 10
672.977125
 20
668.758252
 42
0.386455
  0
VERTEX
  8
0
 10
672.871199
 20
668.933581
 42
0.300001
  0
VERTEX
  8
0
 10
672.648106
 20
668.866243
 42
0.003246
  0
VERTEX
  8
0
 10
671.584553
 20
667.573001
 42
-0.041299
  0
VERTEX
  8
0
 10
670.930204
 20
666.890450
 42
-0.064568
  0
VERTEX
  8
0
 10
670.257171
 20
666.434944
 42
-0.089375
  0
VERTEX
  8
0
 10
669.670272
 20
666.261243
 42
-0.227526
  0
VERTEX
  8
0
 10
669.261905
 20
666.404762
 42
-0.359554
  0
VERTEX
  8
0
 10
669.156898
 20
667.505880
 42
-0.133092
  0
VERTEX
  8
0
 10
670.425936
 20
668.598691
 42
-0.084836
  0
VERTEX
  8
0
 10
672.602931
 20
669.217691
 42
-0.118317
  0
VERTEX
  8
0
 10
674.603477
 20
668.960658
 42
0.027996
  0
VERTEX
  8
0
 10
675.563405
 20
668.655975
 42
0.061316
  0
VERTEX
  8
0
 10
676.326886
 20
668.557022
 42
0.108178
  0
VERTEX
  8
0
 10
676.816483
 20
668.660918
 42
0.294652
  0
VERTEX
  8
0
 10
677.000000
 20
668.945296
 42
0.229427
  0
VERTEX
  8
0
 10
676.812431
 20
669.332556
 42
0.045577
  0
VERTEX
  8
0
 10
676.149210
 20
669.764815
 42
0.039862
  0
VERTEX
  8
0
 10
675.212977
 20
670.168215
 42
0.027745
  0
VERTEX
  8
0
 10
674.103692
 20
670.477225
 42
-0.076886
  0
VERTEX
  8
0
 10
671.873488
 20
671.341402
 42
-0.046825
  0
VERTEX
  8
0
 10
669.563412
 20
672.979187
 42
-0.094930
  0
VERTEX
  8
0
 10
668.461506
 20
674.366617
 42
-0.563535
  0
VERTEX
  8
0
 10
668.845012
 20
675.000000
 42
0.110346
  0
VERTEX
  8
0
 10
669.265899
 20
675.094031
 42
0.123232
  0
VERTEX
  8
0
 10
669.587285
 20
675.356501
 42
0.117524
  0
VERTEX
  8
0
 10
669.757031
 20
675.750536
 42
0.094263
  0
VERTEX
  8
0
 10
669.750000
 20
676.213621
 42
-0.259659
  0
VERTEX
  8
0
 10
669.925530
 20
676.771280
 42
-0.045601
  0
VERTEX
  8
0
 10
670.821875
 20
677.476489
 42
-0.039358
  0
VERTEX
  8
0
 10
672.139963
 20
678.191101
 42
-0.025979
  0
VERTEX
  8
0
 10
673.750000
 20
678.808514
 42
0.018038
  0
VERTEX
  8
0
 10
675.378335
 20
679.403472
 42
0.026802
  0
VERTEX
  8
0
 10
676.751562
 20
680.049913
 42
0.025093
  0
VERTEX
  8
0
 10
677.772753
 20
680.667244
 42
0.249195
  0
VERTEX
  8
0
 10
678.000000
 20
681.094893
 42
-0.169093
  0
VERTEX
  8
0
 10
678.219728
 20
681.726040
 42
-0.347658
  0
VERTEX
  8
0
 10
678.698461
 20
681.838934
 42
-0.077575
  0
VERTEX
  8
0
 10
679.631978
 20
681.210607
 42
-0.009533
  0
SEQEND
  0
POLYLINE
  8
0
 66
1
 70
1
  0
VERTEX
  8
0
 10
591.441130
 20
670.468197
 42
-0.020752
  0
VERTEX
  8
0
 10
592.124896
 20
669.904940
 42
-0.058084
  0
VERTEX
  8
0
 10
592.535596
 20
669.440625
 42
-0.190929
  0
VERTEX
  8
0
 10
592.600445
 20
669.164711
 42
-0.381580
  0
VERTEX
  8
0
 10
592.441130
 20
669.031803
 42
-0.089840
  0
VERTEX
  8
0
 10
591.954015
 20
669.137147
 42
-0.021922
  0
VERTEX
  8
0
 10
591.206250
 20
669.485547
 42
-0.021763
  0
VERTEX
  8
0
 10
590.371088
 20
669.967477
 42
-0.020170
  0
VERTEX
  8
0
 10
589.558870
 20
670.531803
 42
-0.020752
  0
VERTEX
  8
0
 10
588.875104
 20
671.095060
 42
-0.058084
  0
VERTEX
  8
0
 10
588.464404
 20
671.559375
 42
-0.190929
  0
VERTEX
  8
0
 10
588.399555
 20
671.835289
 42
-0.381580
  0
VERTEX
  8
0
 10
588.558870
 20
671.968197
 42
-0.089840
  0
VERTEX
  8
0
 10
589.045985
 20
671.862853
 42
-0.021922
  0
VERTEX
  8
0
 10
589.793750
 20
671.514453
 42
-0.021763
  0
VERTEX
  8
0
 10
590.628912
 20
671.032523
 42
-0.020170
  0
SEQEND
  0
POLYLINE
  8
0
 66
1
 70
1
  0
VERTEX
  8
0
 10
479.115400
 20
658.119089
 42
-0.354146
  0
VERTEX
  8
0
 10
478.840895
 20
657.935969
 42
-0.204204
  0
VERTEX
  8
0
 10
478.470236
 20
658.136203
 42
-0.063122
  0
VERTEX
  8
0
 10
477.999642
 20
658.909733
 42
-0.022279
  0
VERTEX
  8
0
 10
477.522314
 20
660.119089
 42
-0.028130
  0
VERTEX
  8
0
 10
477.137267
 20
661.483109
 42
-0.034990
  0
VERTEX
  8
0
 10
476.941788
 20
662.785920
 42
-0.037588
  0
VERTEX
  8
0
 10
476.937644
 20
663.864577
 42
-0.161652
  0
VERTEX
  8
0
 10
477.179538
 20
664.450000
 42
0.070621
  0
VERTEX
  8
0
 10
477.505854
 20
664.957583
 42
0.028843
  0
VERTEX
  8
0
 10
477.805138
 20
665.723125
 42
0.027832
  0
VERTEX
  8
0
 10
478.036595
 20
666.595450
 42
0.031816
  0
VERTEX
  8
0
 10
478.157104
 20
667.450000
 42
-0.419475
  0
VERTEX
  8
0
 10
478.291291
 20
667.563012
 42
-0.314885
  0
VERTEX
  8
0
 10
478.448867
 20
667.429062
 42
-0.026260
  0
VERTEX
  8
0
 10
478.681705
 20
666.301558
 42
-0.007162
  0
VERTEX
  8
0
 10
478.929728
 20
664.500000
 42
-0.010777
  0
VERTEX
  8
0
 10
479.133862
 20
662.484459
 42
-0.012574
  0
VERTEX
  8
0
 10
479.238172
 20
660.563107
 42
-0.011591
  0
VERTEX
  8
0
 10
479.247753
 20
658.941727
 42
-0.071245
  0
SEQEND
  0
POLYLINE
  8
0
 66
1
 70
1
  0
VERTEX
  8
0
 10
600.574601
 20
665.879293
 42
-0.258836
  0
VERTEX
  8
0
 10
600.602517
 20
665.286004
 42
-0.334583
  0
VERTEX
  8
0
 10
600.131220
 20
665.049257
 42
-0.083104
  0
VERTEX
  8
0
 10
598.927460
 20
665.483304
 42
-0.032453
  0
VERTEX
  8
0
 10
597.441130
 20
666.450263
 42
-0.002577
  0
VERTEX
  8
0
 10
596.135017
 20
667.436620
 42
-0.329262
  0
VERTEX
  8
0
 10
596.081416
 20
667.621169
 42
-0.380020
  0
VERTEX
  8
0
 10
596.238395
 20
667.705095
 42
-0.002880
  0
VERTEX
  8
0
 10
597.765584
 20
667.329557
 42
-0.027919
  0
VERTEX
  8
0
 10
598.672703
 20
667.046264
 42
-0.029525
  0
VERTEX
  8
0
 10
599.525286
 20
666.668017
 42
-0.030882
  0
VERTEX
  8
0
 10
600.214736
 20
666.256296
 42
-0.104665
  0
SEQEND
  0
POLYLINE
  8
0
 66
1
 70
1
  0
VERTEX
  8
0
 10
684.140804
 20
667.000000
 42
-0.121649
  0
VERTEX
  8
0
 10
684.463243
 20
666.920373
 42
-0.187590
  0
VERTEX
  8
0
 10
684.649425
 20
666.706250
 42
-0.151312
  0
VERTEX
  8
0
 10
684.663842
 20
666.382488
 42
-0.074570
  0
VERTEX
  8
0
 10
684.500000
 20
666.000000
 42
-0.091204
  0
VERTEX
  8
0
 10
684.153536
 20
665.617096
 42
-0.053126
  0
VERTEX
  8
0
 10
683.622888
 20
665.293750
 42
-0.050746
  0
VERTEX
  8
0
 10
683.001580
 20
665.074178
 42
-0.059645
  0
VERTEX
  8
0
 10
682.381966
 20
665.000000
 42
-0.062207
  0
VERTEX
  8
0
 10
681.848561
 20
665.066621
 42
-0.132260
  0
VERTEX
  8
0
 10
681.488632
 20
665.268661
 42
-0.191612
  0
VERTEX
  8
0
 10
681.355939
 20
665.567672
 42
-0.149245
  0
VERTEX
  8
0
 10
681.447214
 20
665.914590
 42
0.079585
  0
VERTEX
  8
0
 10
681.606015
 20
666.295769
 42
0.094753
  0
VERTEX
  8
0
 10
681.624277
 20
666.684339
 42
0.105917
  0
VERTEX
  8
0
 10
681.500857
 20
667.019299
 42
0.125204
  0
VERTEX
  8
0
 10
681.256231
 20
667.250695
 42
-0.074951
  0
VERTEX
  8
0
 10
681.089373
 20
667.379692
 42
-0.608481
  0
VERTEX
  8
0
 10
681.113355
 20
667.449659
 42
-0.086133
  0
VERTEX
  8
0
 10
681.354431
 20
667.443747
 42
-0.012712
  0
VERTEX
  8
0
 10
681.831787
 20
667.336105
 42
0.014658
  0
VERTEX
  8
0
 10
682.413180
 20
667.207379
 42
0.011009
  0
VERTEX
  8
0
 10
683.059424
 20
667.098731
 42
0.011154
  0
VERTEX
  8
0
 10
683.672416
 20
667.023423
 42
0.024988
  0
SEQEND
  0
POLYLINE
  8
0
 66
1
 70
1
  0
VERTEX
  8
0
 10
606.000000
 20
663.422849
 42
0.000000
  0
VERTEX
  8
0
 10
608.500000
 20
661.916570
 42
0.000000
  0
VERTEX
  8
0
 10
606.000000
 20
662.570679
 42
-0.021171
  0
VERTEX
  8
0
 10
604.973209
 20
662.886328
 42
-0.019921
  0
VERTEX
  8
0
 10
603.955312
 20
663.293379
 42
-0.020345
  0
VERTEX
  8
0
 10
603.083055
 20
663.726555
 42
-0.062540
  0
VERTEX
  8
0
 10
602.550000
 20
664.112395
 42
-0.223265
  0
VERTEX
  8
0
 10
602.324938
 20
664.675852
 42
-0.455223
  0
VERTEX
  8
0
 10
602.657374
 20
664.932321
 42
-0.063031
  0
VERTEX
  8
0
 10
604.104691
 20
664.447609
 42
-0.023306
  0
SEQEND
  0
POLYLINE
  8
0
 66
1
 70
1
  0
VERTEX
  8
0
 10
616.500000
 20
659.000000
 42
-0.076764
  0
VERTEX
  8
0
 10
616.661825
 20
658.617617
 42
-0.154201
  0
VERTEX
  8
0
 10
616.642737
 20
658.293750
 42
-0.186277
  0
VERTEX
  8
0
 10
616.449529
 20
658.079239
 42
-0.117858
  0
VERTEX
  8
0
 10
616.118034
 20
658.000000
 42
-0.085235
  0
VERTEX
  8
0
 10
615.689814
 20
658.073533
 42
-0.053414
  0
VERTEX
  8
0
 10
615.230237
 20
658.293750
 42
-0.051777
  0
VERTEX
  8
0
 10
614.810561
 20
658.617474
 42
-0.064269
  0
VERTEX
  8
0
 10
614.500000
 20
659.000000
 42
-0.076764
  0
VERTEX
  8
0
 10
614.338175
 20
659.382383
 42
-0.154201
  0
VERTEX
  8
0
 10
614.357263
 20
659.706250
 42
-0.186277
  0
VERTEX
  8
0
 10
614.550471
 20
659.920761
 42
-0.117858
  0
VERTEX
  8
0
 10
614.881966
 20
660.000000
 42
-0.085235
  0
VERTEX
  8
0
 10
615.310186
 20
659.926467
 42
-0.053414
  0
VERTEX
  8
0
 10
615.769763
 20
659.706250
 42
-0.051777
  0
VERTEX
  8
0
 10
616.189439
 20
659.382526
 42
-0.064269
  0
SEQEND
  0
POLYLINE
  8
0
 66
1
 70
1
  0
VERTEX
  8
0
 10
619.500000
 20
658.000000
 42
-0.082592
  0
VERTEX
  8
0
 10
619.656512
 20
657.617900
 42
-0.161196
  0
VERTEX
  8
0
 10
619.625400
 20
657.293750
 42
-0.182303
  0
VERTEX
  8
0
 10
619.413961
 20
657.078288
 42
-0.108972
  0
VERTEX
  8
0
 10
619.059017
 20
657.000000
 42
-0.093332
  0
VERTEX
  8
0
 10
618.654762
 20
657.076123
 42
-0.096420
  0
VERTEX
  8
0
 10
618.311086
 20
657.293750
 42
-0.099167
  0
VERTEX
  8
0
 10
618.081062
 20
657.618444
 42
-0.105053
  0
VERTEX
  8
0
 10
618.000000
 20
658.000000
 42
-0.042167
  0
VERTEX
  8
0
 10
618.032345
 20
658.382849
 42
-0.061769
  0
VERTEX
  8
0
 10
618.129539
 20
658.706250
 42
-0.081139
  0
VERTEX
  8
0
 10
618.272352
 20
658.925540
 42
-0.210953
  0
VERTEX
  8
0
 10
618.440983
 20
659.000000
 42
-0.151918
  0
VERTEX
  8
0
 10
618.651710
 20
658.934461
 42
-0.038439
  0
VERTEX
  8
0
 10
618.933975
 20
658.706250
 42
-0.035638
  0
VERTEX
  8
0
 10
619.231006
 20
658.382774
 42
-0.029505
  0
SEQEND
  0
POLYLINE
  8
0
 66
1
 70
1
  0
VERTEX
  8
0
 10
623.526461
 20
655.193128
 42
-0.207420
  0
VERTEX
  8
0
 10
623.220211
 20
655.072099
 42
-0.082976
  0
VERTEX
  8
0
 10
622.768815
 20
655.162781
 42
-0.063152
  0
VERTEX
  8
0
 10
622.246577
 20
655.441312
 42
-0.043285
  0
VERTEX
  8
0
 10
621.733333
 20
655.875912
 42
-0.011214
  0
VERTEX
  8
0
 10
621.106486
 20
656.536448
 42
-0.400052
  0
VERTEX
  8
0
 10
621.111181
 20
656.729672
 42
-0.286372
  0
VERTEX
  8
0
 10
621.336218
 20
656.781790
 42
-0.008399
  0
VERTEX
  8
0
 10
622.293128
 20
656.435707
 42
-0.036269
  0
VERTEX
  8
0
 10
622.940734
 20
656.133723
 42
-0.070189
  0
VERTEX
  8
0
 10
623.395085
 20
655.789051
 42
-0.120343
  0
VERTEX
  8
0
 10
623.592490
 20
655.461316
 42
-0.278911
  0
SEQEND
  0
POLYLINE
  8
0
 66
1
 70
1
  0
VERTEX
  8
0
 10
626.500000
 20
655.000000
 42
-0.082592
  0
VERTEX
  8
0
 10
626.656512
 20
654.617900
 42
-0.161196
  0
VERTEX
  8
0
 10
626.625400
 20
654.293750
 42
-0.182303
  0
VERTEX
  8
0
 10
626.413961
 20
654.078288
 42
-0.108972
  0
VERTEX
  8
0
 10
626.059017
 20
654.000000
 42
-0.093332
  0
VERTEX
  8
0
 10
625.654762
 20
654.076123
 42
-0.096420
  0
VERTEX
  8
0
 10
625.311086
 20
654.293750
 42
-0.099167
  0
VERTEX
  8
0
 10
625.081062
 20
654.618444
 42
-0.105053
  0
VERTEX
  8
0
 10
625.000000
 20
655.000000
 42
-0.042167
  0
VERTEX
  8
0
 10
625.032345
 20
655.382849
 42
-0.061769
  0
VERTEX
  8
0
 10
625.129539
 20
655.706250
 42
-0.081139
  0
VERTEX
  8
0
 10
625.272352
 20
655.925540
 42
-0.210953
  0
VERTEX
  8
0
 10
625.440983
 20
656.000000
 42
-0.151918
  0
VERTEX
  8
0
 10
625.651710
 20
655.934461
 42
-0.038439
  0
VERTEX
  8
0
 10
625.933975
 20
655.706250
 42
-0.035638
  0
VERTEX
  8
0
 10
626.231006
 20
655.382774
 42
-0.029505
  0
SEQEND
  0
POLYLINE
  8
0
 66
1
 70
1
  0
VERTEX
  8
0
 10
642.567521
 20
645.890749
 42
-0.209588
  0
VERTEX
  8
0
 10
642.647432
 20
645.325248
 42
-0.414108
  0
VERTEX
  8
0
 10
642.288323
 20
645.123072
 42
-0.051842
  0
VERTEX
  8
0
 10
640.989968
 20
645.635705
 42
-0.006276
  0
VERTEX
  8
0
 10
638.280416
 20
647.088569
 42
-0.011681
  0
VERTEX
  8
0
 10
634.420091
 20
649.340555
 42
-0.114127
  0
VERTEX
  8
0
 10
633.084678
 20
650.658281
 42
-0.736875
  0
VERTEX
  8
0
 10
633.426415
 20
651.059667
 42
-0.017774
  0
VERTEX
  8
0
 10
636.758504
 20
649.490391
 42
-0.008444
  0
VERTEX
  8
0
 10
638.812733
 20
648.387878
 42
-0.011322
  0
VERTEX
  8
0
 10
640.634035
 20
647.315578
 42
-0.008611
  0
VERTEX
  8
0
 10
642.108608
 20
646.366308
 42
-0.107416
  0
SEQEND
  0
POLYLINE
  8
0
 66
1
 70
1
  0
VERTEX
  8
0
 10
649.586522
 20
641.830480
 42
-0.011573
  0
VERTEX
  8
0
 10
651.277457
 20
640.555806
 42
-0.016802
  0
VERTEX
  8
0
 10
652.703541
 20
639.348053
 42
-0.012408
  0
VERTEX
  8
0
 10
653.806885
 20
638.297048
 42
-0.198776
  0
VERTEX
  8
0
 10
654.000000
 20
637.830480
 42
-0.263747
  0
VERTEX
  8
0
 10
653.642535
 20
637.199953
 42
-0.238022
  0
VERTEX
  8
0
 10
652.887909
 20
637.145564
 42
-0.080906
  0
VERTEX
  8
0
 10
651.626279
 20
637.931033
 42
-0.024577
  0
VERTEX
  8
0
 10
650.000000
 20
639.500000
 42
0.023735
  0
VERTEX
  8
0
 10
649.011403
 20
640.456977
 42
0.027612
  0
VERTEX
  8
0
 10
647.983289
 20
641.265625
 42
0.028296
  0
VERTEX
  8
0
 10
647.052402
 20
641.842381
 42
0.125176
  0
VERTEX
  8
0
 10
646.432675
 20
642.000000
 42
-0.108165
  0
VERTEX
  8
0
 10
645.923803
 20
642.111388
 42
-0.066426
  0
VERTEX
  8
0
 10
645.402886
 20
642.440625
 42
-0.061850
  0
VERTEX
  8
0
 10
644.949383
 20
642.926496
 42
-0.065344
  0
VERTEX
  8
0
 10
644.638374
 20
643.500000
 42
-0.115479
  0
VERTEX
  8
0
 10
644.498137
 20
644.521232
 42
-0.483898
  0
VERTEX
  8
0
 10
644.944023
 20
644.810793
 42
-0.068867
  0
VERTEX
  8
0
 10
646.306979
 20
644.130543
 42
-0.005589
  0
SEQEND
  0
POLYLINE
  8
0
 66
1
 70
1
  0
VERTEX
  8
0
 10
622.361626
 20
616.500000
 42
-0.054778
  0
VERTEX
  8
0
 10
622.065988
 20
615.926337
 42
-0.057450
  0
VERTEX
  8
0
 10
621.656816
 20
615.440625
 42
-0.064053
  0
VERTEX
  8
0
 10
621.201557
 20
615.110070
 42
-0.125677
  0
VERTEX
  8
0
 10
620.770566
 20
615.000000
 42
-0.214681
  0
VERTEX
  8
0
 10
620.484197
 20
615.128897
 42
-0.222750
  0
VERTEX
  8
0
 10
620.396714
 20
615.425778
 42
-0.100348
  0
VERTEX
  8
0
 10
620.572050
 20
615.903434
 42
-0.035237
  0
VERTEX
  8
0
 10
621.000000
 20
616.500000
 42
-0.012711
  0
VERTEX
  8
0
 10
621.502080
 20
617.074599
 42
-0.017822
  0
VERTEX
  8
0
 10
621.980891
 20
617.559375
 42
-0.014236
  0
VERTEX
  8
0
 10
622.395857
 20
617.928855
 42
-0.176553
  0
VERTEX
  8
0
 10
622.591060
 20
618.000000
 42
-0.407084
  0
VERTEX
  8
0
 10
622.688496
 20
617.904913
 42
-0.044074
  0
VERTEX
  8
0
 10
622.666459
 20
617.559375
 42
-0.034664
  0
VERTEX
  8
0
 10
622.557685
 20
617.075405
 42
-0.019009
  0
SEQEND
  0
POLYLINE
  8
0
 66
1
 70
1
  0
VERTEX
  8
0
 10
607.000000
 20
562.106989
 42
-0.148172
  0
VERTEX
  8
0
 10
606.882557
 20
561.719384
 42
-0.058677
  0
VERTEX
  8
0
 10
606.517826
 20
561.291272
 42
-0.051260
  0
VERTEX
  8
0
 10
605.986565
 20
560.891147
 42
-0.044200
  0
VERTEX
  8
0
 10
605.358556
 20
560.584097
 42
-0.012731
  0
VERTEX
  8
0
 10
604.458284
 20
560.264678
 42
-0.389672
  0
VERTEX
  8
0
 10
604.258808
 20
560.355597
 42
-0.270710
  0
VERTEX
  8
0
 10
604.292701
 20
560.617386
 42
-0.008807
  0
VERTEX
  8
0
 10
604.981001
 20
561.477108
 42
-0.017238
  0
VERTEX
  8
0
 10
605.946872
 20
562.562498
 42
-0.127361
  0
VERTEX
  8
0
 10
606.530548
 20
562.925000
 42
-0.389178
  0
VERTEX
  8
0
 10
606.870501
 20
562.765008
 42
-0.097466
  0
SEQEND
  0
POLYLINE
  8
0
 66
1
 70
1
  0
VERTEX
  8
0
 10
693.444587
 20
511.277218
 42
-0.010823
  0
VERTEX
  8
0
 10
692.263736
 20
509.772500
 42
-0.012057
  0
VERTEX
  8
0
 10
691.059470
 20
508.374649
 42
-0.011441
  0
VERTEX
  8
0
 10
689.980201
 20
507.234860
 42
-0.060087
  0
VERTEX
  8
0
 10
689.305138
 20
506.700310
 42
0.068832
  0
VERTEX
  8
0
 10
688.805863
 20
506.290610
 42
0.052750
  0
VERTEX
  8
0
 10
688.383384
 20
505.724097
 42
0.053677
  0
VERTEX
  8
0
 10
688.096285
 20
505.094980
 42
0.080391
  0
VERTEX
  8
0
 10
688.000000
 20
504.500000
 42
-0.081538
  0
VERTEX
  8
0
 10
687.902324
 20
503.905019
 42
-0.054115
  0
VERTEX
  8
0
 10
687.611086
 20
503.275903
 42
-0.053061
  0
VERTEX
  8
0
 10
687.182497
 20
502.709426
 42
-0.068533
  0
VERTEX
  8
0
 10
686.676039
 20
502.299690
 42
0.061783
  0
VERTEX
  8
0
 10
686.013236
 20
501.778053
 42
0.013849
  0
VERTEX
  8
0
 10
685.028342
 20
500.727004
 42
0.014163
  0
VERTEX
  8
0
 10
683.951995
 20
499.441038
 42
0.013281
  0
VERTEX
  8
0
 10
682.926039
 20
498.068836
 42
-0.007776
  0
VERTEX
  8
0
 10
681.212720
 20
495.723900
 42
-0.009531
  0
VERTEX
  8
0
 10
679.537136
 20
493.589767
 42
-0.008915
  0
VERTEX
  8
0
 10
677.691352
 20
491.409469
 42
-0.005548
  0
VERTEX
  8
0
 10
675.453582
 20
488.916112
 42
0.032768
  0
VERTEX
  8
0
 10
674.897303
 20
488.223991
 42
0.031324
  0
VERTEX
  8
0
 10
674.426990
 20
487.454946
 42
0.032876
  0
VERTEX
  8
0
 10
674.099951
 20
486.723630
 42
0.088930
  0
VERTEX
  8
0
 10
674.000000
 20
486.166112
 42
-0.086607
  0
VERTEX
  8
0
 10
673.922290
 20
485.720839
 42
-0.094127
  0
VERTEX
  8
0
 10
673.698979
 20
485.342545
 42
-0.100234
  0
VERTEX
  8
0
 10
673.366158
 20
485.089517
 42
-0.113035
  0
VERTEX
  8
0
 10
672.975249
 20
485.000000
 42
0.178560
  0
VERTEX
  8
0
 10
672.516219
 20
484.830672
 42
0.048871
  0
VERTEX
  8
0
 10
671.972310
 20
484.265625
 42
0.042913
  0
VERTEX
  8
0
 10
671.439151
 20
483.456979
 42
0.033464
  0
VERTEX
  8
0
 10
671.000000
 20
482.500000
 42
-0.033464
  0
VERTEX
  8
0
 10
670.560849
 20
481.543021
 42
-0.042913
  0
VERTEX
  8
0
 10
670.027690
 20
480.734375
 42
-0.048871
  0
VERTEX
  8
0
 10
669.483781
 20
480.169328
 42
-0.178560
  0
VERTEX
  8
0
 10
669.024751
 20
480.000000
 42
0.144034
  0
VERTEX
  8
0
 10
668.633970
 20
479.885043
 42
0.099480
  0
VERTEX
  8
0
 10
668.301021
 20
479.561864
 42
0.083858
  0
VERTEX
  8
0
 10
668.076665
 20
479.078619
 42
0.066932
  0
VERTEX
  8
0
 10
668.000000
 20
478.508474
 42
-0.107418
  0
VERTEX
  8
0
 10
667.856181
 20
477.846761
 42
-0.050645
  0
VERTEX
  8
0
 10
667.412500
 20
477.088184
 42
-0.046919
  0
VERTEX
  8
0
 10
666.765087
 20
476.356259
 42
-0.048682
  0
VERTEX
  8
0
 10
666.000000
 20
475.767927
 42
0.028862
  0
VERTEX
  8
0
 10
665.234432
 20
475.226042
 42
0.035032
  0
VERTEX
  8
0
 10
664.587500
 20
474.630931
 42
0.037636
  0
VERTEX
  8
0
 10
664.130326
 20
474.067689
 42
0.152820
  0
VERTEX
  8
0
 10
664.000000
 20
473.651246
 42
-0.148466
  0
VERTEX
  8
0
 10
663.830132
 20
473.091776
 42
-0.005155
  0
VERTEX
  8
0
 10
662.531250
 20
471.192657
 42
-0.009220
  0
VERTEX
  8
0
 10
660.915853
 20
468.970635
 42
-0.006269
  0
VERTEX
  8
0
 10
659.000000
 20
466.500000
 42
0.004991
  0
VERTEX
  8
0
 10
657.083889
 20
464.042025
 42
0.007530
  0
VERTEX
  8
0
 10
655.468750
 20
461.859557
 42
0.003520
  0
VERTEX
  8
0
 10
654.143242
 20
459.983117
 42
0.153173
  0
VERTEX
  8
0
 10
654.000000
 20
459.526504
 42
-0.141496
  0
VERTEX
  8
0
 10
653.874420
 20
459.091630
 42
-0.006837
  0
VERTEX
  8
0
 10
653.045313
 20
457.814818
 42
-0.010694
  0
VERTEX
  8
0
 10
651.995140
 20
456.315395
 42
-0.007466
  0
VERTEX
  8
0
 10
650.750000
 20
454.668297
 42
0.004201
  0
VERTEX
  8
0
 10
649.432421
 20
452.948832
 42
0.004366
  0
VERTEX
  8
0
 10
648.160937
 20
451.229281
 42
0.004209
  0
VERTEX
  8
0
 10
647.086772
 20
449.723222
 42
0.018925
  0
VERTEX
  8
0
 10
646.500000
 20
448.814364
 42
-0.016283
  0
VERTEX
  8
0
 10
644.078367
 20
445.019621
 42
-0.004609
  0
VERTEX
  8
0
 10
640.064384
 20
439.273839
 42
-0.001675
  0
VERTEX
  8
0
 10
635.762095
 20
433.277303
 42
-0.098194
  0
VERTEX
  8
0
 10
634.781368
 20
432.364878
 42
-0.774968
  0
VERTEX
  8
0
 10
634.523846
 20
432.612106
 42
-0.009225
  0
VERTEX
  8
0
 10
636.418807
 20
435.837124
 42
-0.009934
  0
VERTEX
  8
0
 10
639.186084
 20
440.158704
 42
-0.005776
  0
VERTEX
  8
0
 10
642.669468
 20
445.239744
 42
0.005275
  0
VERTEX
  8
0
 10
643.945677
 20
447.097294
 42
0.007808
  0
VERTEX
  8
0
 10
645.021656
 20
448.754699
 42
0.004046
  0
VERTEX
  8
0
 10
645.894582
 20
450.171783
 42
0.136847
  0
VERTEX
  8
0
 10
646.000000
 20
450.549736
 42
-0.157416
  0
VERTEX
  8
0
 10
646.274200
 20
451.399092
 42
-0.002275
  0
VERTEX
  8
0
 10
649.436217
 20
455.744188
 42
-0.006424
  0
VERTEX
  8
0
 10
652.483319
 20
459.781830
 42
-0.026856
  0
VERTEX
  8
0
 10
654.474170
 20
462.083888
 42
0.018888
  0
VERTEX
  8
0
 10
655.058346
 20
462.738027
 42
0.023041
  0
VERTEX
  8
0
 10
655.551787
 20
463.393743
 42
0.022422
  0
VERTEX
  8
0
 10
655.909752
 20
463.972128
 42
0.128034
  0
VERTEX
  8
0
 10
656.000000
 20
464.318785
 42
-0.150592
  0
VERTEX
  8
0
 10
656.135323
 20
464.757900
 42
-0.002717
  0
VERTEX
  8
0
 10
657.542187
 20
466.799767
 42
-0.006497
  0
VERTEX
  8
0
 10
659.237960
 20
469.166385
 42
-0.004260
  0
VERTEX
  8
0
 10
661.250000
 20
471.850494
 42
0.002112
  0
VERTEX
  8
0
 10
663.369957
 20
474.653398
 42
0.002326
  0
VERTEX
  8
0
 10
665.398438
 20
477.385423
 42
0.002164
  0
VERTEX
  8
0
 10
667.110411
 20
479.734962
 42
0.011834
  0
VERTEX
  8
0
 10
668.000000
 20
481.030548
 42
-0.011161
  0
VERTEX
  8
0
 10
668.683650
 20
482.029083
 42
-0.007698
  0
VERTEX
  8
0
 10
669.500000
 20
483.129959
 42
-0.007766
  0
VERTEX
  8
0
 10
670.318230
 20
484.164877
 42
-0.015709
  0
VERTEX
  8
0
 10
671.000000
 20
484.948597
 42
0.020297
  0
VERTEX
  8
0
 10
671.764055
 20
485.843354
 42
0.005404
  0
VERTEX
  8
0
 10
672.907138
 20
487.330355
 42
0.005470
  0
VERTEX
  8
0
 10
674.171046
 20
489.050701
 42
0.005613
  0
VERTEX
  8
0
 10
675.386001
 20
490.783646
 42
-0.013005
  0
VERTEX
  8
0
 10
676.554466
 20
492.398948
 42
-0.018671
  0
VERTEX
  8
0
 10
677.678039
 20
493.761446
 42
-0.014743
  0
VERTEX
  8
0
 10
678.661413
 20
494.803556
 42
-0.198784
  0
VERTEX
  8
0
 10
679.136001
 20
495.000000
 42
0.142986
  0
VERTEX
  8
0
 10
679.465860
 20
495.096300
 42
0.099154
  0
VERTEX
  8
0
 10
679.747604
 20
495.367188
 42
0.083865
  0
VERTEX
  8
0
 10
679.938291
 20
495.772192
 42
0.067321
  0
VERTEX
  8
0
 10
680.004778
 20
496.250000
 42
-0.133763
  0
VERTEX
  8
0
 10
680.197072
 20
496.945436
 42
-0.017457
  0
VERTEX
  8
0
 10
681.034873
 20
498.250722
 42
-0.019299
  0
VERTEX
  8
0
 10
682.166001
 20
499.756919
 42
-0.015046
  0
VERTEX
  8
0
 10
683.504778
 20
501.305651
 42
0.011845
  0
VERTEX
  8
0
 10
684.843514
 20
502.834444
 42
0.016075
  0
VERTEX
  8
0
 10
685.973278
 20
504.280013
 42
0.012984
  0
VERTEX
  8
0
 10
686.830843
 20
505.519455
 42
0.145846
  0
VERTEX
  8
0
 10
687.000000
 20
506.087036
 42
-0.129681
  0
VERTEX
  8
0
 10
687.109671
 20
506.502771
 42
-0.063266
  0
VERTEX
  8
0
 10
687.440625
 20
506.945231
 42
-0.056376
  0
VERTEX
  8
0
 10
687.926297
 20
507.345738
 42
-0.052685
  0
VERTEX
  8
0
 10
688.500000
 20
507.638374
 42
0.053059
  0
VERTEX
  8
0
 10
689.073696
 20
507.931545
 42
0.056573
  0
VERTEX
  8
0
 10
689.559375
 20
508.333598
 42
0.063416
  0
VERTEX
  8
0
 10
689.890254
 20
508.778340
 42
0.128951
  0
VERTEX
  8
0
 10
690.000000
 20
509.196799
 42
-0.173852
  0
VERTEX
  8
0
 10
690.447353
 20
510.444508
 42
-0.015121
  0
VERTEX
  8
0
 10
692.702365
 20
513.022009
 42
-0.011880
  0
VERTEX
  8
0
 10
695.108878
 20
515.490124
 42
-0.410960
  0
VERTEX
  8
0
 10
695.847315
 20
515.486018
 42
-0.322666
  0
VERTEX
  8
0
 10
695.900550
 20
515.158561
 42
-0.013915
  0
VERTEX
  8
0
 10
695.319542
 20
514.071655
 42
-0.019254
  0
VERTEX
  8
0
 10
694.499921
 20
512.756280
 42
-0.012000
  0
SEQEND
  0
POLYLINE
  8
0
 66
1
 70
1
  0
VERTEX
  8
0
 10
627.732994
 20
505.383583
 42
0.113927
  0
VERTEX
  8
0
 10
627.811117
 20
503.328369
 42
0.086487
  0
VERTEX
  8
0
 10
628.769394
 20
501.279131
 42
0.100498
  0
VERTEX
  8
0
 10
630.214082
 20
499.904612
 42
0.224129
  0
VERTEX
  8
0
 10
631.685175
 20
499.728392
 42
-0.196355
  0
VERTEX
  8
0
 10
632.132587
 20
499.698808
 42
-0.095495
  0
VERTEX
  8
0
 10
632.598429
 20
499.348907
 42
-0.071632
  0
VERTEX
  8
0
 10
633.013000
 20
498.733931
 42
-0.048626
  0
VERTEX
  8
0
 10
633.305367
 20
497.940276
 42
0.046622
  0
VERTEX
  8
0
 10
633.620533
 20
497.074068
 42
0.117395
  0
VERTEX
  8
0
 10
634.037845
 20
496.553615
 42
0.173133
  0
VERTEX
  8
0
 10
634.535137
 20
496.389725
 42
0.133042
  0
VERTEX
  8
0
 10
635.087200
 20
496.553893
 42
-0.023982
  0
VERTEX
  8
0
 10
635.593362
 20
496.834114
 42
-0.288542
  0
VERTEX
  8
0
 10
635.805270
 20
496.811961
 42
-0.348844
  0
VERTEX
  8
0
 10
635.849784
 20
496.624815
 42
-0.028960
  0
VERTEX
  8
0
 10
635.595492
 20
496.154508
 42
-0.093667
  0
VERTEX
  8
0
 10
634.767368
 20
495.248225
 42
-0.232628
  0
VERTEX
  8
0
 10
633.907473
 20
495.085954
 42
-0.187420
  0
VERTEX
  8
0
 10
633.113223
 20
495.678730
 42
-0.063026
  0
VERTEX
  8
0
 10
632.495391
 20
497.014521
 42
0.052631
  0
VERTEX
  8
0
 10
632.177635
 20
497.740652
 42
0.086398
  0
VERTEX
  8
0
 10
631.751681
 20
498.256720
 42
0.123155
  0
VERTEX
  8
0
 10
631.290688
 20
498.487029
 42
0.195386
  0
VERTEX
  8
0
 10
630.861469
 20
498.414383
 42
-0.178797
  0
VERTEX
  8
0
 10
630.380715
 20
498.317070
 42
-0.082085
  0
VERTEX
  8
0
 10
629.764527
 20
498.519859
 42
-0.065595
  0
VERTEX
  8
0
 10
629.111195
 20
498.979158
 42
-0.048959
  0
VERTEX
  8
0
 10
628.523784
 20
499.636587
 42
0.025940
  0
VERTEX
  8
0
 10
627.665231
 20
500.691275
 42
0.201008
  0
VERTEX
  8
0
 10
627.102163
 20
500.955639
 42
0.176924
  0
VERTEX
  8
0
 10
626.477066
 20
500.756783
 42
0.019338
  0
VERTEX
  8
0
 10
625.301375
 20
499.772741
 42
-0.024181
  0
VERTEX
  8
0
 10
624.131495
 20
498.812669
 42
-0.385739
  0
VERTEX
  8
0
 10
623.662035
 20
498.858561
 42
-0.169421
  0
VERTEX
  8
0
 10
623.398943
 20
499.478429
 42
-0.006470
  0
VERTEX
  8
0
 10
623.264822
 20
502.016415
 42
-0.026263
  0
VERTEX
  8
0
 10
623.288390
 20
503.878370
 42
-0.059369
  0
VERTEX
  8
0
 10
623.545621
 20
505.262324
 42
-0.080899
  0
VERTEX
  8
0
 10
624.045933
 20
506.262532
 42
-0.104777
  0
VERTEX
  8
0
 10
624.803765
 20
506.949990
 42
-0.030228
  0
VERTEX
  8
0
 10
626.581759
 20
507.847596
 42
-0.228385
  0
VERTEX
  8
0
 10
627.495890
 20
507.809187
 42
-0.281904
  0
VERTEX
  8
0
 10
627.912241
 20
507.098899
 42
-0.042407
  0
SEQEND
  0
POLYLINE
  8
0
 66
1
 70
1
  0
VERTEX
  8
0
 10
634.000000
 20
506.000000
 42
-0.091527
  0
VERTEX
  8
0
 10
633.929527
 20
505.618243
 42
-0.095859
  0
VERTEX
  8
0
 10
633.727789
 20
505.293750
 42
-0.099498
  0
VERTEX
  8
0
 10
633.426880
 20
505.076606
 42
-0.107094
  0
VERTEX
  8
0
 10
633.073324
 20
505.000000
 42
0.159836
  0
VERTEX
  8
0
 10
632.685050
 20
504.872626
 42
0.067019
  0
VERTEX
  8
0
 10
632.284521
 20
504.485937
 42
0.056820
  0
VERTEX
  8
0
 10
631.932857
 20
503.919531
 42
0.046657
  0
VERTEX
  8
0
 10
631.689326
 20
503.250000
 42
-0.049066
  0
VERTEX
  8
0
 10
631.492773
 20
502.717606
 42
-0.602595
  0
VERTEX
  8
0
 10
631.323916
 20
502.711790
 42
-0.109045
  0
VERTEX
  8
0
 10
631.186617
 20
503.150445
 42
-0.010989
  0
VERTEX
  8
0
 10
631.116001
 20
504.250000
 42
-0.036990
  0
VERTEX
  8
0
 10
631.154459
 20
505.459395
 42
-0.090377
  0
VERTEX
  8
0
 10
631.404882
 20
506.311000
 42
-0.135487
  0
VERTEX
  8
0
 10
631.860080
 20
506.813955
 42
-0.142417
  0
VERTEX
  8
0
 10
632.500000
 20
507.000000
 42
-0.064853
  0
VERTEX
  8
0
 10
633.073457
 20
506.925306
 42
-0.082425
  0
VERTEX
  8
0
 10
633.559375
 20
506.706250
 42
-0.098894
  0
VERTEX
  8
0
 10
633.884432
 20
506.381354
 42
-0.148195
  0
SEQEND
  0
POLYLINE
  8
0
 66
1
 70
1
  0
VERTEX
  8
0
 10
637.000000
 20
501.401556
 42
-0.036401
  0
VERTEX
  8
0
 10
636.946311
 20
500.665055
 42
-0.333945
  0
VERTEX
  8
0
 10
636.732165
 20
500.452931
 42
-0.206102
  0
VERTEX
  8
0
 10
636.365952
 20
500.554463
 42
-0.017279
  0
VERTEX
  8
0
 10
635.604960
 20
501.210573
 42
-0.043664
  0
VERTEX
  8
0
 10
635.105359
 20
501.760542
 42
-0.056301
  0
VERTEX
  8
0
 10
634.756054
 20
502.346335
 42
-0.068002
  0
VERTEX
  8
0
 10
634.597396
 20
502.879153
 42
-0.176345
  0
VERTEX
  8
0
 10
634.674059
 20
503.266312
 42
-0.246039
  0
VERTEX
  8
0
 10
635.308506
 20
503.649833
 42
-0.186368
  0
VERTEX
  8
0
 10
636.096732
 20
503.399703
 42
-0.120910
  0
VERTEX
  8
0
 10
636.762933
 20
502.531235
 42
-0.103796
  0
SEQEND
  0
POLYLINE
  8
0
 66
1
 70
1
  0
VERTEX
  8
0
 10
620.112500
 20
498.712500
 42
-0.034004
  0
VERTEX
  8
0
 10
619.572437
 20
498.241290
 42
-0.258294
  0
VERTEX
  8
0
 10
619.250000
 20
498.194569
 42
-0.271978
  0
VERTEX
  8
0
 10
619.050901
 20
498.441764
 42
-0.036751
  0
VERTEX
  8
0
 10
619.000000
 20
499.133333
 42
-0.071180
  0
VERTEX
  8
0
 10
619.185927
 20
500.432743
 42
-0.125949
  0
VERTEX
  8
0
 10
619.734472
 20
501.358698
 42
-0.296734
  0
VERTEX
  8
0
 10
620.350998
 20
501.489127
 42
-0.223780
  0
VERTEX
  8
0
 10
620.841667
 20
500.975000
 42
-0.099514
  0
VERTEX
  8
0
 10
620.906408
 20
500.452911
 42
-0.059262
  0
VERTEX
  8
0
 10
620.785599
 20
499.836016
 42
-0.055968
  0
VERTEX
  8
0
 10
620.509426
 20
499.223506
 42
-0.062578
  0
SEQEND
  0
POLYLINE
  8
0
 66
1
 70
1
  0
VERTEX
  8
0
 10
629.250000
 20
497.607954
 42
-0.133974
  0
VERTEX
  8
0
 10
630.379296
 20
496.138150
 42
-0.071030
  0
VERTEX
  8
0
 10
630.944945
 20
493.894342
 42
-0.074899
  0
VERTEX
  8
0
 10
630.848613
 20
491.725719
 42
-0.208785
  0
VERTEX
  8
0
 10
630.000000
 20
490.500000
 42
-0.088621
  0
VERTEX
  8
0
 10
629.618194
 20
490.348919
 42
-0.167455
  0
VERTEX
  8
0
 10
629.293750
 20
490.391936
 42
-0.177706
  0
VERTEX
  8
0
 10
629.077418
 20
490.621649
 42
-0.101261
  0
VERTEX
  8
0
 10
629.000000
 20
491.000000
 42
0.101261
  0
VERTEX
  8
0
 10
628.922582
 20
491.378351
 42
0.177706
  0
VERTEX
  8
0
 10
628.706250
 20
491.608064
 42
0.167455
  0
VERTEX
  8
0
 10
628.381806
 20
491.651081
 42
0.088621
  0
VERTEX
  8
0
 10
628.000000
 20
491.500000
 42
0.091204
  0
VERTEX
  8
0
 10
627.617096
 20
491.153536
 42
0.053126
  0
VERTEX
  8
0
 10
627.293750
 20
490.622888
 42
0.050746
  0
VERTEX
  8
0
 10
627.074178
 20
490.001580
 42
0.059645
  0
VERTEX
  8
0
 10
627.000000
 20
489.381966
 42
0.068336
  0
VERTEX
  8
0
 10
627.072674
 20
488.852710
 42
0.142305
  0
VERTEX
  8
0
 10
627.290385
 20
488.502059
 42
0.190495
  0
VERTEX
  8
0
 10
627.613066
 20
488.382082
 42
0.134062
  0
VERTEX
  8
0
 10
627.988546
 20
488.492921
 42
-0.132381
  0
VERTEX
  8
0
 10
628.327338
 20
488.594148
 42
-0.344540
  0
VERTEX
  8
0
 10
628.519129
 20
488.452394
 42
-0.131106
  0
VERTEX
  8
0
 10
628.523270
 20
488.037164
 42
-0.028922
  0
VERTEX
  8
0
 10
628.305025
 20
487.352499
 42
-0.036973
  0
VERTEX
  8
0
 10
628.016947
 20
486.741092
 42
-0.134021
  0
VERTEX
  8
0
 10
627.717129
 20
486.438436
 42
-0.305652
  0
VERTEX
  8
0
 10
627.455007
 20
486.456713
 42
-0.147599
  0
VERTEX
  8
0
 10
627.251872
 20
486.744384
 42
0.127887
  0
VERTEX
  8
0
 10
626.996226
 20
487.137885
 42
0.105892
  0
VERTEX
  8
0
 10
626.563559
 20
487.390962
 42
0.093775
  0
VERTEX
  8
0
 10
626.017679
 20
487.463028
 42
0.077822
  0
VERTEX
  8
0
 10
625.443822
 20
487.340069
 42
-0.117885
  0
VERTEX
  8
0
 10
624.832662
 20
487.259098
 42
-0.118972
  0
VERTEX
  8
0
 10
624.253275
 20
487.463916
 42
-0.102872
  0
VERTEX
  8
0
 10
623.769422
 20
487.944157
 42
-0.070163
  0
VERTEX
  8
0
 10
623.435431
 20
488.646246
 42
0.009422
  0
VERTEX
  8
0
 10
623.161489
 20
489.465275
 42
0.006227
  0
VERTEX
  8
0
 10
622.817415
 20
490.396085
 42
0.006267
  0
VERTEX
  8
0
 10
622.460224
 20
491.292823
 42
0.012077
  0
VERTEX
  8
0
 10
622.148019
 20
492.000000
 42
-0.094305
  0
VERTEX
  8
0
 10
621.719427
 20
493.665684
 42
-0.054539
  0
VERTEX
  8
0
 10
621.813161
 20
495.738908
 42
-0.072817
  0
VERTEX
  8
0
 10
622.292013
 20
497.289501
 42
-0.446412
  0
VERTEX
  8
0
 10
623.002396
 20
497.498519
 42
0.117509
  0
VERTEX
  8
0
 10
623.378477
 20
497.374045
 42
0.100578
  0
VERTEX
  8
0
 10
623.793861
 20
497.421941
 42
0.092744
  0
VERTEX
  8
0
 10
624.185002
 20
497.635743
 42
0.083197
  0
VERTEX
  8
0
 10
624.489919
 20
497.983688
 42
-0.143663
  0
VERTEX
  8
0
 10
625.296448
 20
498.708154
 42
-0.132071
  0
VERTEX
  8
0
 10
626.394684
 20
498.912373
 42
-0.095313
  0
VERTEX
  8
0
 10
627.741483
 20
498.541342
 42
-0.047644
  0
SEQEND
  0
POLYLINE
  8
0
 66
1
 70
1
  0
VERTEX
  8
0
 10
619.435239
 20
493.104785
 42
-0.155001
  0
VERTEX
  8
0
 10
619.531775
 20
492.720344
 42
-0.122934
  0
VERTEX
  8
0
 10
619.402011
 20
492.309843
 42
-0.097234
  0
VERTEX
  8
0
 10
619.055808
 20
491.934228
 42
-0.066562
  0
VERTEX
  8
0
 10
618.545184
 20
491.655712
 42
-0.052218
  0
VERTEX
  8
0
 10
617.936961
 20
491.492566
 42
-0.241428
  0
VERTEX
  8
0
 10
617.601415
 20
491.602299
 42
-0.239714
  0
VERTEX
  8
0
 10
617.493177
 20
491.939743
 42
-0.051608
  0
VERTEX
  8
0
 10
617.657916
 20
492.550928
 42
-0.024065
  0
VERTEX
  8
0
 10
618.118312
 20
493.597219
 42
-0.204288
  0
VERTEX
  8
0
 10
618.500895
 20
493.922826
 42
-0.293393
  0
VERTEX
  8
0
 10
618.906647
 20
493.811106
 42
-0.044472
  0
SEQEND
  0
POLYLINE
  8
0
 66
1
 70
1
  0
VERTEX
  8
0
 10
635.456728
 20
491.929984
 42
-0.247429
  0
VERTEX
  8
0
 10
634.731569
 20
491.503046
 42
-0.087903
  0
VERTEX
  8
0
 10
633.500246
 20
491.661976
 42
-0.086621
  0
VERTEX
  8
0
 10
632.385032
 20
492.237654
 42
-0.234528
  0
VERTEX
  8
0
 10
632.000000
 20
493.013369
 42
-0.269156
  0
VERTEX
  8
0
 10
632.153580
 20
493.278000
 42
-0.095176
  0
VERTEX
  8
0
 10
632.584196
 20
493.425169
 42
-0.062812
  0
VERTEX
  8
0
 10
633.226527
 20
493.434212
 42
-0.036115
  0
VERTEX
  8
0
 10
633.988753
 20
493.292690
 42
-0.044796
  0
VERTEX
  8
0
 10
634.712859
 20
493.032212
 42
-0.078506
  0
VERTEX
  8
0
 10
635.240331
 20
492.677866
 42
-0.120306
  0
VERTEX
  8
0
 10
635.494865
 20
492.291986
 42
-0.228144
  0
SEQEND
  0
POLYLINE
  8
0
 66
1
 70
1
  0
VERTEX
  8
0
 10
635.521386
 20
487.965396
 42
-0.283213
  0
VERTEX
  8
0
 10
635.522402
 20
487.331814
 42
-0.025113
  0
VERTEX
  8
0
 10
634.579455
 20
485.955233
 42
-0.026912
  0
VERTEX
  8
0
 10
633.188542
 20
484.319244
 42
-0.017407
  0
VERTEX
  8
0
 10
631.416900
 20
482.575135
 42
-0.020112
  0
VERTEX
  8
0
 10
628.973998
 20
480.506880
 42
-0.038456
  0
VERTEX
  8
0
 10
626.832847
 20
479.087337
 42
-0.045879
  0
VERTEX
  8
0
 10
624.782428
 20
478.179341
 42
-0.048000
  0
VERTEX
  8
0
 10
622.631523
 20
477.677402
 42
-0.018839
  0
VERTEX
  8
0
 10
619.475072
 20
477.374534
 42
-0.133521
  0
VERTEX
  8
0
 10
617.982890
 20
477.688662
 42
-0.217369
  0
VERTEX
  8
0
 10
617.233656
 20
478.634831
 42
-0.060493
  0
VERTEX
  8
0
 10
617.000000
 20
480.559017
 42
-0.066589
  0
VERTEX
  8
0
 10
617.200147
 20
482.055199
 42
-0.188097
  0
VERTEX
  8
0
 10
617.817041
 20
482.887547
 42
-0.283073
  0
VERTEX
  8
0
 10
618.631542
 20
482.895223
 42
-0.119294
  0
VERTEX
  8
0
 10
619.441979
 20
482.093880
 42
0.247332
  0
VERTEX
  8
0
 10
620.206616
 20
481.643510
 42
0.043968
  0
VERTEX
  8
0
 10
621.921598
 20
481.713042
 42
0.044626
  0
VERTEX
  8
0
 10
623.554627
 20
482.074096
 42
0.326958
  0
VERTEX
  8
0
 10
624.000000
 20
482.682373
 42
0.093140
  0
VERTEX
  8
0
 10
623.947629
 20
482.961076
 42
0.007855
  0
VERTEX
  8
0
 10
623.670293
 20
483.641183
 42
0.010218
  0
VERTEX
  8
0
 10
623.307470
 20
484.446402
 42
0.007724
  0
VERTEX
  8
0
 10
622.877593
 20
485.315741
 42
-0.004307
  0
VERTEX
  8
0
 10
622.258896
 20
486.545706
 42
-0.168657
  0
VERTEX
  8
0
 10
622.221882
 20
486.844427
 42
-0.570165
  0
VERTEX
  8
0
 10
622.366471
 20
486.892908
 42
-0.011099
  0
VERTEX
  8
0
 10
623.077593
 20
486.250000
 42
0.132041
  0
VERTEX
  8
0
 10
624.933018
 20
485.249122
 42
0.079813
  0
VERTEX
  8
0
 10
627.439347
 20
485.066229
 42
0.078275
  0
VERTEX
  8
0
 10
629.927735
 20
485.682242
 42
0.116470
  0
VERTEX
  8
0
 10
631.732028
 20
487.000000
 42
-0.027438
  0
VERTEX
  8
0
 10
633.041549
 20
488.369644
 42
-0.126548
  0
VERTEX
  8
0
 10
633.995875
 20
488.892502
 42
-0.219531
  0
VERTEX
  8
0
 10
634.787006
 20
488.746294
 42
-0.100908
  0
SEQEND
  0
POLYLINE
  8
0
 66
1
 70
1
  0
VERTEX
  8
0
 10
620.984687
 20
485.190983
 42
-0.012098
  0
VERTEX
  8
0
 10
620.953006
 20
484.238528
 42
-0.343021
  0
VERTEX
  8
0
 10
620.800669
 20
484.064256
 42
-0.295079
  0
VERTEX
  8
0
 10
620.569384
 20
484.157251
 42
-0.010223
  0
VERTEX
  8
0
 10
620.000000
 20
485.000000
 42
-0.033010
  0
VERTEX
  8
0
 10
619.266028
 20
486.319161
 42
-0.110887
  0
VERTEX
  8
0
 10
619.050802
 20
487.277708
 42
-0.372932
  0
VERTEX
  8
0
 10
619.359022
 20
487.633474
 42
-0.175918
  0
VERTEX
  8
0
 10
620.000000
 20
487.500000
 42
-0.101161
  0
VERTEX
  8
0
 10
620.382022
 20
487.140373
 42
-0.052761
  0
VERTEX
  8
0
 10
620.701752
 20
486.566787
 42
-0.049393
  0
VERTEX
  8
0
 10
620.916365
 20
485.883651
 42
-0.053738
  0
SEQEND
  0
POLYLINE
  8
0
 66
1
 70
1
  0
VERTEX
  8
0
 10
633.416550
 20
428.643128
 42
-0.044155
  0
VERTEX
  8
0
 10
633.109254
 20
428.014474
 42
-0.051229
  0
VERTEX
  8
0
 10
632.708918
 20
427.482669
 42
-0.058646
  0
VERTEX
  8
0
 10
632.280659
 20
427.117546
 42
-0.148280
  0
VERTEX
  8
0
 10
631.893011
 20
427.000000
 42
0.152130
  0
VERTEX
  8
0
 10
631.552443
 20
426.893924
 42
0.098254
  0
VERTEX
  8
0
 10
631.262322
 20
426.595343
 42
0.081070
  0
VERTEX
  8
0
 10
631.066606
 20
426.149151
 42
0.062978
  0
VERTEX
  8
0
 10
631.000000
 20
425.622445
 42
-0.086594
  0
VERTEX
  8
0
 10
630.892217
 20
425.004766
 42
-0.043540
  0
VERTEX
  8
0
 10
630.559375
 20
424.283860
 42
-0.041499
  0
VERTEX
  8
0
 10
630.073942
 20
423.578122
 42
-0.048188
  0
VERTEX
  8
0
 10
629.500000
 20
423.000000
 42
-0.055710
  0
VERTEX
  8
0
 10
628.417526
 20
422.288601
 42
-0.588483
  0
VERTEX
  8
0
 10
628.071432
 20
422.522191
 42
-0.109280
  0
VERTEX
  8
0
 10
628.406468
 20
423.588554
 42
-0.012104
  0
VERTEX
  8
0
 10
629.742148
 20
425.785183
 42
-0.012738
  0
VERTEX
  8
0
 10
631.873875
 20
428.927985
 42
-0.072190
  0
VERTEX
  8
0
 10
633.272190
 20
430.382765
 42
-0.640645
  0
VERTEX
  8
0
 10
633.731565
 20
430.144493
 42
-0.079964
  0
SEQEND
  0
POLYLINE
  8
0
 66
1
 70
1
  0
VERTEX
  8
0
 10
628.000000
 20
420.049690
 42
-0.105371
  0
VERTEX
  8
0
 10
627.910092
 20
419.627800
 42
-0.050121
  0
VERTEX
  8
0
 10
627.632812
 20
419.143625
 42
-0.046572
  0
VERTEX
  8
0
 10
627.228183
 20
418.676022
 42
-0.048853
  0
VERTEX
  8
0
 10
626.750000
 20
418.299690
 42
0.052079
  0
VERTEX
  8
0
 10
626.194879
 20
417.856992
 42
0.022671
  0
VERTEX
  8
0
 10
625.552451
 20
417.164893
 42
0.022141
  0
VERTEX
  8
0
 10
624.930432
 20
416.361085
 42
0.027461
  0
VERTEX
  8
0
 10
624.428557
 20
415.559519
 42
-0.035582
  0
VERTEX
  8
0
 10
623.926810
 20
414.786338
 42
-0.032541
  0
VERTEX
  8
0
 10
623.306459
 20
414.067257
 42
-0.034110
  0
VERTEX
  8
0
 10
622.665947
 20
413.498968
 42
-0.084142
  0
VERTEX
  8
0
 10
622.113226
 20
413.204409
 42
-0.541304
  0
VERTEX
  8
0
 10
621.879431
 20
413.389837
 42
-0.078730
  0
VERTEX
  8
0
 10
622.061734
 20
414.106305
 42
-0.034894
  0
VERTEX
  8
0
 10
622.688582
 20
415.322052
 42
-0.014917
  0
VERTEX
  8
0
 10
623.684669
 20
416.856938
 42
-0.015302
  0
VERTEX
  8
0
 10
625.544332
 20
419.375207
 42
-0.066883
  0
VERTEX
  8
0
 10
626.869886
 20
420.661964
 42
-0.293703
  0
VERTEX
  8
0
 10
627.610466
 20
420.710648
 42
-0.272752
  0
SEQEND
  0
POLYLINE
  8
0
 66
1
 70
1
  0
VERTEX
  8
0
 10
704.457295
 20
414.069098
 42
-0.108373
  0
VERTEX
  8
0
 10
704.598899
 20
413.665803
 42
-0.099685
  0
VERTEX
  8
0
 10
704.565079
 20
413.227140
 42
-0.095498
  0
VERTEX
  8
0
 10
704.360589
 20
412.820631
 42
-0.090427
  0
VERTEX
  8
0
 10
704.016312
 20
412.510081
 42
-0.136093
  0
VERTEX
  8
0
 10
703.630360
 20
412.397824
 42
-0.190788
  0
VERTEX
  8
0
 10
703.298542
 20
412.524436
 42
-0.140899
  0
VERTEX
  8
0
 10
703.074611
 20
412.890269
 42
-0.067432
  0
VERTEX
  8
0
 10
703.000000
 20
413.440983
 42
-0.039415
  0
VERTEX
  8
0
 10
703.085158
 20
414.519563
 42
-0.257010
  0
VERTEX
  8
0
 10
703.407182
 20
414.933879
 42
-0.315493
  0
VERTEX
  8
0
 10
703.866860
 20
414.838655
 42
-0.050477
  0
SEQEND
  0
POLYLINE
  8
0
 66
1
 70
1
  0
VERTEX
  8
0
 10
618.242686
 20
406.618256
 42
-0.005765
  0
VERTEX
  8
0
 10
616.572827
 20
404.275208
 42
-0.004076
  0
VERTEX
  8
0
 10
614.645950
 20
401.681099
 42
-0.004114
  0
VERTEX
  8
0
 10
612.763591
 20
399.231769
 42
-0.008663
  0
VERTEX
  8
0
 10
611.254166
 20
397.368256
 42
0.005259
  0
VERTEX
  8
0
 10
605.873985
 20
390.817665
 42
0.005490
  0
VERTEX
  8
0
 10
600.710233
 20
384.247573
 42
0.005833
  0
VERTEX
  8
0
 10
596.166042
 20
378.188253
 42
0.011486
  0
VERTEX
  8
0
 10
592.723179
 20
373.250000
 42
-0.008415
  0
VERTEX
  8
0
 10
591.075073
 20
370.854825
 42
-0.012786
  0
VERTEX
  8
0
 10
589.555885
 20
368.835938
 42
-0.007417
  0
VERTEX
  8
0
 10
588.232166
 20
367.217286
 42
-0.221118
  0
VERTEX
  8
0
 10
587.764856
 20
367.000000
 42
-0.559247
  0
VERTEX
  8
0
 10
587.465802
 20
367.486712
 42
-0.022040
  0
VERTEX
  8
0
 10
588.715080
 20
369.704816
 42
-0.023995
  0
VERTEX
  8
0
 10
590.563862
 20
372.378449
 42
-0.020981
  0
VERTEX
  8
0
 10
592.740804
 20
374.989782
 42
0.011260
  0
VERTEX
  8
0
 10
593.606151
 20
375.987711
 42
0.015402
  0
VERTEX
  8
0
 10
594.336361
 20
376.926558
 42
0.012138
  0
VERTEX
  8
0
 10
594.893295
 20
377.730296
 42
0.146456
  0
VERTEX
  8
0
 10
595.000000
 20
378.086772
 42
-0.130686
  0
VERTEX
  8
0
 10
595.091954
 20
378.432577
 42
-0.015228
  0
VERTEX
  8
0
 10
595.514063
 20
379.120661
 42
-0.017454
  0
VERTEX
  8
0
 10
596.079833
 20
379.920556
 42
-0.013440
  0
VERTEX
  8
0
 10
596.750000
 20
380.753719
 42
0.008152
  0
VERTEX
  8
0
 10
597.528802
 20
381.701245
 42
0.004852
  0
VERTEX
  8
0
 10
598.426562
 20
382.853316
 42
0.004855
  0
VERTEX
  8
0
 10
599.299287
 20
384.019256
 42
0.008363
  0
VERTEX
  8
0
 10
600.000000
 20
385.008882
 42
-0.013028
  0
VERTEX
  8
0
 10
600.765848
 20
386.069380
 42
-0.005195
  0
VERTEX
  8
0
 10
601.868091
 20
387.484081
 42
-0.005137
  0
VERTEX
  8
0
 10
603.089125
 20
388.986172
 42
-0.006443
  0
VERTEX
  8
0
 10
604.253076
 20
390.352153
 42
0.012924
  0
VERTEX
  8
0
 10
605.732386
 20
392.134513
 42
0.002831
  0
VERTEX
  8
0
 10
608.179345
 20
395.279300
 42
0.002945
  0
VERTEX
  8
0
 10
610.968091
 20
398.950060
 42
0.002824
  0
VERTEX
  8
0
 10
613.753076
 20
402.705039
 42
-0.006254
  0
VERTEX
  8
0
 10
618.522921
 20
409.044823
 42
-0.049130
  0
VERTEX
  8
0
 10
621.047627
 20
411.724101
 42
-0.862041
  0
VERTEX
  8
0
 10
621.406879
 20
411.417819
 42
-0.012399
  0
SEQEND
  0
POLYLINE
  8
0
 66
1
 70
1
  0
VERTEX
  8
0
 10
703.465672
 20
403.149864
 42
-0.301864
  0
VERTEX
  8
0
 10
702.892915
 20
403.018937
 42
-0.076948
  0
VERTEX
  8
0
 10
702.021539
 20
403.512308
 42
-0.069007
  0
VERTEX
  8
0
 10
701.254536
 20
404.312518
 42
-0.157897
  0
VERTEX
  8
0
 10
701.000000
 20
405.098444
 42
-0.236389
  0
VERTEX
  8
0
 10
701.126309
 20
405.350678
 42
-0.218285
  0
VERTEX
  8
0
 10
701.410998
 20
405.412089
 42
-0.095760
  0
VERTEX
  8
0
 10
701.861158
 20
405.217338
 42
-0.036357
  0
VERTEX
  8
0
 10
702.399141
 20
404.789427
 42
-0.023968
  0
VERTEX
  8
0
 10
702.911277
 20
404.269923
 42
-0.038420
  0
VERTEX
  8
0
 10
703.289580
 20
403.775917
 42
-0.045304
  0
VERTEX
  8
0
 10
703.505656
 20
403.367062
 42
-0.297152
  0
SEQEND
  0
POLYLINE
  8
0
 66
1
 70
1
  0
VERTEX
  8
0
 10
705.806872
 20
399.473539
 42
-0.278911
  0
VERTEX
  8
0
 10
705.538684
 20
399.407510
 42
-0.120343
  0
VERTEX
  8
0
 10
705.210949
 20
399.604915
 42
-0.070189
  0
VERTEX
  8
0
 10
704.866277
 20
400.059266
 42
-0.036269
  0
VERTEX
  8
0
 10
704.564293
 20
400.706872
 42
-0.008399
  0
VERTEX
  8
0
 10
704.218210
 20
401.663782
 42
-0.286372
  0
VERTEX
  8
0
 10
704.270328
 20
401.888819
 42
-0.400052
  0
VERTEX
  8
0
 10
704.463552
 20
401.893514
 42
-0.011214
  0
VERTEX
  8
0
 10
705.124088
 20
401.266667
 42
-0.043285
  0
VERTEX
  8
0
 10
705.558688
 20
400.753423
 42
-0.063152
  0
VERTEX
  8
0
 10
705.837219
 20
400.231185
 42
-0.082976
  0
VERTEX
  8
0
 10
705.927901
 20
399.779789
 42
-0.207420
  0
SEQEND
  0
POLYLINE
  8
0
 66
1
 70
1
  0
VERTEX
  8
0
 10
587.000000
 20
364.500000
 42
-0.035768
  0
VERTEX
  8
0
 10
586.449813
 20
363.926013
 42
-0.036518
  0
VERTEX
  8
0
 10
585.827047
 20
363.440625
 42
-0.039072
  0
VERTEX
  8
0
 10
585.225581
 20
363.103440
 42
-0.108636
  0
VERTEX
  8
0
 10
584.755111
 20
363.000000
 42
-0.231849
  0
VERTEX
  8
0
 10
584.485192
 20
363.132271
 42
-0.208269
  0
VERTEX
  8
0
 10
584.407958
 20
363.436222
 42
-0.095981
  0
VERTEX
  8
0
 10
584.585453
 20
363.917672
 42
-0.037052
  0
VERTEX
  8
0
 10
585.000000
 20
364.500000
 42
-0.035768
  0
VERTEX
  8
0
 10
585.550187
 20
365.073987
 42
-0.036518
  0
VERTEX
  8
0
 10
586.172953
 20
365.559375
 42
-0.039072
  0
VERTEX
  8
0
 10
586.774419
 20
365.896560
 42
-0.108636
  0
VERTEX
  8
0
 10
587.244889
 20
366.000000
 42
-0.231849
  0
VERTEX
  8
0
 10
587.514808
 20
365.867729
 42
-0.208269
  0
VERTEX
  8
0
 10
587.592042
 20
365.563778
 42
-0.095981
  0
VERTEX
  8
0
 10
587.414547
 20
365.082328
 42
-0.037052
  0
SEQEND
  0
POLYLINE
  8
0
 66
1
 70
1
  0
VERTEX
  8
0
 10
583.654988
 20
360.171259
 42
0.026218
  0
VERTEX
  8
0
 10
583.021567
 20
359.392974
 42
0.027779
  0
VERTEX
  8
0
 10
582.486153
 20
358.567082
 42
0.028842
  0
VERTEX
  8
0
 10
582.108818
 20
357.809214
 42
0.101418
  0
VERTEX
  8
0
 10
582.000000
 20
357.278248
 42
-0.121039
  0
VERTEX
  8
0
 10
581.889514
 20
356.828529
 42
-0.064858
  0
VERTEX
  8
0
 10
581.559375
 20
356.357523
 42
-0.058669
  0
VERTEX
  8
0
 10
581.073617
 20
355.937704
 42
-0.057338
  0
VERTEX
  8
0
 10
580.500000
 20
355.638374
 42
0.075752
  0
VERTEX
  8
0
 10
579.926576
 20
355.311860
 42
0.064704
  0
VERTEX
  8
0
 10
579.440625
 20
354.813437
 42
0.066827
  0
VERTEX
  8
0
 10
579.111958
 20
354.225921
 42
0.094426
  0
VERTEX
  8
0
 10
579.000000
 20
353.638374
 42
-0.098964
  0
VERTEX
  8
0
 10
578.882090
 20
353.048487
 42
-0.066857
  0
VERTEX
  8
0
 10
578.535350
 20
352.454091
 42
-0.063846
  0
VERTEX
  8
0
 10
578.022923
 20
351.945464
 42
-0.072062
  0
VERTEX
  8
0
 10
577.418213
 20
351.606989
 42
-0.013927
  0
VERTEX
  8
0
 10
575.817658
 20
351.043413
 42
-0.175649
  0
VERTEX
  8
0
 10
575.188252
 20
351.066740
 42
-0.588504
  0
VERTEX
  8
0
 10
575.151839
 20
351.363352
 42
-0.025427
  0
VERTEX
  8
0
 10
576.250000
 20
352.080099
 42
0.040073
  0
VERTEX
  8
0
 10
576.919588
 20
352.545614
 42
0.043627
  0
VERTEX
  8
0
 10
577.485937
 20
353.100102
 42
0.048125
  0
VERTEX
  8
0
 10
577.877475
 20
353.657206
 42
0.129830
  0
VERTEX
  8
0
 10
578.000000
 20
354.121119
 42
-0.088922
  0
VERTEX
  8
0
 10
578.086649
 20
354.604488
 42
-0.034526
  0
VERTEX
  8
0
 10
578.367188
 20
355.226371
 42
-0.032828
  0
VERTEX
  8
0
 10
578.771644
 20
355.873740
 42
-0.034867
  0
VERTEX
  8
0
 10
579.250000
 20
356.448899
 42
0.016123
  0
VERTEX
  8
0
 10
579.832666
 20
357.098369
 42
0.007048
  0
VERTEX
  8
0
 10
580.564848
 20
357.994784
 42
0.006966
  0
VERTEX
  8
0
 10
581.316244
 20
358.969237
 42
0.009243
  0
VERTEX
  8
0
 10
581.970759
 20
359.877471
 42
-0.027441
  0
VERTEX
  8
0
 10
582.602412
 20
360.689950
 42
-0.033013
  0
VERTEX
  8
0
 10
583.283912
 20
361.376507
 42
-0.034982
  0
VERTEX
  8
0
 10
583.919912
 20
361.863173
 42
-0.146848
  0
VERTEX
  8
0
 10
584.375747
 20
362.000000
 42
-0.352249
  0
VERTEX
  8
0
 10
584.579218
 20
361.836349
 42
-0.148968
  0
VERTEX
  8
0
 10
584.549393
 20
361.462807
 42
-0.063492
  0
VERTEX
  8
0
 10
584.226097
 20
360.874168
 42
-0.026632
  0
SEQEND
  0
POLYLINE
  8
0
 66
1
 70
1
  0
VERTEX
  8
0
 10
618.643260
 20
293.487265
 42
-0.089310
  0
VERTEX
  8
0
 10
618.774440
 20
292.798715
 42
-0.056234
  0
VERTEX
  8
0
 10
618.690651
 20
291.982012
 42
-0.054222
  0
VERTEX
  8
0
 10
618.418406
 20
291.168467
 42
-0.065458
  0
VERTEX
  8
0
 10
617.989431
 20
290.487265
 42
0.020865
  0
VERTEX
  8
0
 10
617.380864
 20
289.688394
 42
0.213737
  0
VERTEX
  8
0
 10
617.304983
 20
289.289840
 42
0.306198
  0
VERTEX
  8
0
 10
617.556249
 20
289.058779
 42
0.037334
  0
VERTEX
  8
0
 10
618.342372
 20
289.000000
 42
-0.253927
  0
VERTEX
  8
0
 10
620.458480
 20
287.851254
 42
-0.098416
  0
VERTEX
  8
0
 10
621.736094
 20
284.651687
 42
-0.083858
  0
VERTEX
  8
0
 10
621.800576
 20
280.716848
 42
-0.124797
  0
VERTEX
  8
0
 10
620.468197
 20
277.558870
 42
0.018293
  0
VERTEX
  8
0
 10
619.906151
 20
276.756380
 42
0.021005
  0
VERTEX
  8
0
 10
619.431283
 20
275.950342
 42
0.020657
  0
VERTEX
  8
0
 10
619.089283
 20
275.240687
 42
0.102298
  0
VERTEX
  8
0
 10
619.000000
 20
274.808870
 42
0.368049
  0
VERTEX
  8
0
 10
619.617888
 20
274.083166
 42
0.068404
  0
VERTEX
  8
0
 10
621.511884
 20
274.038549
 42
0.059101
  0
VERTEX
  8
0
 10
623.643776
 20
274.540206
 42
0.133001
  0
VERTEX
  8
0
 10
624.990862
 20
275.488990
 42
-0.097033
  0
VERTEX
  8
0
 10
626.049890
 20
276.353494
 42
-0.228725
  0
VERTEX
  8
0
 10
627.043328
 20
276.394684
 42
-0.210394
  0
VERTEX
  8
0
 10
627.753495
 20
275.628972
 42
-0.084726
  0
VERTEX
  8
0
 10
627.991452
 20
274.190983
 42
-0.292171
  0
VERTEX
  8
0
 10
626.823855
 20
272.383614
 42
-0.034376
  0
VERTEX
  8
0
 10
622.124664
 20
270.614914
 42
-0.038662
  0
VERTEX
  8
0
 10
616.751050
 20
269.447229
 42
-0.076271
  0
VERTEX
  8
0
 10
612.393773
 20
269.515034
 42
-0.008384
  0
VERTEX
  8
0
 10
608.198046
 20
270.298375
 42
-0.061714
  0
VERTEX
  8
0
 10
606.269507
 20
270.947366
 42
-0.149445
  0
VERTEX
  8
0
 10
605.343404
 20
271.800795
 42
-0.133159
  0
VERTEX
  8
0
 10
605.000000
 20
273.067388
 42
-0.153800
  0
VERTEX
  8
0
 10
605.375505
 20
274.259273
 42
-0.176801
  0
VERTEX
  8
0
 10
606.348516
 20
274.939901
 42
-0.173500
  0
VERTEX
  8
0
 10
607.546004
 20
274.840077
 42
-0.148700
  0
VERTEX
  8
0
 10
608.500000
 20
274.000000
 42
0.199721
  0
VERTEX
  8
0
 10
609.427189
 20
273.333908
 42
0.039304
  0
VERTEX
  8
0
 10
611.497148
 20
273.020755
 42
0.040013
  0
VERTEX
  8
0
 10
613.479906
 20
273.037421
 42
0.388556
  0
VERTEX
  8
0
 10
614.000000
 20
273.605644
 42
0.144099
  0
VERTEX
  8
0
 10
613.891723
 20
273.973549
 42
0.009394
  0
VERTEX
  8
0
 10
613.265625
 20
274.906135
 42
0.013041
  0
VERTEX
  8
0
 10
612.457684
 20
276.000141
 42
0.009329
  0
VERTEX
  8
0
 10
611.500000
 20
277.182369
 42
-0.033700
  0
VERTEX
  8
0
 10
610.549912
 20
278.479619
 42
-0.031680
  0
VERTEX
  8
0
 10
609.760868
 20
279.919095
 42
-0.033236
  0
VERTEX
  8
0
 10
609.228261
 20
281.285651
 42
-0.086883
  0
VERTEX
  8
0
 10
609.090188
 20
282.326725
 42
-0.018666
  0
VERTEX
  8
0
 10
609.169414
 20
283.330022
 42
-0.609107
  0
VERTEX
  8
0
 10
609.348580
 20
283.397560
 42
-0.133906
  0
VERTEX
  8
0
 10
609.592494
 20
283.017757
 42
-0.005454
  0
VERTEX
  8
0
 10
610.068277
 20
281.444899
 42
0.045010
  0
VERTEX
  8
0
 10
610.594773
 20
280.098654
 42
0.025507
  0
VERTEX
  8
0
 10
611.455804
 20
278.572830
 42
0.025288
  0
VERTEX
  8
0
 10
612.488613
 20
277.111749
 42
0.037696
  0
VERTEX
  8
0
 10
613.544934
 20
275.957787
 42
0.000000
  0
VERTEX
  8
0
 10
616.133690
 20
273.525777
 42
0.000000
  0
VERTEX
  8
0
 10
618.044609
 20
276.012888
 42
0.018198
  0
VERTEX
  8
0
 10
619.350076
 20
277.846401
 42
0.082999
  0
VERTEX
  8
0
 10
619.878072
 20
279.039204
 42
0.246714
  0
VERTEX
  8
0
 10
619.720900
 20
279.702510
 42
0.216900
  0
VERTEX
  8
0
 10
619.067388
 20
280.000000
 42
0.170109
  0
VERTEX
  8
0
 10
618.664493
 20
279.858844
 42
0.058089
  0
VERTEX
  8
0
 10
618.222265
 20
279.412500
 42
0.049700
  0
VERTEX
  8
0
 10
617.811679
 20
278.765398
 42
0.039709
  0
VERTEX
  8
0
 10
617.500000
 20
278.000000
 42
-0.072406
  0
VERTEX
  8
0
 10
616.782119
 20
276.521022
 42
-0.286679
  0
VERTEX
  8
0
 10
615.898214
 20
276.130568
 42
-0.165729
  0
VERTEX
  8
0
 10
614.755122
 20
276.712507
 42
-0.026234
  0
VERTEX
  8
0
 10
613.072580
 20
278.634859
 42
-0.087910
  0
VERTEX
  8
0
 10
611.770521
 20
281.069238
 42
-0.050479
  0
VERTEX
  8
0
 10
611.058686
 20
284.330409
 42
-0.055784
  0
VERTEX
  8
0
 10
611.051416
 20
287.149453
 42
-0.382673
  0
VERTEX
  8
0
 10
612.000000
 20
288.000000
 42
-0.089443
  0
VERTEX
  8
0
 10
612.381793
 20
287.931152
 42
-0.095162
  0
VERTEX
  8
0
 10
612.706250
 20
287.733751
 42
-0.099841
  0
VERTEX
  8
0
 10
612.923325
 20
287.439407
 42
-0.109540
  0
VERTEX
  8
0
 10
613.000000
 20
287.093620
 42
0.247281
  0
VERTEX
  8
0
 10
613.159772
 20
286.790317
 42
0.105088
  0
VERTEX
  8
0
 10
613.597159
 20
286.609649
 42
0.069387
  0
VERTEX
  8
0
 10
614.253928
 20
286.580893
 42
0.040267
  0
VERTEX
  8
0
 10
615.032882
 20
286.718850
 42
-0.085466
  0
VERTEX
  8
0
 10
615.998264
 20
286.801359
 42
-0.057106
  0
VERTEX
  8
0
 10
617.087937
 20
286.581216
 42
-0.052950
  0
VERTEX
  8
0
 10
618.186336
 20
286.091714
 42
-0.050269
  0
VERTEX
  8
0
 10
619.178391
 20
285.375230
 42
0.001676
  0
VERTEX
  8
0
 10
620.664232
 20
284.065234
 42
0.282576
  0
VERTEX
  8
0
 10
620.867346
 20
284.030694
 42
0.441318
  0
VERTEX
  8
0
 10
620.923855
 20
284.182097
 42
0.002314
  0
VERTEX
  8
0
 10
620.110325
 20
285.750000
 42
0.064824
  0
VERTEX
  8
0
 10
619.409291
 20
286.747241
 42
0.080248
  0
VERTEX
  8
0
 10
618.519582
 20
287.449886
 42
0.075971
  0
VERTEX
  8
0
 10
617.413523
 20
287.861989
 42
0.051295
  0
VERTEX
  8
0
 10
616.071805
 20
288.000000
 42
-0.078887
  0
VERTEX
  8
0
 10
614.278954
 20
288.284637
 42
-0.131186
  0
VERTEX
  8
0
 10
613.003816
 20
289.112395
 42
-0.121659
  0
VERTEX
  8
0
 10
612.250466
 20
290.517981
 42
-0.062551
  0
VERTEX
  8
0
 10
612.000000
 20
292.512237
 42
-0.176344
  0
VERTEX
  8
0
 10
612.276962
 20
293.273104
 42
-0.113913
  0
VERTEX
  8
0
 10
613.033804
 20
293.843401
 42
-0.051814
  0
VERTEX
  8
0
 10
614.506230
 20
294.323791
 42
-0.009821
  0
VERTEX
  8
0
 10
617.281385
 20
294.863818
 42
-0.172493
  0
VERTEX
  8
0
 10
617.623031
 20
294.805498
 42
-0.070130
  0
VERTEX
  8
0
 10
618.003757
 20
294.515631
 42
-0.058067
  0
VERTEX
  8
0
 10
618.363427
 20
294.056042
 42
-0.045437
  0
SEQEND
  0
POLYLINE
  8
0
 66
1
 70
1
  0
VERTEX
  8
0
 10
625.000000
 20
292.122445
 42
-0.117955
  0
VERTEX
  8
0
 10
624.899069
 20
291.700558
 42
-0.036411
  0
VERTEX
  8
0
 10
624.559375
 20
291.136985
 42
-0.034151
  0
VERTEX
  8
0
 10
624.074049
 20
290.541110
 42
-0.031583
  0
VERTEX
  8
0
 10
623.500000
 20
290.000000
 42
-0.027702
  0
VERTEX
  8
0
 10
622.682027
 20
289.394365
 42
-0.285199
  0
VERTEX
  8
0
 10
622.280049
 20
289.383790
 42
-0.243483
  0
VERTEX
  8
0
 10
622.048580
 20
289.749908
 42
-0.021530
  0
VERTEX
  8
0
 10
622.000000
 20
290.877555
 42
-0.064485
  0
VERTEX
  8
0
 10
622.108268
 20
291.713548
 42
-0.089651
  0
VERTEX
  8
0
 10
622.426683
 20
292.396259
 42
-0.107148
  0
VERTEX
  8
0
 10
622.911399
 20
292.840705
 42
-0.132926
  0
VERTEX
  8
0
 10
623.500000
 20
293.000000
 42
-0.056567
  0
VERTEX
  8
0
 10
624.073753
 20
292.934880
 42
-0.075975
  0
VERTEX
  8
0
 10
624.559375
 20
292.742218
 42
-0.095133
  0
VERTEX
  8
0
 10
624.884944
 20
292.457225
 42
-0.167044
  0
SEQEND
  0
POLYLINE
  8
0
 66
1
 70
1
  0
VERTEX
  8
0
 10
609.000000
 20
288.940983
 42
-0.156819
  0
VERTEX
  8
0
 10
608.884600
 20
288.582093
 42
-0.097386
  0
VERTEX
  8
0
 10
608.559375
 20
288.276414
 42
-0.079459
  0
VERTEX
  8
0
 10
608.073598
 20
288.070066
 42
-0.060850
  0
VERTEX
  8
0
 10
607.500000
 20
288.000000
 42
-0.103624
  0
VERTEX
  8
0
 10
606.575357
 20
288.193711
 42
-0.202875
  0
VERTEX
  8
0
 10
606.067517
 20
288.730754
 42
-0.193400
  0
VERTEX
  8
0
 10
606.086489
 20
289.491235
 42
-0.094876
  0
VERTEX
  8
0
 10
606.639480
 20
290.306147
 42
-0.191124
  0
VERTEX
  8
0
 10
607.316568
 20
290.598585
 42
-0.139481
  0
VERTEX
  8
0
 10
608.119339
 20
290.396031
 42
-0.123736
  0
VERTEX
  8
0
 10
608.764316
 20
289.769921
 42
-0.139398
  0
SEQEND
  0
POLYLINE
  8
0
 66
1
 70
1
  0
VERTEX
  8
0
 10
685.000000
 20
288.000000
 42
-0.105053
  0
VERTEX
  8
0
 10
684.918938
 20
287.618444
 42
-0.099167
  0
VERTEX
  8
0
 10
684.688914
 20
287.293750
 42
-0.096420
  0
VERTEX
  8
0
 10
684.345238
 20
287.076123
 42
-0.093332
  0
VERTEX
  8
0
 10
683.940983
 20
287.000000
 42
-0.108972
  0
VERTEX
  8
0
 10
683.586039
 20
287.078288
 42
-0.182303
  0
VERTEX
  8
0
 10
683.374600
 20
287.293750
 42
-0.161196
  0
VERTEX
  8
0
 10
683.343488
 20
287.617900
 42
-0.082592
  0
VERTEX
  8
0
 10
683.500000
 20
288.000000
 42
-0.029505
  0
VERTEX
  8
0
 10
683.768994
 20
288.382774
 42
-0.035638
  0
VERTEX
  8
0
 10
684.066025
 20
288.706250
 42
-0.038439
  0
VERTEX
  8
0
 10
684.348290
 20
288.934461
 42
-0.151918
  0
VERTEX
  8
0
 10
684.559017
 20
289.000000
 42
-0.210953
  0
VERTEX
  8
0
 10
684.727648
 20
288.925540
 42
-0.081139
  0
VERTEX
  8
0
 10
684.870461
 20
288.706250
 42
-0.061769
  0
VERTEX
  8
0
 10
684.967655
 20
288.382849
 42
-0.042167
  0
SEQEND
  0
POLYLINE
  8
0
 66
1
 70
1
  0
VERTEX
  8
0
 10
624.906330
 20
284.750000
 42
-0.040161
  0
VERTEX
  8
0
 10
625.193531
 20
283.742752
 42
-0.072949
  0
VERTEX
  8
0
 10
625.237810
 20
282.889418
 42
-0.095160
  0
VERTEX
  8
0
 10
625.042652
 20
282.219692
 42
-0.127971
  0
VERTEX
  8
0
 10
624.624106
 20
281.749975
 42
0.148100
  0
VERTEX
  8
0
 10
624.330050
 20
281.392488
 42
0.277674
  0
VERTEX
  8
0
 10
624.383153
 20
281.034871
 42
0.123383
  0
VERTEX
  8
0
 10
624.848481
 20
280.691185
 42
0.030798
  0
VERTEX
  8
0
 10
625.750000
 20
280.383343
 42
-0.069692
  0
VERTEX
  8
0
 10
627.066750
 20
279.816297
 42
-0.115599
  0
VERTEX
  8
0
 10
627.925678
 20
278.973405
 42
-0.312383
  0
VERTEX
  8
0
 10
627.899363
 20
278.330560
 42
-0.240678
  0
VERTEX
  8
0
 10
627.250000
 20
278.015313
 42
-0.130677
  0
VERTEX
  8
0
 10
625.787052
 20
278.436460
 42
-0.105183
  0
VERTEX
  8
0
 10
624.585020
 20
279.555759
 42
-0.086341
  0
VERTEX
  8
0
 10
623.773646
 20
281.282926
 42
-0.058117
  0
VERTEX
  8
0
 10
623.445504
 20
283.442187
 42
-0.007695
  0
VERTEX
  8
0
 10
623.392437
 20
286.188205
 42
-0.214330
  0
VERTEX
  8
0
 10
623.676918
 20
286.828093
 42
-0.509579
  0
VERTEX
  8
0
 10
624.096376
 20
286.737647
 42
-0.014455
  0
SEQEND
  0
POLYLINE
  8
0
 66
1
 70
1
  0
VERTEX
  8
0
 10
607.796329
 20
284.045478
 42
-0.017560
  0
VERTEX
  8
0
 10
607.305890
 20
283.318298
 42
-0.030493
  0
VERTEX
  8
0
 10
606.842795
 20
282.756569
 42
-0.033321
  0
VERTEX
  8
0
 10
606.455414
 20
282.392955
 42
-0.385720
  0
VERTEX
  8
0
 10
606.264316
 20
282.402350
 42
-0.276739
  0
VERTEX
  8
0
 10
606.091579
 20
283.091966
 42
-0.045201
  0
VERTEX
  8
0
 10
606.630935
 20
284.423464
 42
-0.045225
  0
VERTEX
  8
0
 10
607.411845
 20
285.653666
 42
-0.232774
  0
VERTEX
  8
0
 10
608.115463
 20
286.000000
 42
-0.312960
  0
VERTEX
  8
0
 10
608.353422
 20
285.834884
 42
-0.130593
  0
VERTEX
  8
0
 10
608.393580
 20
285.425859
 42
-0.067431
  0
VERTEX
  8
0
 10
608.201081
 20
284.795782
 42
-0.031780
  0
SEQEND
  0
POLYLINE
  8
0
 66
1
 70
1
  0
VERTEX
  8
0
 10
682.404988
 20
283.750000
 42
-0.013022
  0
VERTEX
  8
0
 10
681.583938
 20
282.829945
 42
-0.011933
  0
VERTEX
  8
0
 10
680.692403
 20
281.926029
 42
-0.012032
  0
VERTEX
  8
0
 10
679.858206
 20
281.157625
 42
-0.037810
  0
VERTEX
  8
0
 10
679.250000
 20
280.700310
 42
0.071445
  0
VERTEX
  8
0
 10
678.771740
 20
280.287745
 42
0.051951
  0
VERTEX
  8
0
 10
678.367188
 20
279.712055
 42
0.052238
  0
VERTEX
  8
0
 10
678.092289
 20
279.069688
 42
0.075136
  0
VERTEX
  8
0
 10
678.000000
 20
278.459008
 42
-0.117590
  0
VERTEX
  8
0
 10
677.825202
 20
277.726035
 42
-0.027875
  0
VERTEX
  8
0
 10
677.192188
 20
276.630502
 42
-0.027167
  0
VERTEX
  8
0
 10
676.302635
 20
275.420660
 42
-0.023878
  0
VERTEX
  8
0
 10
675.250000
 20
274.258698
 42
0.014968
  0
VERTEX
  8
0
 10
674.021864
 20
272.950611
 42
0.008238
  0
VERTEX
  8
0
 10
672.595164
 20
271.282243
 42
0.008206
  0
VERTEX
  8
0
 10
671.202415
 20
269.540751
 42
0.013015
  0
VERTEX
  8
0
 10
670.073961
 20
268.000000
 42
-0.013398
  0
VERTEX
  8
0
 10
669.048006
 20
266.601445
 42
-0.014379
  0
VERTEX
  8
0
 10
667.971658
 20
265.293216
 42
-0.014036
  0
VERTEX
  8
0
 10
666.986378
 20
264.225546
 42
-0.063604
  0
VERTEX
  8
0
 10
666.323961
 20
263.700310
 42
0.043742
  0
VERTEX
  8
0
 10
665.817441
 20
263.330383
 42
0.045165
  0
VERTEX
  8
0
 10
665.388914
 20
262.881593
 42
0.049427
  0
VERTEX
  8
0
 10
665.093948
 20
262.424697
 42
0.119182
  0
VERTEX
  8
0
 10
665.000000
 20
262.036159
 42
-0.150635
  0
VERTEX
  8
0
 10
664.844949
 20
261.533178
 42
-0.012786
  0
VERTEX
  8
0
 10
664.045313
 20
260.421618
 42
-0.016040
  0
VERTEX
  8
0
 10
662.994854
 20
259.125962
 42
-0.011720
  0
VERTEX
  8
0
 10
661.750000
 20
257.753772
 42
0.006063
  0
VERTEX
  8
0
 10
655.947586
 20
251.501456
 42
0.002158
  0
VERTEX
  8
0
 10
647.805664
 20
242.433679
 42
0.001793
  0
VERTEX
  8
0
 10
639.906246
 20
233.494877
 42
0.012379
  0
VERTEX
  8
0
 10
636.155433
 20
229.000000
 42
-0.021257
  0
VERTEX
  8
0
 10
635.358178
 20
228.078352
 42
-0.035510
  0
VERTEX
  8
0
 10
634.604180
 20
227.384134
 42
-0.041243
  0
VERTEX
  8
0
 10
633.980013
 20
226.965573
 42
-0.334441
  0
VERTEX
  8
0
 10
633.659595
 20
227.009818
 42
-0.335108
  0
VERTEX
  8
0
 10
633.606060
 20
227.385923
 42
-0.016156
  0
VERTEX
  8
0
 10
634.295299
 20
228.541993
 42
-0.020910
  0
VERTEX
  8
0
 10
635.278418
 20
229.943429
 42
-0.012910
  0
VERTEX
  8
0
 10
636.543466
 20
231.509818
 42
-0.000998
  0
VERTEX
  8
0
 10
643.698194
 20
239.881369
 42
-0.002548
  0
VERTEX
  8
0
 10
648.927475
 20
245.912862
 42
-0.003441
  0
VERTEX
  8
0
 10
653.082737
 20
250.591165
 42
-0.005289
  0
VERTEX
  8
0
 10
656.750000
 20
254.577640
 42
0.005875
  0
VERTEX
  8
0
 10
657.995464
 20
255.934703
 42
0.008859
  0
VERTEX
  8
0
 10
659.045313
 20
257.148556
 42
0.004405
  0
VERTEX
  8
0
 10
659.901491
 20
258.193252
 42
0.171075
  0
VERTEX
  8
0
 10
660.000000
 20
258.472737
 42
-0.162907
  0
VERTEX
  8
0
 10
660.089096
 20
258.738935
 42
-0.008191
  0
VERTEX
  8
0
 10
660.660938
 20
259.472202
 42
-0.012438
  0
VERTEX
  8
0
 10
661.387960
 20
260.329088
 42
-0.008623
  0
VERTEX
  8
0
 10
662.250000
 20
261.262419
 42
0.010660
  0
VERTEX
  8
0
 10
664.857577
 20
264.108826
 42
0.007137
  0
VERTEX
  8
0
 10
667.722997
 20
267.469347
 42
0.007017
  0
VERTEX
  8
0
 10
670.325309
 20
270.702336
 42
0.020352
  0
VERTEX
  8
0
 10
672.000000
 20
273.033297
 42
-0.017968
  0
VERTEX
  8
0
 10
672.701634
 20
274.019772
 42
-0.011904
  0
VERTEX
  8
0
 10
673.573438
 20
275.102326
 42
-0.011988
  0
VERTEX
  8
0
 10
674.471794
 20
276.114778
 42
-0.022732
  0
VERTEX
  8
0
 10
675.250000
 20
276.877894
 42
0.028171
  0
VERTEX
  8
0
 10
675.919783
 20
277.549128
 42
0.031168
  0
VERTEX
  8
0
 10
676.485937
 20
278.270127
 42
0.032790
  0
VERTEX
  8
0
 10
676.884849
 20
278.938944
 42
0.118613
  0
VERTEX
  8
0
 10
677.000000
 20
279.417522
 42
-0.176283
  0
VERTEX
  8
0
 10
677.466514
 20
280.699595
 42
-0.017211
  0
VERTEX
  8
0
 10
679.706624
 20
283.190780
 42
-0.016845
  0
VERTEX
  8
0
 10
682.113096
 20
285.525708
 42
-0.186266
  0
VERTEX
  8
0
 10
683.342079
 20
286.000000
 42
-0.397062
  0
VERTEX
  8
0
 10
683.545559
 20
285.808167
 42
-0.113875
  0
VERTEX
  8
0
 10
683.466065
 20
285.339063
 42
-0.053304
  0
VERTEX
  8
0
 10
683.069134
 20
284.614454
 42
-0.023730
  0
SEQEND
  0
POLYLINE
  8
0
 66
1
 70
1
  0
VERTEX
  8
0
 10
608.984687
 20
276.885329
 42
-0.019145
  0
VERTEX
  8
0
 10
608.950318
 20
276.189303
 42
-0.354166
  0
VERTEX
  8
0
 10
608.807273
 20
276.041307
 42
-0.274006
  0
VERTEX
  8
0
 10
608.592750
 20
276.135373
 42
-0.014316
  0
VERTEX
  8
0
 10
608.154738
 20
276.783870
 42
0.111729
  0
VERTEX
  8
0
 10
607.693856
 20
277.242406
 42
0.081428
  0
VERTEX
  8
0
 10
607.025360
 20
277.523322
 42
0.073430
  0
VERTEX
  8
0
 10
606.234499
 20
277.593672
 42
0.064672
  0
VERTEX
  8
0
 10
605.420050
 20
277.439537
 42
-0.004497
  0
VERTEX
  8
0
 10
604.307902
 20
277.086707
 42
-0.312059
  0
VERTEX
  8
0
 10
604.130467
 20
277.142910
 42
-0.406844
  0
VERTEX
  8
0
 10
604.148698
 20
277.302542
 42
-0.005421
  0
VERTEX
  8
0
 10
605.000000
 20
277.981799
 42
0.028294
  0
VERTEX
  8
0
 10
605.687560
 20
278.583853
 42
0.163202
  0
VERTEX
  8
0
 10
605.904074
 20
279.008533
 42
0.265826
  0
VERTEX
  8
0
 10
605.769695
 20
279.353246
 42
0.073631
  0
VERTEX
  8
0
 10
605.250000
 20
279.659464
 42
-0.084831
  0
VERTEX
  8
0
 10
604.772102
 20
279.955580
 42
-0.064863
  0
VERTEX
  8
0
 10
604.367188
 20
280.419796
 42
-0.064615
  0
VERTEX
  8
0
 10
604.093345
 20
280.974355
 42
-0.082594
  0
VERTEX
  8
0
 10
604.000000
 20
281.535584
 42
-0.244203
  0
VERTEX
  8
0
 10
604.200781
 20
281.922162
 42
-0.248744
  0
VERTEX
  8
0
 10
604.629695
 20
281.976120
 42
-0.077963
  0
VERTEX
  8
0
 10
605.389807
 20
281.542865
 42
-0.018437
  0
VERTEX
  8
0
 10
606.500000
 20
280.587580
 42
-0.027496
  0
VERTEX
  8
0
 10
607.455724
 20
279.598819
 42
-0.030596
  0
VERTEX
  8
0
 10
608.261127
 20
278.544314
 42
-0.032087
  0
VERTEX
  8
0
 10
608.826951
 20
277.571783
 42
-0.119016
  0
SEQEND
  0
POLYLINE
  8
0
 66
1
 70
1
  0
VERTEX
  8
0
 10
632.500000
 20
224.397615
 42
0.022829
  0
VERTEX
  8
0
 10
631.743646
 20
223.758676
 42
0.030869
  0
VERTEX
  8
0
 10
631.125872
 20
223.111273
 42
0.031631
  0
VERTEX
  8
0
 10
630.699812
 20
222.535463
 42
0.193288
  0
VERTEX
  8
0
 10
630.630629
 20
222.179418
 42
-0.191754
  0
VERTEX
  8
0
 10
630.556861
 20
221.793686
 42
-0.020334
  0
VERTEX
  8
0
 10
630.023576
 20
221.028279
 42
-0.022785
  0
VERTEX
  8
0
 10
629.282972
 20
220.139586
 42
-0.016380
  0
VERTEX
  8
0
 10
628.380629
 20
219.214724
 42
-0.018183
  0
VERTEX
  8
0
 10
627.466004
 20
218.398508
 42
-0.039945
  0
VERTEX
  8
0
 10
626.699310
 20
217.859914
 42
-0.078493
  0
VERTEX
  8
0
 10
626.190394
 20
217.659072
 42
-0.479980
  0
VERTEX
  8
0
 10
626.000000
 20
217.811714
 42
-0.135453
  0
VERTEX
  8
0
 10
626.208690
 20
218.567918
 42
-0.021975
  0
VERTEX
  8
0
 10
627.055279
 20
219.853127
 42
-0.015301
  0
VERTEX
  8
0
 10
628.504460
 20
221.731903
 42
-0.003691
  0
VERTEX
  8
0
 10
631.020889
 20
224.750000
 42
-0.051005
  0
VERTEX
  8
0
 10
631.515162
 20
225.225927
 42
-0.042968
  0
VERTEX
  8
0
 10
632.123682
 20
225.623470
 42
-0.044908
  0
VERTEX
  8
0
 10
632.748997
 20
225.890100
 42
-0.085095
  0
VERTEX
  8
0
 10
633.289427
 20
225.968197
 42
-0.266107
  0
VERTEX
  8
0
 10
633.550827
 20
225.809214
 42
-0.247358
  0
VERTEX
  8
0
 10
633.556894
 20
225.493719
 42
-0.084160
  0
VERTEX
  8
0
 10
633.188610
 20
224.992489
 42
-0.028358
  0
SEQEND
  0
POLYLINE
  8
0
 66
1
 70
1
  0
VERTEX
  8
0
 10
656.229167
 20
1370.812500
 42
0.083716
  0
VERTEX
  8
0
 10
656.486119
 20
1370.329360
 42
0.051259
  0
VERTEX
  8
0
 10
656.930990
 20
1369.859668
 42
0.049672
  0
VERTEX
  8
0
 10
657.483253
 20
1369.472989
 42
0.061964
  0
VERTEX
  8
0
 10
658.062500
 20
1369.236369
 42
0.006245
  0
VERTEX
  8
0
 10
658.883463
 20
1369.025388
 42
0.463998
  0
VERTEX
  8
0
 10
658.981894
 20
1369.097126
 42
0.259758
  0
VERTEX
  8
0
 10
658.910906
 20
1369.249429
 42
0.004118
  0
VERTEX
  8
0
 10
658.104853
 20
1369.822592
 42
-0.032742
  0
VERTEX
  8
0
 10
657.436316
 20
1370.358083
 42
-0.298389
  0
VERTEX
  8
0
 10
657.348381
 20
1370.702414
 42
-0.229818
  0
VERTEX
  8
0
 10
657.632069
 20
1370.988203
 42
-0.021658
  0
VERTEX
  8
0
 10
658.604853
 20
1371.282722
 42
0.006467
  0
VERTEX
  8
0
 10
659.640866
 20
1371.562331
 42
0.521889
  0
VERTEX
  8
0
 10
659.687340
 20
1371.697028
 42
0.222710
  0
VERTEX
  8
0
 10
659.484252
 20
1371.808705
 42
0.003705
  0
VERTEX
  8
0
 10
658.166667
 20
1371.883999
 42
0.042093
  0
VERTEX
  8
0
 10
657.244487
 20
1371.852206
 42
0.096945
  0
VERTEX
  8
0
 10
656.586756
 20
1371.640151
 42
0.161951
  0
VERTEX
  8
0
 10
656.252833
 20
1371.277744
 42
0.188473
  0
SEQEND
  0
POLYLINE
  8
0
 66
1
 70
1
  0
VERTEX
  8
0
 10
679.458881
 20
1370.933469
 42
0.049364
  0
VERTEX
  8
0
 10
679.242038
 20
1370.490157
 42
0.059701
  0
VERTEX
  8
0
 10
679.133355
 20
1370.040231
 42
0.070517
  0
VERTEX
  8
0
 10
679.142323
 20
1369.651151
 42
0.156651
  0
VERTEX
  8
0
 10
679.276326
 20
1369.390341
 42
0.281567
  0
VERTEX
  8
0
 10
679.505460
 20
1369.335123
 42
0.118528
  0
VERTEX
  8
0
 10
679.786868
 20
1369.507038
 42
0.069269
  0
VERTEX
  8
0
 10
680.083816
 20
1369.899181
 42
0.035865
  0
VERTEX
  8
0
 10
680.345077
 20
1370.456872
 42
0.029555
  0
VERTEX
  8
0
 10
680.696703
 20
1371.564815
 42
0.344086
  0
VERTEX
  8
0
 10
680.525317
 20
1371.954259
 42
0.361950
  0
VERTEX
  8
0
 10
680.120758
 20
1371.871774
 42
0.030391
  0
SEQEND
  0
POLYLINE
  8
0
 66
1
 70
1
  0
VERTEX
  8
0
 10
651.812500
 20
1370.316886
 42
0.051402
  0
VERTEX
  8
0
 10
652.359369
 20
1370.160852
 42
0.054150
  0
VERTEX
  8
0
 10
652.916927
 20
1370.123424
 42
0.060344
  0
VERTEX
  8
0
 10
653.402231
 20
1370.202593
 42
0.126455
  0
VERTEX
  8
0
 10
653.729167
 20
1370.395833
 42
0.296942
  0
VERTEX
  8
0
 10
653.775380
 20
1370.614691
 42
0.208169
  0
VERTEX
  8
0
 10
653.592839
 20
1370.799335
 42
0.077125
  0
VERTEX
  8
0
 10
653.112848
 20
1370.910055
 42
0.028489
  0
VERTEX
  8
0
 10
652.416667
 20
1370.921053
 42
0.018894
  0
VERTEX
  8
0
 10
651.670344
 20
1370.862007
 42
0.168741
  0
VERTEX
  8
0
 10
651.378580
 20
1370.720685
 42
0.470617
  0
VERTEX
  8
0
 10
651.395823
 20
1370.538436
 42
0.054073
  0
SEQEND
  0
POLYLINE
  8
0
 66
1
 70
1
  0
VERTEX
  8
0
 10
698.078947
 20
1360.416667
 42
0.018894
  0
VERTEX
  8
0
 10
698.137993
 20
1359.670344
 42
0.168741
  0
VERTEX
  8
0
 10
698.279315
 20
1359.378580
 42
0.470617
  0
VERTEX
  8
0
 10
698.461564
 20
1359.395823
 42
0.054073
  0
VERTEX
  8
0
 10
698.683114
 20
1359.812500
 42
0.051402
  0
VERTEX
  8
0
 10
698.839148
 20
1360.359369
 42
0.054150
  0
VERTEX
  8
0
 10
698.876576
 20
1360.916927
 42
0.060344
  0
VERTEX
  8
0
 10
698.797407
 20
1361.402231
 42
0.126455
  0
VERTEX
  8
0
 10
698.604167
 20
1361.729167
 42
0.296942
  0
VERTEX
  8
0
 10
698.385309
 20
1361.775380
 42
0.208169
  0
VERTEX
  8
0
 10
698.200665
 20
1361.592839
 42
0.077125
  0
VERTEX
  8
0
 10
698.089945
 20
1361.112848
 42
0.028489
  0
SEQEND
  0
POLYLINE
  8
0
 66
1
 70
1
  0
VERTEX
  8
0
 10
753.000000
 20
1242.665555
 42
-0.342205
  0
VERTEX
  8
0
 10
752.767745
 20
1242.365943
 42
-0.048237
  0
VERTEX
  8
0
 10
751.942960
 20
1242.236610
 42
-0.038615
  0
VERTEX
  8
0
 10
750.781227
 20
1242.257581
 42
-0.022555
  0
VERTEX
  8
0
 10
749.401565
 20
1242.452489
 42
0.016716
  0
VERTEX
  8
0
 10
747.910546
 20
1242.680912
 42
0.054944
  0
VERTEX
  8
0
 10
746.916249
 20
1242.689674
 42
0.155776
  0
VERTEX
  8
0
 10
746.459123
 20
1242.490975
 42
0.366522
  0
VERTEX
  8
0
 10
746.407796
 20
1242.149190
 42
-0.123918
  0
VERTEX
  8
0
 10
746.540685
 20
1241.730005
 42
-0.113661
  0
VERTEX
  8
0
 10
746.465823
 20
1241.282995
 42
-0.101937
  0
VERTEX
  8
0
 10
746.190214
 20
1240.876183
 42
-0.082400
  0
VERTEX
  8
0
 10
745.756231
 20
1240.574322
 42
0.085832
  0
VERTEX
  8
0
 10
745.494286
 20
1240.389462
 42
0.605411
  0
VERTEX
  8
0
 10
745.529955
 20
1240.275676
 42
0.078166
  0
VERTEX
  8
0
 10
745.944626
 20
1240.266459
 42
0.012417
  0
VERTEX
  8
0
 10
746.750000
 20
1240.395292
 42
-0.037357
  0
VERTEX
  8
0
 10
747.612086
 20
1240.489438
 42
-0.062096
  0
VERTEX
  8
0
 10
748.339062
 20
1240.423880
 42
-0.089981
  0
VERTEX
  8
0
 10
748.828771
 20
1240.220608
 42
-0.254775
  0
VERTEX
  8
0
 10
749.000000
 20
1239.906380
 42
-0.266719
  0
VERTEX
  8
0
 10
748.799619
 20
1239.557463
 42
-0.057372
  0
VERTEX
  8
0
 10
748.136086
 20
1239.266249
 42
-0.045586
  0
VERTEX
  8
0
 10
747.185805
 20
1239.065844
 42
-0.029193
  0
VERTEX
  8
0
 10
746.059017
 20
1239.000000
 42
0.031397
  0
VERTEX
  8
0
 10
744.887885
 20
1238.926388
 42
0.037109
  0
VERTEX
  8
0
 10
743.800400
 20
1238.706250
 42
0.040338
  0
VERTEX
  8
0
 10
742.934161
 20
1238.385578
 42
0.146547
  0
VERTEX
  8
0
 10
742.500000
 20
1238.000000
 42
-0.195430
  0
VERTEX
  8
0
 10
741.460363
 20
1237.240031
 42
-0.068302
  0
VERTEX
  8
0
 10
739.583448
 20
1237.034937
 42
-0.065663
  0
VERTEX
  8
0
 10
737.604644
 20
1237.351614
 42
-0.124531
  0
VERTEX
  8
0
 10
736.227126
 20
1238.172874
 42
0.093431
  0
VERTEX
  8
0
 10
735.510270
 20
1238.662331
 42
0.113234
  0
VERTEX
  8
0
 10
734.712303
 20
1238.813520
 42
0.077272
  0
VERTEX
  8
0
 10
733.699814
 20
1238.616174
 42
0.024546
  0
VERTEX
  8
0
 10
732.277126
 20
1238.021672
 42
-0.046443
  0
VERTEX
  8
0
 10
730.087228
 20
1237.217131
 42
-0.030143
  0
VERTEX
  8
0
 10
727.441388
 20
1236.683567
 42
-0.015509
  0
VERTEX
  8
0
 10
723.373171
 20
1236.243684
 42
-0.002561
  0
VERTEX
  8
0
 10
715.500000
 20
1235.679238
 42
0.017268
  0
VERTEX
  8
0
 10
713.391917
 20
1235.465637
 42
0.042904
  0
VERTEX
  8
0
 10
711.880120
 20
1235.125555
 42
0.068041
  0
VERTEX
  8
0
 10
710.963328
 20
1234.690699
 42
0.309876
  0
VERTEX
  8
0
 10
710.750000
 20
1234.173257
 42
-0.136601
  0
VERTEX
  8
0
 10
710.722461
 20
1233.726620
 42
-0.127416
  0
VERTEX
  8
0
 10
710.468601
 20
1233.344644
 42
-0.107196
  0
VERTEX
  8
0
 10
710.017866
 20
1233.088252
 42
-0.076048
  0
VERTEX
  8
0
 10
709.440983
 20
1233.000000
 42
0.057279
  0
VERTEX
  8
0
 10
708.883110
 20
1232.935881
 42
0.123316
  0
VERTEX
  8
0
 10
708.500835
 20
1232.739646
 42
0.190626
  0
VERTEX
  8
0
 10
708.351835
 20
1232.449499
 42
0.164268
  0
VERTEX
  8
0
 10
708.429736
 20
1232.113690
 42
-0.391536
  0
VERTEX
  8
0
 10
708.287267
 20
1231.383932
 42
-0.058447
  0
VERTEX
  8
0
 10
706.862990
 20
1230.578145
 42
-0.050998
  0
VERTEX
  8
0
 10
704.961462
 20
1229.997864
 42
-0.079050
  0
VERTEX
  8
0
 10
703.250000
 20
1229.935350
 42
0.065579
  0
VERTEX
  8
0
 10
702.772070
 20
1229.930710
 42
0.091272
  0
VERTEX
  8
0
 10
702.367188
 20
1229.795312
 42
0.113623
  0
VERTEX
  8
0
 10
702.097903
 20
1229.553822
 42
0.154585
  0
VERTEX
  8
0
 10
702.000000
 20
1229.244725
 42
-0.242547
  0
VERTEX
  8
0
 10
701.794638
 20
1228.846286
 42
-0.026627
  0
VERTEX
  8
0
 10
700.898438
 20
1228.277215
 42
-0.027790
  0
VERTEX
  8
0
 10
699.686677
 20
1227.681465
 42
-0.018889
  0
VERTEX
  8
0
 10
698.250000
 20
1227.134788
 42
0.014646
  0
VERTEX
  8
0
 10
693.463596
 20
1225.359834
 42
0.045244
  0
VERTEX
  8
0
 10
690.398771
 20
1223.784348
 42
0.074120
  0
VERTEX
  8
0
 10
688.627933
 20
1222.252315
 42
0.174680
  0
VERTEX
  8
0
 10
688.015313
 20
1220.643011
 42
0.172442
  0
VERTEX
  8
0
 10
688.111416
 20
1220.356525
 42
0.152671
  0
VERTEX
  8
0
 10
688.371686
 20
1220.177467
 42
0.106686
  0
VERTEX
  8
0
 10
688.772608
 20
1220.142483
 42
0.059577
  0
VERTEX
  8
0
 10
689.250000
 20
1220.261610
 42
-0.095295
  0
VERTEX
  8
0
 10
689.900735
 20
1220.375687
 42
-0.031925
  0
VERTEX
  8
0
 10
690.867188
 20
1220.297909
 42
-0.030423
  0
VERTEX
  8
0
 10
691.951107
 20
1220.072583
 42
-0.030396
  0
VERTEX
  8
0
 10
693.000000
 20
1219.717335
 42
0.029134
  0
VERTEX
  8
0
 10
694.093460
 20
1219.343916
 42
0.023047
  0
VERTEX
  8
0
 10
695.311798
 20
1219.065395
 42
0.023589
  0
VERTEX
  8
0
 10
696.469757
 20
1218.912251
 42
0.052247
  0
VERTEX
  8
0
 10
697.359311
 20
1218.930113
 42
-0.037909
  0
VERTEX
  8
0
 10
698.159856
 20
1218.969125
 42
-0.183611
  0
VERTEX
  8
0
 10
698.573344
 20
1218.799030
 42
-0.272960
  0
VERTEX
  8
0
 10
698.674667
 20
1218.452442
 42
-0.076412
  0
VERTEX
  8
0
 10
698.445266
 20
1217.911438
 42
0.043054
  0
VERTEX
  8
0
 10
698.167087
 20
1217.360426
 42
0.357672
  0
VERTEX
  8
0
 10
698.245389
 20
1217.112161
 42
0.220691
  0
VERTEX
  8
0
 10
698.576329
 20
1217.064217
 42
0.023053
  0
VERTEX
  8
0
 10
699.335955
 20
1217.330061
 42
0.003197
  0
VERTEX
  8
0
 10
700.093478
 20
1217.635037
 42
-0.000000
  0
VERTEX
  8
0
 10
701.000000
 20
1218.000000
 42
0.000000
  0
VERTEX
  8
0
 10
701.906522
 20
1218.364963
 42
-0.003197
  0
VERTEX
  8
0
 10
702.664045
 20
1218.669939
 42
-0.032198
  0
VERTEX
  8
0
 10
703.279874
 20
1218.872904
 42
-0.123820
  0
VERTEX
  8
0
 10
703.679906
 20
1218.875948
 42
-0.328005
  0
VERTEX
  8
0
 10
703.824909
 20
1218.703139
 42
-0.155691
  0
VERTEX
  8
0
 10
703.750585
 20
1218.405454
 42
0.566393
  0
VERTEX
  8
0
 10
704.137190
 20
1217.657583
 42
0.028594
  0
VERTEX
  8
0
 10
707.505940
 20
1217.637934
 42
0.029039
  0
VERTEX
  8
0
 10
711.321053
 20
1218.056979
 42
0.081162
  0
VERTEX
  8
0
 10
713.859678
 20
1218.924902
 42
-0.038695
  0
VERTEX
  8
0
 10
714.770040
 20
1219.324961
 42
-0.042828
  0
VERTEX
  8
0
 10
715.701019
 20
1219.563762
 42
-0.047287
  0
VERTEX
  8
0
 10
716.519389
 20
1219.621951
 42
-0.133295
  0
VERTEX
  8
0
 10
717.064472
 20
1219.460154
 42
0.107649
  0
VERTEX
  8
0
 10
717.545571
 20
1219.290458
 42
0.068580
  0
VERTEX
  8
0
 10
718.141383
 20
1219.297797
 42
0.064054
  0
VERTEX
  8
0
 10
718.756242
 20
1219.472737
 42
0.067839
  0
VERTEX
  8
0
 10
719.293805
 20
1219.795406
 42
-0.109593
  0
VERTEX
  8
0
 10
721.023194
 20
1220.647399
 42
-0.019842
  0
VERTEX
  8
0
 10
724.554425
 20
1221.362337
 42
-0.016348
  0
VERTEX
  8
0
 10
729.546033
 20
1222.001675
 42
-0.006320
  0
VERTEX
  8
0
 10
736.500000
 20
1222.573581
 42
0.008085
  0
VERTEX
  8
0
 10
739.773154
 20
1222.854407
 42
0.008410
  0
VERTEX
  8
0
 10
742.992632
 20
1223.237963
 42
0.008163
  0
VERTEX
  8
0
 10
745.763661
 20
1223.661647
 42
0.035940
  0
VERTEX
  8
0
 10
747.368534
 20
1224.054210
 42
-0.036457
  0
VERTEX
  8
0
 10
748.642015
 20
1224.364319
 42
-0.026158
  0
VERTEX
  8
0
 10
750.097807
 20
1224.530528
 42
-0.026574
  0
VERTEX
  8
0
 10
751.508048
 20
1224.542149
 42
-0.050295
  0
VERTEX
  8
0
 10
752.631520
 20
1224.377634
 42
0.051619
  0
VERTEX
  8
0
 10
753.648497
 20
1224.231459
 42
0.044997
  0
VERTEX
  8
0
 10
754.723097
 20
1224.285582
 42
0.047397
  0
VERTEX
  8
0
 10
755.693701
 20
1224.517946
 42
0.091006
  0
VERTEX
  8
0
 10
756.389361
 20
1224.908178
 42
-0.164076
  0
VERTEX
  8
0
 10
758.291617
 20
1225.640463
 42
-0.032219
  0
VERTEX
  8
0
 10
762.005613
 20
1225.558005
 42
-0.031131
  0
VERTEX
  8
0
 10
766.504295
 20
1224.883360
 42
-0.024759
  0
VERTEX
  8
0
 10
771.250000
 20
1223.617818
 42
0.019376
  0
VERTEX
  8
0
 10
774.409083
 20
1222.738866
 42
0.168469
  0
VERTEX
  8
0
 10
775.838368
 20
1222.883985
 42
0.583387
  0
VERTEX
  8
0
 10
775.891355
 20
1223.548442
 42
0.036209
  0
VERTEX
  8
0
 10
773.750000
 20
1224.779505
 42
-0.004996
  0
VERTEX
  8
0
 10
772.393033
 20
1225.450740
 42
-0.208873
  0
VERTEX
  8
0
 10
772.190619
 20
1225.696184
 42
-0.473372
  0
VERTEX
  8
0
 10
772.309915
 20
1225.868167
 42
-0.011225
  0
VERTEX
  8
0
 10
773.421259
 20
1225.932320
 42
-0.062116
  0
VERTEX
  8
0
 10
774.272061
 20
1225.856519
 42
-0.037716
  0
VERTEX
  8
0
 10
775.241904
 20
1225.568870
 42
-0.037292
  0
VERTEX
  8
0
 10
776.176018
 20
1225.131075
 42
-0.053210
  0
VERTEX
  8
0
 10
776.921259
 20
1224.600004
 42
0.082493
  0
VERTEX
  8
0
 10
777.849275
 20
1224.017086
 42
0.022558
  0
VERTEX
  8
0
 10
779.478069
 20
1223.420448
 42
0.022166
  0
VERTEX
  8
0
 10
781.413481
 20
1222.902071
 42
0.021453
  0
VERTEX
  8
0
 10
783.408339
 20
1222.550447
 42
-0.013252
  0
VERTEX
  8
0
 10
785.422552
 20
1222.229368
 42
-0.013274
  0
VERTEX
  8
0
 10
787.415841
 20
1221.802167
 42
-0.013205
  0
VERTEX
  8
0
 10
789.133023
 20
1221.337851
 42
-0.050270
  0
VERTEX
  8
0
 10
790.158339
 20
1220.915260
 42
0.027480
  0
VERTEX
  8
0
 10
790.998066
 20
1220.523568
 42
0.110227
  0
VERTEX
  8
0
 10
791.554001
 20
1220.432748
 42
0.231456
  0
VERTEX
  8
0
 10
791.872567
 20
1220.612003
 42
0.151994
  0
VERTEX
  8
0
 10
792.000000
 20
1221.021520
 42
-0.282579
  0
VERTEX
  8
0
 10
792.185343
 20
1221.323282
 42
-0.170465
  0
VERTEX
  8
0
 10
792.615293
 20
1221.380155
 42
-0.074342
  0
VERTEX
  8
0
 10
793.318081
 20
1221.119963
 42
-0.027012
  0
VERTEX
  8
0
 10
794.222506
 20
1220.556704
 42
0.037120
  0
VERTEX
  8
0
 10
795.222104
 20
1219.961846
 42
0.028677
  0
VERTEX
  8
0
 10
796.387728
 20
1219.461780
 42
0.029395
  0
VERTEX
  8
0
 10
797.536498
 20
1219.120031
 42
0.059553
  0
VERTEX
  8
0
 10
798.472506
 20
1219.015313
 42
0.011461
  0
VERTEX
  8
0
 10
799.572608
 20
1219.048847
 42
0.262172
  0
VERTEX
  8
0
 10
799.829324
 20
1219.212020
 42
0.370962
  0
VERTEX
  8
0
 10
799.773822
 20
1219.461793
 42
0.016990
  0
VERTEX
  8
0
 10
799.000000
 20
1220.000000
 42
-0.083823
  0
VERTEX
  8
0
 10
798.315796
 20
1220.625981
 42
-0.505474
  0
VERTEX
  8
0
 10
798.425861
 20
1221.018353
 42
-0.100275
  0
VERTEX
  8
0
 10
799.411349
 20
1221.178804
 42
-0.010586
  0
VERTEX
  8
0
 10
801.750000
 20
1221.039125
 42
0.087017
  0
VERTEX
  8
0
 10
803.386846
 20
1221.191413
 42
0.373634
  0
VERTEX
  8
0
 10
803.888425
 20
1221.941697
 42
0.167050
  0
VERTEX
  8
0
 10
803.265774
 20
1223.208279
 42
0.029404
  0
VERTEX
  8
0
 10
801.250000
 20
1224.990767
 42
-0.006937
  0
VERTEX
  8
0
 10
800.267087
 20
1225.784209
 42
-0.024746
  0
VERTEX
  8
0
 10
799.671635
 20
1226.330637
 42
-0.275383
  0
VERTEX
  8
0
 10
799.635313
 20
1226.478183
 42
-0.465533
  0
VERTEX
  8
0
 10
799.738546
 20
1226.522235
 42
0.062776
  0
VERTEX
  8
0
 10
800.243545
 20
1226.342082
 42
0.304148
  0
VERTEX
  8
0
 10
800.512781
 20
1226.447512
 42
0.210332
  0
VERTEX
  8
0
 10
800.580100
 20
1226.793030
 42
0.036068
  0
VERTEX
  8
0
 10
800.381557
 20
1227.448062
 42
0.054677
  0
VERTEX
  8
0
 10
800.075833
 20
1228.041590
 42
0.057400
  0
VERTEX
  8
0
 10
799.652928
 20
1228.544118
 42
0.064017
  0
VERTEX
  8
0
 10
799.182550
 20
1228.886138
 42
0.125867
  0
VERTEX
  8
0
 10
798.737402
 20
1229.000000
 42
-0.116059
  0
VERTEX
  8
0
 10
798.145524
 20
1229.139262
 42
-0.015850
  0
VERTEX
  8
0
 10
797.019323
 20
1229.745569
 42
-0.017524
  0
VERTEX
  8
0
 10
795.712089
 20
1230.566244
 42
-0.013989
  0
VERTEX
  8
0
 10
794.361153
 20
1231.538106
 42
0.007385
  0
VERTEX
  8
0
 10
792.593605
 20
1232.845443
 42
0.087394
  0
VERTEX
  8
0
 10
791.827341
 20
1233.213436
 42
0.495609
  0
VERTEX
  8
0
 10
791.559795
 20
1233.011359
 42
0.088656
  0
VERTEX
  8
0
 10
791.686327
 20
1232.288106
 42
-0.009748
  0
VERTEX
  8
0
 10
792.064471
 20
1231.186100
 42
-0.472062
  0
VERTEX
  8
0
 10
791.953606
 20
1231.013531
 42
-0.204732
  0
VERTEX
  8
0
 10
791.654834
 20
1231.101462
 42
-0.004105
  0
VERTEX
  8
0
 10
790.419565
 20
1232.138372
 42
0.037685
  0
VERTEX
  8
0
 10
789.194019
 20
1233.034182
 42
0.005032
  0
VERTEX
  8
0
 10
786.455791
 20
1234.697211
 42
0.005798
  0
VERTEX
  8
0
 10
783.161538
 20
1236.601514
 42
0.004844
  0
VERTEX
  8
0
 10
779.621425
 20
1238.548622
 42
0.007190
  0
VERTEX
  8
0
 10
775.030629
 20
1240.931550
 42
0.031508
  0
VERTEX
  8
0
 10
772.218709
 20
1242.125087
 42
0.056804
  0
VERTEX
  8
0
 10
770.331498
 20
1242.556884
 42
0.169005
  0
VERTEX
  8
0
 10
769.056134
 20
1242.267129
 42
-0.059915
  0
VERTEX
  8
0
 10
768.174716
 20
1241.853723
 42
-0.082188
  0
VERTEX
  8
0
 10
767.310881
 20
1241.718864
 42
-0.077828
  0
VERTEX
  8
0
 10
766.414564
 20
1241.867639
 42
-0.048001
  0
VERTEX
  8
0
 10
765.434710
 20
1242.300236
 42
0.099559
  0
VERTEX
  8
0
 10
762.925384
 20
1243.112961
 42
0.021350
  0
VERTEX
  8
0
 10
758.338571
 20
1243.444077
 42
0.014499
  0
VERTEX
  8
0
 10
753.758224
 20
1243.445796
 42
0.405856
  0
SEQEND
  0
POLYLINE
  8
0
 66
1
 70
1
  0
VERTEX
  8
0
 10
775.506089
 20
1237.990147
 42
-0.516139
  0
VERTEX
  8
0
 10
775.410965
 20
1237.764764
 42
-0.111814
  0
VERTEX
  8
0
 10
774.904544
 20
1237.766908
 42
-0.039144
  0
VERTEX
  8
0
 10
773.899588
 20
1238.083495
 42
-0.015386
  0
VERTEX
  8
0
 10
772.569502
 20
1238.668248
 42
-0.017912
  0
VERTEX
  8
0
 10
771.202136
 20
1239.381488
 42
-0.025590
  0
VERTEX
  8
0
 10
770.048541
 20
1240.117298
 42
-0.023712
  0
VERTEX
  8
0
 10
769.191820
 20
1240.790985
 42
-0.217593
  0
VERTEX
  8
0
 10
769.000000
 20
1241.210892
 42
-0.525914
  0
VERTEX
  8
0
 10
769.525272
 20
1241.572158
 42
-0.023457
  0
VERTEX
  8
0
 10
771.915636
 20
1240.525369
 42
-0.026078
  0
VERTEX
  8
0
 10
774.350927
 20
1239.157366
 42
-0.113804
  0
SEQEND
  0
POLYLINE
  8
0
 66
1
 70
1
  0
VERTEX
  8
0
 10
720.916667
 20
1233.632660
 42
-0.136785
  0
VERTEX
  8
0
 10
719.504490
 20
1232.949314
 42
-0.023346
  0
VERTEX
  8
0
 10
716.516363
 20
1232.552227
 42
-0.018548
  0
VERTEX
  8
0
 10
713.552037
 20
1232.408824
 42
-0.417512
  0
VERTEX
  8
0
 10
713.000000
 20
1232.954687
 42
-0.295413
  0
VERTEX
  8
0
 10
713.261923
 20
1233.359315
 42
-0.044033
  0
VERTEX
  8
0
 10
714.223958
 20
1233.692939
 42
-0.037791
  0
VERTEX
  8
0
 10
715.569855
 20
1233.924326
 42
-0.023682
  0
VERTEX
  8
0
 10
717.166667
 20
1234.000000
 42
-0.008286
  0
VERTEX
  8
0
 10
718.736592
 20
1233.973980
 42
-0.016127
  0
VERTEX
  8
0
 10
719.986979
 20
1233.892094
 42
-0.015691
  0
VERTEX
  8
0
 10
720.875028
 20
1233.776874
 42
-0.633455
  0
SEQEND
  0
POLYLINE
  8
0
 66
1
 70
1
  0
VERTEX
  8
0
 10
508.500000
 20
1242.268316
 42
0.025668
  0
VERTEX
  8
0
 10
507.697713
 20
1242.023518
 42
0.027208
  0
VERTEX
  8
0
 10
506.940625
 20
1241.701746
 42
0.028179
  0
VERTEX
  8
0
 10
506.324131
 20
1241.354777
 42
0.100238
  0
VERTEX
  8
0
 10
506.000000
 20
1241.041246
 42
-0.124950
  0
VERTEX
  8
0
 10
504.701190
 20
1239.902163
 42
-0.007343
  0
VERTEX
  8
0
 10
499.950835
 20
1237.568242
 42
-0.008228
  0
VERTEX
  8
0
 10
495.171033
 20
1235.401909
 42
-0.102628
  0
VERTEX
  8
0
 10
493.233563
 20
1235.000000
 42
0.126384
  0
VERTEX
  8
0
 10
488.927959
 20
1233.894014
 42
0.024186
  0
VERTEX
  8
0
 10
481.994221
 20
1229.631134
 42
0.020368
  0
VERTEX
  8
0
 10
475.719738
 20
1224.956331
 42
0.488985
  0
VERTEX
  8
0
 10
475.757504
 20
1223.054379
 42
-0.059010
  0
VERTEX
  8
0
 10
476.116771
 20
1222.713439
 42
-0.014746
  0
VERTEX
  8
0
 10
476.616294
 20
1222.075349
 42
-0.014860
  0
VERTEX
  8
0
 10
477.148057
 20
1221.306322
 42
-0.014452
  0
VERTEX
  8
0
 10
477.638390
 20
1220.500000
 42
0.068525
  0
VERTEX
  8
0
 10
478.217748
 20
1219.744652
 42
0.066414
  0
VERTEX
  8
0
 10
478.985374
 20
1219.164688
 42
0.070474
  0
VERTEX
  8
0
 10
479.830886
 20
1218.833158
 42
0.099105
  0
VERTEX
  8
0
 10
480.638390
 20
1218.804559
 42
-0.000555
  0
VERTEX
  8
0
 10
481.528414
 20
1218.949152
 42
-0.000256
  0
VERTEX
  8
0
 10
482.687527
 20
1219.135532
 42
-0.000253
  0
VERTEX
  8
0
 10
483.906810
 20
1219.330315
 42
-0.000351
  0
VERTEX
  8
0
 10
485.000000
 20
1219.503599
 42
0.015791
  0
VERTEX
  8
0
 10
486.294635
 20
1219.750010
 42
0.004751
  0
VERTEX
  8
0
 10
488.247195
 20
1220.205466
 42
0.004756
  0
VERTEX
  8
0
 10
490.429293
 20
1220.758411
 42
0.005146
  0
VERTEX
  8
0
 10
492.543641
 20
1221.338982
 42
-0.032041
  0
VERTEX
  8
0
 10
495.103485
 20
1221.895879
 42
-0.011689
  0
VERTEX
  8
0
 10
498.784828
 20
1222.365098
 42
-0.011534
  0
VERTEX
  8
0
 10
502.846030
 20
1222.692038
 42
-0.013525
  0
VERTEX
  8
0
 10
506.707674
 20
1222.808749
 42
0.008368
  0
VERTEX
  8
0
 10
510.334451
 20
1222.880931
 42
0.010530
  0
VERTEX
  8
0
 10
513.688266
 20
1223.074636
 42
0.008822
  0
VERTEX
  8
0
 10
516.478273
 20
1223.344416
 42
0.078444
  0
VERTEX
  8
0
 10
517.664033
 20
1223.673361
 42
-0.097889
  0
VERTEX
  8
0
 10
519.964583
 20
1224.216924
 42
-0.011182
  0
VERTEX
  8
0
 10
525.321887
 20
1224.294614
 42
-0.010664
  0
VERTEX
  8
0
 10
532.740427
 20
1224.077998
 42
-0.004136
  0
VERTEX
  8
0
 10
543.000000
 20
1223.474136
 42
0.000258
  0
VERTEX
  8
0
 10
546.857080
 20
1223.217081
 42
0.000285
  0
VERTEX
  8
0
 10
550.590625
 20
1222.972328
 42
0.000264
  0
VERTEX
  8
0
 10
553.780125
 20
1222.766755
 42
0.001455
  0
VERTEX
  8
0
 10
555.500000
 20
1222.661840
 42
-0.031555
  0
VERTEX
  8
0
 10
556.812951
 20
1222.502052
 42
-0.021465
  0
VERTEX
  8
0
 10
558.279688
 20
1222.163079
 42
-0.021680
  0
VERTEX
  8
0
 10
559.672501
 20
1221.711699
 42
-0.040055
  0
VERTEX
  8
0
 10
560.750000
 20
1221.208614
 42
0.029118
  0
VERTEX
  8
0
 10
562.409429
 20
1220.389204
 42
0.438211
  0
VERTEX
  8
0
 10
562.934079
 20
1220.627011
 42
0.284187
  0
VERTEX
  8
0
 10
562.760403
 20
1221.353815
 42
0.023329
  0
VERTEX
  8
0
 10
561.250000
 20
1222.721392
 42
-0.002620
  0
VERTEX
  8
0
 10
560.110354
 20
1223.670450
 42
-0.305650
  0
VERTEX
  8
0
 10
560.059968
 20
1223.847074
 42
-0.413439
  0
VERTEX
  8
0
 10
560.198728
 20
1223.917794
 42
-0.003262
  0
VERTEX
  8
0
 10
561.500000
 20
1223.487645
 42
0.010560
  0
VERTEX
  8
0
 10
566.491801
 20
1221.917990
 42
0.015024
  0
VERTEX
  8
0
 10
570.993021
 20
1220.751876
 42
0.016990
  0
VERTEX
  8
0
 10
575.020329
 20
1219.979552
 42
0.025702
  0
VERTEX
  8
0
 10
578.569382
 20
1219.608746
 42
-0.012013
  0
VERTEX
  8
0
 10
580.596832
 20
1219.452865
 42
-0.014363
  0
VERTEX
  8
0
 10
582.496440
 20
1219.205517
 42
-0.013139
  0
VERTEX
  8
0
 10
584.074373
 20
1218.911068
 42
-0.085914
  0
VERTEX
  8
0
 10
584.819382
 20
1218.611628
 42
0.060788
  0
VERTEX
  8
0
 10
585.271692
 20
1218.403012
 42
0.129763
  0
VERTEX
  8
0
 10
585.653193
 20
1218.382911
 42
0.191531
  0
VERTEX
  8
0
 10
585.902724
 20
1218.547798
 42
0.153283
  0
VERTEX
  8
0
 10
586.000000
 20
1218.857650
 42
0.111041
  0
VERTEX
  8
0
 10
585.907591
 20
1219.268622
 42
0.064412
  0
VERTEX
  8
0
 10
585.632812
 20
1219.696376
 42
0.059492
  0
VERTEX
  8
0
 10
585.227971
 20
1220.075275
 42
0.061693
  0
VERTEX
  8
0
 10
584.750000
 20
1220.342779
 42
-0.215737
  0
VERTEX
  8
0
 10
584.399000
 20
1220.712942
 42
-0.198979
  0
VERTEX
  8
0
 10
584.430013
 20
1221.238387
 42
-0.084325
  0
VERTEX
  8
0
 10
584.949530
 20
1221.966043
 42
-0.022942
  0
VERTEX
  8
0
 10
586.000000
 20
1222.918754
 42
0.016261
  0
VERTEX
  8
0
 10
587.330824
 20
1224.093717
 42
0.125402
  0
VERTEX
  8
0
 10
587.772645
 20
1224.789900
 42
0.252313
  0
VERTEX
  8
0
 10
587.669007
 20
1225.364933
 42
0.078624
  0
VERTEX
  8
0
 10
587.000000
 20
1225.977329
 42
0.052147
  0
VERTEX
  8
0
 10
586.267138
 20
1226.358978
 42
0.027584
  0
VERTEX
  8
0
 10
585.293509
 20
1226.682459
 42
0.027128
  0
VERTEX
  8
0
 10
584.250319
 20
1226.906305
 42
0.037563
  0
VERTEX
  8
0
 10
583.297053
 20
1226.984687
 42
-0.063856
  0
VERTEX
  8
0
 10
581.191967
 20
1227.269518
 42
-0.033614
  0
VERTEX
  8
0
 10
578.690429
 20
1228.124206
 42
-0.027835
  0
VERTEX
  8
0
 10
576.500704
 20
1229.187611
 42
-0.272202
  0
VERTEX
  8
0
 10
576.000000
 20
1230.039195
 42
0.282127
  0
VERTEX
  8
0
 10
575.513254
 20
1230.833170
 42
0.020729
  0
VERTEX
  8
0
 10
573.087887
 20
1231.943805
 42
0.026708
  0
VERTEX
  8
0
 10
570.527303
 20
1232.833961
 42
0.105111
  0
VERTEX
  8
0
 10
568.870343
 20
1232.952990
 42
-0.041014
  0
VERTEX
  8
0
 10
566.539334
 20
1232.822882
 42
-0.017528
  0
VERTEX
  8
0
 10
563.421120
 20
1233.014194
 42
-0.029003
  0
VERTEX
  8
0
 10
561.257331
 20
1233.350784
 42
-0.789683
  0
VERTEX
  8
0
 10
561.250000
 20
1233.689326
 42
0.068195
  0
VERTEX
  8
0
 10
562.797459
 20
1234.328658
 42
0.451462
  0
VERTEX
  8
0
 10
562.940201
 20
1235.052559
 42
0.233377
  0
VERTEX
  8
0
 10
561.951215
 20
1235.541073
 42
0.049452
  0
VERTEX
  8
0
 10
559.981341
 20
1235.346268
 42
-0.054005
  0
VERTEX
  8
0
 10
558.501891
 20
1235.213518
 42
-0.026588
  0
VERTEX
  8
0
 10
556.615333
 20
1235.348791
 42
-0.025557
  0
VERTEX
  8
0
 10
554.606132
 20
1235.705793
 42
-0.029113
  0
VERTEX
  8
0
 10
552.731341
 20
1236.255391
 42
0.023473
  0
VERTEX
  8
0
 10
550.891459
 20
1236.817355
 42
0.018686
  0
VERTEX
  8
0
 10
548.861706
 20
1237.254506
 42
0.019062
  0
VERTEX
  8
0
 10
546.947425
 20
1237.517722
 42
0.044290
  0
VERTEX
  8
0
 10
545.500000
 20
1237.532200
 42
-0.030485
  0
VERTEX
  8
0
 10
544.306389
 20
1237.511226
 42
-0.037493
  0
VERTEX
  8
0
 10
543.200368
 20
1237.642718
 42
-0.040977
  0
VERTEX
  8
0
 10
542.319777
 20
1237.891357
 42
-0.160248
  0
VERTEX
  8
0
 10
541.884233
 20
1238.239900
 42
0.146092
  0
VERTEX
  8
0
 10
541.415265
 20
1238.636959
 42
0.024852
  0
VERTEX
  8
0
 10
540.308354
 20
1239.057055
 42
0.025300
  0
VERTEX
  8
0
 10
538.916543
 20
1239.430953
 42
0.020151
  0
VERTEX
  8
0
 10
537.384233
 20
1239.696443
 42
-0.020079
  0
VERTEX
  8
0
 10
535.872253
 20
1239.958186
 42
-0.027677
  0
VERTEX
  8
0
 10
534.543077
 20
1240.321623
 42
-0.026992
  0
VERTEX
  8
0
 10
533.517689
 20
1240.726685
 42
-0.198607
  0
VERTEX
  8
0
 10
533.166667
 20
1241.104619
 42
0.247430
  0
VERTEX
  8
0
 10
532.404592
 20
1241.785645
 42
0.068445
  0
VERTEX
  8
0
 10
530.756022
 20
1241.963552
 42
0.058133
  0
VERTEX
  8
0
 10
528.746361
 20
1241.669449
 42
0.057550
  0
VERTEX
  8
0
 10
526.851071
 20
1240.920296
 42
-0.050784
  0
VERTEX
  8
0
 10
525.762934
 20
1240.473118
 42
-0.110805
  0
VERTEX
  8
0
 10
524.867871
 20
1240.412405
 42
-0.104295
  0
VERTEX
  8
0
 10
523.997981
 20
1240.740651
 42
-0.041750
  0
VERTEX
  8
0
 10
522.981240
 20
1241.516977
 42
0.065615
  0
VERTEX
  8
0
 10
521.776288
 20
1242.349351
 42
0.097924
  0
VERTEX
  8
0
 10
520.548678
 20
1242.700035
 42
0.060877
  0
VERTEX
  8
0
 10
518.884643
 20
1242.635810
 42
0.012771
  0
VERTEX
  8
0
 10
516.015207
 20
1242.096681
 42
-0.002936
  0
VERTEX
  8
0
 10
511.893362
 20
1241.237987
 42
-0.045091
  0
VERTEX
  8
0
 10
510.451366
 20
1241.079604
 42
-0.633450
  0
VERTEX
  8
0
 10
510.307225
 20
1241.369976
 42
-0.082316
  0
VERTEX
  8
0
 10
511.000000
 20
1242.000000
 42
0.059382
  0
VERTEX
  8
0
 10
511.684940
 20
1242.568027
 42
0.621285
  0
VERTEX
  8
0
 10
511.589381
 20
1242.828172
 42
0.080601
  0
VERTEX
  8
0
 10
510.684243
 20
1242.779304
 42
0.007509
  0
SEQEND
  0
POLYLINE
  8
0
 66
1
 70
1
  0
VERTEX
  8
0
 10
473.000000
 20
1219.440983
 42
0.066118
  0
VERTEX
  8
0
 10
473.073267
 20
1218.889346
 42
0.138808
  0
VERTEX
  8
0
 10
473.293750
 20
1218.521475
 42
0.191142
  0
VERTEX
  8
0
 10
473.620352
 20
1218.392057
 42
0.139169
  0
VERTEX
  8
0
 10
474.000000
 20
1218.500000
 42
0.060810
  0
VERTEX
  8
0
 10
474.382515
 20
1218.806203
 42
0.051032
  0
VERTEX
  8
0
 10
474.706250
 20
1219.212900
 42
0.053229
  0
VERTEX
  8
0
 10
474.926698
 20
1219.653442
 42
0.089642
  0
VERTEX
  8
0
 10
475.000000
 20
1220.059017
 42
0.105429
  0
VERTEX
  8
0
 10
474.923444
 20
1220.418051
 42
0.099231
  0
VERTEX
  8
0
 10
474.706250
 20
1220.723586
 42
0.096318
  0
VERTEX
  8
0
 10
474.381732
 20
1220.928382
 42
0.092995
  0
VERTEX
  8
0
 10
474.000000
 20
1221.000000
 42
0.153634
  0
VERTEX
  8
0
 10
473.618621
 20
1220.879982
 42
0.097988
  0
VERTEX
  8
0
 10
473.293750
 20
1220.542039
 42
0.080552
  0
VERTEX
  8
0
 10
473.074545
 20
1220.037096
 42
0.062283
  0
SEQEND
  0
POLYLINE
  8
0
 66
1
 70
1
  0
VERTEX
  8
0
 10
714.500000
 20
1218.000000
 42
0.076764
  0
VERTEX
  8
0
 10
714.338175
 20
1217.617617
 42
0.154201
  0
VERTEX
  8
0
 10
714.357263
 20
1217.293750
 42
0.186277
  0
VERTEX
  8
0
 10
714.550471
 20
1217.079239
 42
0.117858
  0
VERTEX
  8
0
 10
714.881966
 20
1217.000000
 42
0.085235
  0
VERTEX
  8
0
 10
715.310186
 20
1217.073533
 42
0.053414
  0
VERTEX
  8
0
 10
715.769763
 20
1217.293750
 42
0.051777
  0
VERTEX
  8
0
 10
716.189439
 20
1217.617474
 42
0.064269
  0
VERTEX
  8
0
 10
716.500000
 20
1218.000000
 42
0.076764
  0
VERTEX
  8
0
 10
716.661825
 20
1218.382383
 42
0.154201
  0
VERTEX
  8
0
 10
716.642737
 20
1218.706250
 42
0.186277
  0
VERTEX
  8
0
 10
716.449529
 20
1218.920761
 42
0.117858
  0
VERTEX
  8
0
 10
716.118034
 20
1219.000000
 42
0.085235
  0
VERTEX
  8
0
 10
715.689814
 20
1218.926467
 42
0.053414
  0
VERTEX
  8
0
 10
715.230237
 20
1218.706250
 42
0.051777
  0
VERTEX
  8
0
 10
714.810561
 20
1218.382526
 42
0.064269
  0
SEQEND
  0
POLYLINE
  8
0
 66
1
 70
1
  0
VERTEX
  8
0
 10
741.889721
 20
1203.248136
 42
-0.256822
  0
VERTEX
  8
0
 10
741.361924
 20
1202.780819
 42
-0.011263
  0
VERTEX
  8
0
 10
738.869359
 20
1202.277124
 42
-0.016405
  0
VERTEX
  8
0
 10
735.729758
 20
1201.821673
 42
-0.010016
  0
VERTEX
  8
0
 10
732.000000
 20
1201.480486
 42
0.031466
  0
VERTEX
  8
0
 10
721.420891
 20
1200.053245
 42
0.053619
  0
VERTEX
  8
0
 10
712.918247
 20
1197.384385
 42
0.057047
  0
VERTEX
  8
0
 10
705.542005
 20
1193.109427
 42
0.041321
  0
VERTEX
  8
0
 10
698.407382
 20
1186.828871
 42
0.017851
  0
VERTEX
  8
0
 10
694.077313
 20
1181.996995
 42
0.025564
  0
VERTEX
  8
0
 10
690.624505
 20
1177.396751
 42
0.044510
  0
VERTEX
  8
0
 10
688.915469
 20
1174.296357
 42
0.666674
  0
VERTEX
  8
0
 10
689.531005
 20
1173.650271
 42
-0.506142
  0
VERTEX
  8
0
 10
689.859094
 20
1173.439657
 42
-0.093975
  0
VERTEX
  8
0
 10
689.753771
 20
1172.597324
 42
-0.036073
  0
VERTEX
  8
0
 10
689.123093
 20
1171.036050
 42
-0.011947
  0
VERTEX
  8
0
 10
687.981587
 20
1168.842972
 42
0.016894
  0
VERTEX
  8
0
 10
686.852824
 20
1166.620981
 42
0.017733
  0
VERTEX
  8
0
 10
685.896108
 20
1164.363033
 42
0.017676
  0
VERTEX
  8
0
 10
685.211171
 20
1162.363151
 42
0.071895
  0
VERTEX
  8
0
 10
685.018115
 20
1161.095012
 42
0.011646
  0
VERTEX
  8
0
 10
685.042019
 20
1159.578279
 42
0.309008
  0
VERTEX
  8
0
 10
685.271518
 20
1159.269038
 42
0.263781
  0
VERTEX
  8
0
 10
685.677075
 20
1159.344040
 42
0.009221
  0
VERTEX
  8
0
 10
686.927758
 20
1160.434622
 42
-0.142744
  0
VERTEX
  8
0
 10
690.403303
 20
1162.122043
 42
-0.030413
  0
VERTEX
  8
0
 10
697.154594
 20
1162.851368
 42
-0.032670
  0
VERTEX
  8
0
 10
704.292993
 20
1162.719192
 42
-0.070360
  0
VERTEX
  8
0
 10
709.643020
 20
1161.498530
 42
0.007806
  0
VERTEX
  8
0
 10
712.597374
 20
1160.422796
 42
0.084081
  0
VERTEX
  8
0
 10
713.848138
 20
1160.213476
 42
0.175474
  0
VERTEX
  8
0
 10
714.710959
 20
1160.527806
 42
0.060737
  0
VERTEX
  8
0
 10
715.631120
 20
1161.510205
 42
-0.011998
  0
VERTEX
  8
0
 10
716.481935
 20
1162.617015
 42
-0.240548
  0
VERTEX
  8
0
 10
716.859033
 20
1162.785104
 42
-0.282283
  0
VERTEX
  8
0
 10
717.177090
 20
1162.566075
 42
-0.015744
  0
VERTEX
  8
0
 10
717.649541
 20
1161.403497
 42
0.028662
  0
VERTEX
  8
0
 10
717.987942
 20
1160.628763
 42
0.026339
  0
VERTEX
  8
0
 10
718.421404
 20
1159.874844
 42
0.027294
  0
VERTEX
  8
0
 10
718.880251
 20
1159.244244
 42
0.074006
  0
VERTEX
  8
0
 10
719.287757
 20
1158.872568
 42
0.153454
  0
VERTEX
  8
0
 10
720.591941
 20
1158.487394
 42
0.087310
  0
VERTEX
  8
0
 10
722.221344
 20
1158.803358
 42
0.106308
  0
VERTEX
  8
0
 10
723.426502
 20
1159.588703
 42
0.295107
  0
VERTEX
  8
0
 10
723.625459
 20
1160.533656
 42
-0.092607
  0
VERTEX
  8
0
 10
723.409699
 20
1161.707874
 42
-0.274191
  0
VERTEX
  8
0
 10
723.813478
 20
1162.384246
 42
-0.226389
  0
VERTEX
  8
0
 10
724.692430
 20
1162.430082
 42
-0.071916
  0
VERTEX
  8
0
 10
725.849949
 20
1161.741324
 42
0.005270
  0
VERTEX
  8
0
 10
726.682745
 20
1161.081809
 42
0.169172
  0
VERTEX
  8
0
 10
726.924920
 20
1161.000454
 42
0.561162
  0
VERTEX
  8
0
 10
726.992006
 20
1161.113144
 42
0.013806
  0
VERTEX
  8
0
 10
726.632941
 20
1161.750000
 42
-0.204498
  0
VERTEX
  8
0
 10
726.555118
 20
1162.312174
 42
-0.234456
  0
VERTEX
  8
0
 10
726.912269
 20
1162.714110
 42
-0.081140
  0
VERTEX
  8
0
 10
727.888774
 20
1162.934333
 42
-0.015978
  0
VERTEX
  8
0
 10
729.690983
 20
1162.984687
 42
-0.033562
  0
VERTEX
  8
0
 10
732.733354
 20
1162.767953
 42
-0.095245
  0
VERTEX
  8
0
 10
734.737943
 20
1162.085506
 42
-0.174827
  0
VERTEX
  8
0
 10
735.672445
 20
1160.990745
 42
-0.183737
  0
VERTEX
  8
0
 10
735.668223
 20
1159.577786
 42
0.028184
  0
VERTEX
  8
0
 10
735.399812
 20
1158.740015
 42
0.358737
  0
VERTEX
  8
0
 10
735.529442
 20
1158.461180
 42
0.223382
  0
VERTEX
  8
0
 10
735.916423
 20
1158.458394
 42
0.014763
  0
VERTEX
  8
0
 10
736.940643
 20
1158.968233
 42
-0.073054
  0
VERTEX
  8
0
 10
737.902154
 20
1159.314368
 42
-0.031275
  0
VERTEX
  8
0
 10
739.258168
 20
1159.501547
 42
-0.030112
  0
VERTEX
  8
0
 10
740.753350
 20
1159.523129
 42
-0.034827
  0
VERTEX
  8
0
 10
742.168138
 20
1159.359136
 42
0.055301
  0
VERTEX
  8
0
 10
744.299800
 20
1159.199957
 42
0.637105
  0
VERTEX
  8
0
 10
744.544079
 20
1159.777202
 42
0.120352
  0
VERTEX
  8
0
 10
743.045486
 20
1160.795988
 42
0.025247
  0
VERTEX
  8
0
 10
740.000000
 20
1161.761552
 42
0.000000
  0
VERTEX
  8
0
 10
736.500000
 20
1162.679669
 42
0.000000
  0
VERTEX
  8
0
 10
739.651754
 20
1163.397711
 42
0.059102
  0
VERTEX
  8
0
 10
741.347848
 20
1164.001631
 42
0.089836
  0
VERTEX
  8
0
 10
742.600110
 20
1164.932682
 42
0.066510
  0
VERTEX
  8
0
 10
743.685082
 20
1166.454192
 42
0.020097
  0
VERTEX
  8
0
 10
744.913085
 20
1169.019599
 42
0.026353
  0
VERTEX
  8
0
 10
745.768002
 20
1171.335992
 42
0.014072
  0
VERTEX
  8
0
 10
746.590429
 20
1174.276412
 42
0.013973
  0
VERTEX
  8
0
 10
747.263354
 20
1177.333831
 42
0.021142
  0
VERTEX
  8
0
 10
747.660807
 20
1180.028882
 42
-0.010855
  0
VERTEX
  8
0
 10
747.948757
 20
1182.304791
 42
-0.022909
  0
VERTEX
  8
0
 10
748.290681
 20
1184.050922
 42
-0.034295
  0
VERTEX
  8
0
 10
748.631326
 20
1185.122668
 42
-0.617141
  0
VERTEX
  8
0
 10
748.908940
 20
1185.147338
 42
0.073209
  0
VERTEX
  8
0
 10
749.247501
 20
1184.745165
 42
0.039224
  0
VERTEX
  8
0
 10
749.766746
 20
1184.353293
 42
0.038030
  0
VERTEX
  8
0
 10
750.371286
 20
1184.029231
 42
0.048211
  0
VERTEX
  8
0
 10
750.972552
 20
1183.830179
 42
-0.067218
  0
VERTEX
  8
0
 10
751.693189
 20
1183.560914
 42
-0.019685
  0
VERTEX
  8
0
 10
752.714793
 20
1182.960716
 42
-0.019390
  0
VERTEX
  8
0
 10
753.822934
 20
1182.187334
 42
-0.019672
  0
VERTEX
  8
0
 10
754.862323
 20
1181.333960
 42
-0.044350
  0
VERTEX
  8
0
 10
756.181402
 20
1179.933215
 42
-0.107381
  0
VERTEX
  8
0
 10
756.799963
 20
1178.661787
 42
-0.075100
  0
VERTEX
  8
0
 10
756.950260
 20
1176.976295
 42
-0.014227
  0
VERTEX
  8
0
 10
756.673891
 20
1173.894330
 42
-0.031014
  0
VERTEX
  8
0
 10
756.032811
 20
1170.369200
 42
-0.074153
  0
VERTEX
  8
0
 10
755.024586
 20
1167.915986
 42
-0.104627
  0
VERTEX
  8
0
 10
753.606837
 20
1166.383321
 42
-0.118070
  0
VERTEX
  8
0
 10
751.748324
 20
1165.639325
 42
0.050461
  0
VERTEX
  8
0
 10
751.047222
 20
1165.462868
 42
0.025943
  0
VERTEX
  8
0
 10
750.211958
 20
1165.110440
 42
0.025494
  0
VERTEX
  8
0
 10
749.381929
 20
1164.654699
 42
0.034920
  0
VERTEX
  8
0
 10
748.689910
 20
1164.157611
 42
-0.041175
  0
VERTEX
  8
0
 10
747.979087
 20
1163.660359
 42
-0.108662
  0
VERTEX
  8
0
 10
747.391098
 20
1163.470946
 42
-0.157800
  0
VERTEX
  8
0
 10
746.913357
 20
1163.576701
 42
-0.122190
  0
VERTEX
  8
0
 10
746.530011
 20
1163.951442
 42
0.070525
  0
VERTEX
  8
0
 10
746.195960
 20
1164.352585
 42
0.052753
  0
VERTEX
  8
0
 10
745.730638
 20
1164.691986
 42
0.053354
  0
VERTEX
  8
0
 10
745.211711
 20
1164.922582
 42
0.078047
  0
VERTEX
  8
0
 10
744.718761
 20
1165.000000
 42
0.602354
  0
VERTEX
  8
0
 10
744.370745
 20
1164.342000
 42
0.096895
  0
VERTEX
  8
0
 10
745.721743
 20
1163.006015
 42
0.041245
  0
VERTEX
  8
0
 10
748.651373
 20
1161.389609
 42
0.061884
  0
VERTEX
  8
0
 10
751.439566
 20
1160.532836
 42
0.005333
  0
VERTEX
  8
0
 10
753.904690
 20
1160.125267
 42
0.138768
  0
VERTEX
  8
0
 10
754.566947
 20
1160.206861
 42
0.465301
  0
VERTEX
  8
0
 10
754.679515
 20
1160.568937
 42
0.029934
  0
VERTEX
  8
0
 10
753.939566
 20
1161.584998
 42
-0.014059
  0
VERTEX
  8
0
 10
753.115335
 20
1162.644442
 42
-0.411730
  0
VERTEX
  8
0
 10
753.161249
 20
1162.952191
 42
-0.218329
  0
VERTEX
  8
0
 10
753.572297
 20
1163.040503
 42
-0.006467
  0
VERTEX
  8
0
 10
755.333178
 20
1162.625945
 42
0.027331
  0
VERTEX
  8
0
 10
756.796654
 20
1162.345245
 42
0.113544
  0
VERTEX
  8
0
 10
757.686173
 20
1162.426653
 42
0.169235
  0
VERTEX
  8
0
 10
758.255788
 20
1162.862088
 42
0.082064
  0
VERTEX
  8
0
 10
758.633522
 20
1163.710072
 42
-0.124744
  0
VERTEX
  8
0
 10
759.121398
 20
1164.595724
 42
-0.140581
  0
VERTEX
  8
0
 10
759.952854
 20
1165.093841
 42
-0.069592
  0
VERTEX
  8
0
 10
761.393348
 20
1165.269666
 42
-0.013099
  0
VERTEX
  8
0
 10
764.050344
 20
1165.153487
 42
-0.017074
  0
VERTEX
  8
0
 10
765.947513
 20
1164.955395
 42
-0.027304
  0
VERTEX
  8
0
 10
767.546039
 20
1164.643362
 42
-0.025852
  0
VERTEX
  8
0
 10
768.740197
 20
1164.275192
 42
-0.314835
  0
VERTEX
  8
0
 10
769.000000
 20
1163.903487
 42
0.361322
  0
VERTEX
  8
0
 10
769.704873
 20
1163.055422
 42
0.089754
  0
VERTEX
  8
0
 10
771.651552
 20
1163.045951
 42
0.070700
  0
VERTEX
  8
0
 10
773.869508
 20
1163.769478
 42
0.139916
  0
VERTEX
  8
0
 10
775.232073
 20
1165.000000
 42
-0.043421
  0
VERTEX
  8
0
 10
775.807784
 20
1165.765167
 42
-0.044508
  0
VERTEX
  8
0
 10
776.502623
 20
1166.412500
 42
-0.048567
  0
VERTEX
  8
0
 10
777.207311
 20
1166.858244
 42
-0.117269
  0
VERTEX
  8
0
 10
777.803405
 20
1167.000000
 42
0.136555
  0
VERTEX
  8
0
 10
778.293340
 20
1167.136349
 42
0.112682
  0
VERTEX
  8
0
 10
778.684996
 20
1167.514062
 42
0.096261
  0
VERTEX
  8
0
 10
778.916297
 20
1168.081319
 42
0.074290
  0
VERTEX
  8
0
 10
778.947704
 20
1168.750000
 42
-0.022173
  0
VERTEX
  8
0
 10
778.824880
 20
1170.901208
 42
-0.107582
  0
VERTEX
  8
0
 10
779.068295
 20
1172.091947
 42
-0.201312
  0
VERTEX
  8
0
 10
779.692905
 20
1172.682643
 42
-0.111406
  0
VERTEX
  8
0
 10
780.750000
 20
1172.829767
 42
0.014837
  0
VERTEX
  8
0
 10
781.563739
 20
1172.785834
 42
0.007873
  0
VERTEX
  8
0
 10
782.573437
 20
1172.777233
 42
0.007828
  0
VERTEX
  8
0
 10
783.606885
 20
1172.800886
 42
0.012031
  0
VERTEX
  8
0
 10
784.500000
 20
1172.856869
 42
0.013552
  0
VERTEX
  8
0
 10
785.585182
 20
1172.980859
 42
0.260036
  0
VERTEX
  8
0
 10
785.846299
 20
1173.179225
 42
0.345813
  0
VERTEX
  8
0
 10
785.774674
 20
1173.455625
 42
0.019408
  0
VERTEX
  8
0
 10
785.000000
 20
1174.000000
 42
-0.008764
  0
VERTEX
  8
0
 10
784.136687
 20
1174.579615
 42
-0.270899
  0
VERTEX
  8
0
 10
784.032409
 20
1174.805255
 42
-0.369387
  0
VERTEX
  8
0
 10
784.186121
 20
1174.953390
 42
-0.012411
  0
VERTEX
  8
0
 10
785.095012
 20
1174.984687
 42
0.098400
  0
VERTEX
  8
0
 10
785.840613
 20
1175.140311
 42
0.038179
  0
VERTEX
  8
0
 10
786.781080
 20
1175.627849
 42
0.035946
  0
VERTEX
  8
0
 10
787.748307
 20
1176.327808
 42
0.037033
  0
VERTEX
  8
0
 10
788.595012
 20
1177.152672
 42
0.000000
  0
VERTEX
  8
0
 10
790.500000
 20
1179.305343
 42
0.000000
  0
VERTEX
  8
0
 10
787.191964
 20
1178.666064
 42
-0.005552
  0
VERTEX
  8
0
 10
785.171826
 20
1178.298891
 42
-0.164495
  0
VERTEX
  8
0
 10
784.664731
 20
1178.379363
 42
-0.480279
  0
VERTEX
  8
0
 10
784.606668
 20
1178.678283
 42
-0.020442
  0
VERTEX
  8
0
 10
785.441964
 20
1179.584821
 42
0.046713
  0
VERTEX
  8
0
 10
786.765835
 20
1181.182210
 42
0.287233
  0
VERTEX
  8
0
 10
786.805937
 20
1182.202714
 42
0.232859
  0
VERTEX
  8
0
 10
785.862414
 20
1182.838704
 42
0.033898
  0
VERTEX
  8
0
 10
783.485976
 20
1183.000000
 42
-0.050007
  0
VERTEX
  8
0
 10
781.882964
 20
1183.160726
 42
-0.027920
  0
VERTEX
  8
0
 10
779.983760
 20
1183.657197
 42
-0.027504
  0
VERTEX
  8
0
 10
778.091193
 20
1184.383661
 42
-0.038340
  0
VERTEX
  8
0
 10
776.498354
 20
1185.250000
 42
-0.016809
  0
VERTEX
  8
0
 10
773.828755
 20
1187.109494
 42
-0.174866
  0
VERTEX
  8
0
 10
773.104672
 20
1188.208565
 42
-0.604765
  0
VERTEX
  8
0
 10
773.555572
 20
1188.603461
 42
-0.027181
  0
VERTEX
  8
0
 10
775.950340
 20
1187.525680
 42
0.026585
  0
VERTEX
  8
0
 10
780.032745
 20
1185.682515
 42
0.496926
  0
VERTEX
  8
0
 10
781.068460
 20
1186.319565
 42
0.267902
  0
VERTEX
  8
0
 10
780.324193
 20
1187.957420
 42
0.022206
  0
VERTEX
  8
0
 10
776.250000
 20
1190.605566
 42
0.019620
  0
VERTEX
  8
0
 10
768.637079
 20
1194.692876
 42
0.022876
  0
VERTEX
  8
0
 10
761.101406
 20
1197.947935
 42
0.024983
  0
VERTEX
  8
0
 10
754.128472
 20
1200.197298
 42
0.046016
  0
VERTEX
  8
0
 10
748.258553
 20
1201.205651
 42
-0.031920
  0
VERTEX
  8
0
 10
746.738320
 20
1201.422945
 42
-0.033164
  0
VERTEX
  8
0
 10
745.277931
 20
1201.830414
 42
-0.035162
  0
VERTEX
  8
0
 10
744.071971
 20
1202.352687
 42
-0.107392
  0
VERTEX
  8
0
 10
743.389721
 20
1202.919163
 42
0.039033
  0
VERTEX
  8
0
 10
742.888378
 20
1203.466123
 42
0.134544
  0
VERTEX
  8
0
 10
742.466270
 20
1203.687693
 42
0.236221
  0
VERTEX
  8
0
 10
742.133307
 20
1203.603369
 42
0.129592
  0
SEQEND
  0
POLYLINE
  8
0
 66
1
 70
1
  0
VERTEX
  8
0
 10
731.568285
 20
1199.110488
 42
-0.202025
  0
VERTEX
  8
0
 10
730.507669
 20
1198.355643
 42
-0.022677
  0
VERTEX
  8
0
 10
727.530378
 20
1197.830743
 42
-0.020843
  0
VERTEX
  8
0
 10
724.581414
 20
1197.572101
 42
-0.427693
  0
VERTEX
  8
0
 10
724.000000
 20
1198.127477
 42
-0.278937
  0
VERTEX
  8
0
 10
724.363463
 20
1198.728298
 42
-0.047302
  0
VERTEX
  8
0
 10
725.657594
 20
1199.257492
 42
-0.038670
  0
VERTEX
  8
0
 10
727.519753
 20
1199.666749
 42
-0.022213
  0
VERTEX
  8
0
 10
729.809017
 20
1199.883999
 42
-0.035861
  0
VERTEX
  8
0
 10
730.656825
 20
1199.865771
 42
-0.080435
  0
VERTEX
  8
0
 10
731.278272
 20
1199.704630
 42
-0.162238
  0
VERTEX
  8
0
 10
731.574856
 20
1199.436039
 42
-0.273205
  0
SEQEND
  0
POLYLINE
  8
0
 66
1
 70
1
  0
VERTEX
  8
0
 10
707.979944
 20
1190.475834
 42
-0.039407
  0
VERTEX
  8
0
 10
707.453252
 20
1189.934292
 42
-0.061720
  0
VERTEX
  8
0
 10
706.916631
 20
1189.569338
 42
-0.085026
  0
VERTEX
  8
0
 10
706.452534
 20
1189.423579
 42
-0.234162
  0
VERTEX
  8
0
 10
706.136460
 20
1189.530207
 42
-0.225585
  0
VERTEX
  8
0
 10
706.032091
 20
1189.823706
 42
-0.108439
  0
VERTEX
  8
0
 10
706.159984
 20
1190.212080
 42
-0.073916
  0
VERTEX
  8
0
 10
706.507686
 20
1190.640546
 42
-0.044429
  0
VERTEX
  8
0
 10
707.028960
 20
1191.039060
 42
-0.007952
  0
VERTEX
  8
0
 10
708.458847
 20
1191.911828
 42
-0.273213
  0
VERTEX
  8
0
 10
708.839289
 20
1191.911334
 42
-0.447869
  0
VERTEX
  8
0
 10
708.894680
 20
1191.629300
 42
-0.011124
  0
SEQEND
  0
POLYLINE
  8
0
 66
1
 70
1
  0
VERTEX
  8
0
 10
730.549690
 20
1188.000000
 42
-0.133975
  0
VERTEX
  8
0
 10
731.550033
 20
1187.727060
 42
-0.268079
  0
VERTEX
  8
0
 10
731.939983
 20
1187.036791
 42
-0.148771
  0
VERTEX
  8
0
 10
731.603769
 20
1185.968796
 42
-0.046292
  0
VERTEX
  8
0
 10
730.517591
 20
1184.660448
 42
-0.141409
  0
VERTEX
  8
0
 10
729.065480
 20
1183.858759
 42
-0.080728
  0
VERTEX
  8
0
 10
727.050184
 20
1183.732881
 42
-0.080830
  0
VERTEX
  8
0
 10
725.101386
 20
1184.251377
 42
-0.142572
  0
VERTEX
  8
0
 10
723.842520
 20
1185.321601
 42
-0.141473
  0
VERTEX
  8
0
 10
723.488825
 20
1186.457355
 42
-0.117558
  0
VERTEX
  8
0
 10
723.757562
 20
1187.698560
 42
-0.122329
  0
VERTEX
  8
0
 10
724.543622
 20
1188.649594
 42
-0.160517
  0
VERTEX
  8
0
 10
725.606989
 20
1189.000000
 42
0.088063
  0
VERTEX
  8
0
 10
726.141195
 20
1189.094823
 42
0.092582
  0
VERTEX
  8
0
 10
726.599736
 20
1189.367188
 42
0.097397
  0
VERTEX
  8
0
 10
726.912144
 20
1189.773067
 42
0.109811
  0
VERTEX
  8
0
 10
727.030409
 20
1190.250000
 42
-0.145621
  0
VERTEX
  8
0
 10
727.132978
 20
1190.566353
 42
-0.368599
  0
VERTEX
  8
0
 10
727.349453
 20
1190.624348
 42
-0.121624
  0
VERTEX
  8
0
 10
727.681358
 20
1190.352310
 42
-0.028690
  0
VERTEX
  8
0
 10
728.080099
 20
1189.750000
 42
0.055942
  0
VERTEX
  8
0
 10
728.577617
 20
1189.080635
 42
0.050884
  0
VERTEX
  8
0
 10
729.225995
 20
1188.514062
 42
0.054217
  0
VERTEX
  8
0
 10
729.919862
 20
1188.127617
 42
0.100292
  0
SEQEND
  0
POLYLINE
  8
0
 66
1
 70
1
  0
VERTEX
  8
0
 10
707.131974
 20
1177.035714
 42
0.020922
  0
VERTEX
  8
0
 10
707.705872
 20
1175.488450
 42
0.013792
  0
VERTEX
  8
0
 10
708.487806
 20
1173.758895
 42
0.013887
  0
VERTEX
  8
0
 10
709.343060
 20
1172.115927
 42
0.025953
  0
VERTEX
  8
0
 10
710.138806
 20
1170.845630
 42
-0.046202
  0
VERTEX
  8
0
 10
711.963785
 20
1167.652162
 42
-0.360377
  0
VERTEX
  8
0
 10
711.547019
 20
1166.116073
 42
-0.214777
  0
VERTEX
  8
0
 10
709.500209
 20
1165.720407
 42
-0.023567
  0
VERTEX
  8
0
 10
704.786571
 20
1167.072253
 42
-0.018308
  0
VERTEX
  8
0
 10
700.313926
 20
1168.771282
 42
-0.168605
  0
VERTEX
  8
0
 10
698.795621
 20
1170.140225
 42
-0.206817
  0
VERTEX
  8
0
 10
698.617435
 20
1172.007592
 42
-0.029349
  0
VERTEX
  8
0
 10
700.048912
 20
1175.682645
 42
-0.040633
  0
VERTEX
  8
0
 10
702.083022
 20
1179.307778
 42
-0.199975
  0
VERTEX
  8
0
 10
703.999227
 20
1180.572815
 42
-0.295450
  0
VERTEX
  8
0
 10
705.718867
 20
1179.874376
 42
-0.074411
  0
SEQEND
  0
POLYLINE
  8
0
 66
1
 70
1
  0
VERTEX
  8
0
 10
694.771060
 20
1168.186820
 42
-0.108271
  0
VERTEX
  8
0
 10
694.818151
 20
1167.744440
 42
-0.257062
  0
VERTEX
  8
0
 10
694.633872
 20
1167.482386
 42
-0.161356
  0
VERTEX
  8
0
 10
694.219753
 20
1167.426249
 42
-0.045328
  0
VERTEX
  8
0
 10
693.583560
 20
1167.606309
 42
-0.049992
  0
VERTEX
  8
0
 10
692.977839
 20
1167.911187
 42
-0.054888
  0
VERTEX
  8
0
 10
692.465171
 20
1168.322276
 42
-0.062067
  0
VERTEX
  8
0
 10
692.115141
 20
1168.772094
 42
-0.135140
  0
VERTEX
  8
0
 10
692.000000
 20
1169.190322
 42
-0.310331
  0
VERTEX
  8
0
 10
692.373328
 20
1169.733894
 42
-0.180578
  0
VERTEX
  8
0
 10
693.198675
 20
1169.742032
 42
-0.106345
  0
VERTEX
  8
0
 10
694.180521
 20
1169.127369
 42
-0.120025
  0
SEQEND
  0
POLYLINE
  8
0
 66
1
 70
1
  0
VERTEX
  8
0
 10
550.651113
 20
1200.533198
 42
-0.183998
  0
VERTEX
  8
0
 10
549.949905
 20
1199.750177
 42
-0.085090
  0
VERTEX
  8
0
 10
548.626991
 20
1199.331121
 42
-0.039146
  0
VERTEX
  8
0
 10
546.318474
 20
1199.195349
 42
-0.006983
  0
VERTEX
  8
0
 10
541.996489
 20
1199.340066
 42
0.008255
  0
VERTEX
  8
0
 10
538.880253
 20
1199.436473
 42
0.012742
  0
VERTEX
  8
0
 10
536.185431
 20
1199.406653
 42
0.007078
  0
VERTEX
  8
0
 10
533.957121
 20
1199.293573
 42
0.242694
  0
VERTEX
  8
0
 10
533.518595
 20
1199.030087
 42
-0.185016
  0
VERTEX
  8
0
 10
533.094978
 20
1198.707163
 42
-0.006492
  0
VERTEX
  8
0
 10
531.073456
 20
1198.142352
 42
-0.011289
  0
VERTEX
  8
0
 10
528.621979
 20
1197.550505
 42
-0.007570
  0
VERTEX
  8
0
 10
525.795413
 20
1196.979956
 42
0.045454
  0
VERTEX
  8
0
 10
519.531853
 20
1195.213505
 42
0.028679
  0
VERTEX
  8
0
 10
512.600218
 20
1192.092477
 42
0.027140
  0
VERTEX
  8
0
 10
505.584599
 20
1187.937686
 42
0.027031
  0
VERTEX
  8
0
 10
499.050418
 20
1183.042212
 42
-0.019887
  0
VERTEX
  8
0
 10
497.111190
 20
1181.545616
 42
-0.020568
  0
VERTEX
  8
0
 10
495.080319
 20
1180.225542
 42
-0.020800
  0
VERTEX
  8
0
 10
493.234387
 20
1179.232263
 42
-0.078153
  0
VERTEX
  8
0
 10
491.980343
 20
1178.849736
 42
0.045436
  0
VERTEX
  8
0
 10
490.877973
 20
1178.590590
 42
0.111321
  0
VERTEX
  8
0
 10
490.169020
 20
1178.162313
 42
0.144447
  0
VERTEX
  8
0
 10
489.820067
 20
1177.551055
 42
0.099874
  0
VERTEX
  8
0
 10
489.793837
 20
1176.750000
 42
-0.057414
  0
VERTEX
  8
0
 10
489.828452
 20
1176.080434
 42
-0.086698
  0
VERTEX
  8
0
 10
489.692243
 20
1175.514062
 42
-0.115640
  0
VERTEX
  8
0
 10
489.412714
 20
1175.138024
 42
-0.177146
  0
VERTEX
  8
0
 10
489.035363
 20
1175.000000
 42
0.498235
  0
VERTEX
  8
0
 10
488.557818
 20
1174.367010
 42
0.102372
  0
VERTEX
  8
0
 10
489.322144
 20
1172.906640
 42
0.054733
  0
VERTEX
  8
0
 10
491.149350
 20
1171.116218
 42
0.068400
  0
VERTEX
  8
0
 10
493.197154
 20
1169.918336
 42
-0.025132
  0
VERTEX
  8
0
 10
494.414159
 20
1169.340998
 42
-0.015050
  0
VERTEX
  8
0
 10
495.800939
 20
1168.540885
 42
-0.015052
  0
VERTEX
  8
0
 10
497.136558
 20
1167.659127
 42
-0.025217
  0
VERTEX
  8
0
 10
498.195759
 20
1166.830219
 42
0.046180
  0
VERTEX
  8
0
 10
499.186833
 20
1166.119454
 42
0.044307
  0
VERTEX
  8
0
 10
500.305025
 20
1165.591248
 42
0.047640
  0
VERTEX
  8
0
 10
501.378765
 20
1165.308434
 42
0.104911
  0
VERTEX
  8
0
 10
502.222266
 20
1165.347873
 42
-0.037008
  0
VERTEX
  8
0
 10
502.870401
 20
1165.467017
 42
-0.107873
  0
VERTEX
  8
0
 10
503.320251
 20
1165.418652
 42
-0.253554
  0
VERTEX
  8
0
 10
503.503098
 20
1165.223218
 42
-0.205072
  0
VERTEX
  8
0
 10
503.459820
 20
1164.934987
 42
0.174098
  0
VERTEX
  8
0
 10
503.354326
 20
1164.437193
 42
0.042449
  0
VERTEX
  8
0
 10
503.540976
 20
1163.605468
 42
0.038451
  0
VERTEX
  8
0
 10
503.932910
 20
1162.631181
 42
0.030186
  0
VERTEX
  8
0
 10
504.498524
 20
1161.642597
 42
0.039821
  0
VERTEX
  8
0
 10
505.501726
 20
1160.349025
 42
0.135121
  0
VERTEX
  8
0
 10
506.396489
 20
1159.784381
 42
0.112956
  0
VERTEX
  8
0
 10
507.548946
 20
1159.704311
 42
0.023754
  0
VERTEX
  8
0
 10
509.540084
 20
1160.114351
 42
-0.000021
  0
VERTEX
  8
0
 10
511.117414
 20
1160.518035
 42
-0.000012
  0
VERTEX
  8
0
 10
513.009703
 20
1161.002188
 42
-0.000012
  0
VERTEX
  8
0
 10
514.905132
 20
1161.487044
 42
-0.000021
  0
VERTEX
  8
0
 10
516.492948
 20
1161.893099
 42
-0.017961
  0
VERTEX
  8
0
 10
517.798867
 20
1162.177466
 42
-0.040424
  0
VERTEX
  8
0
 10
518.806812
 20
1162.276240
 42
-0.084300
  0
VERTEX
  8
0
 10
519.375365
 20
1162.189543
 42
-0.484550
  0
VERTEX
  8
0
 10
519.464940
 20
1161.943272
 42
0.384803
  0
VERTEX
  8
0
 10
519.685127
 20
1160.740764
 42
0.101869
  0
VERTEX
  8
0
 10
521.601751
 20
1159.810231
 42
0.057553
  0
VERTEX
  8
0
 10
524.892299
 20
1159.366743
 42
0.035282
  0
VERTEX
  8
0
 10
528.805705
 20
1159.568639
 42
0.000000
  0
VERTEX
  8
0
 10
534.500000
 20
1160.267271
 42
0.000000
  0
VERTEX
  8
0
 10
532.000000
 20
1158.080779
 42
0.000000
  0
VERTEX
  8
0
 10
529.500000
 20
1155.894288
 42
0.000000
  0
VERTEX
  8
0
 10
532.000000
 20
1156.601532
 42
-0.008820
  0
VERTEX
  8
0
 10
535.928229
 20
1157.638344
 42
-0.019026
  0
VERTEX
  8
0
 10
538.991492
 20
1158.266849
 42
-0.019936
  0
VERTEX
  8
0
 10
541.287183
 20
1158.554037
 42
-0.160907
  0
VERTEX
  8
0
 10
542.306604
 20
1158.310508
 42
0.141260
  0
VERTEX
  8
0
 10
542.718594
 20
1158.195194
 42
0.099814
  0
VERTEX
  8
0
 10
543.191658
 20
1158.294404
 42
0.084813
  0
VERTEX
  8
0
 10
543.654240
 20
1158.594121
 42
0.068378
  0
VERTEX
  8
0
 10
544.031848
 20
1159.051531
 42
-0.117903
  0
VERTEX
  8
0
 10
544.958234
 20
1159.972562
 42
-0.073795
  0
VERTEX
  8
0
 10
546.373094
 20
1160.571514
 42
-0.037621
  0
VERTEX
  8
0
 10
548.702606
 20
1160.990422
 42
-0.007145
  0
VERTEX
  8
0
 10
553.000000
 20
1161.371423
 42
-0.001155
  0
VERTEX
  8
0
 10
554.690329
 20
1161.493044
 42
-0.042683
  0
VERTEX
  8
0
 10
555.076563
 20
1161.486942
 42
-0.896217
  0
VERTEX
  8
0
 10
555.076897
 20
1161.446302
 42
-0.002152
  0
VERTEX
  8
0
 10
553.750000
 20
1161.295330
 42
0.041157
  0
VERTEX
  8
0
 10
551.398828
 20
1160.840095
 42
0.183984
  0
VERTEX
  8
0
 10
550.290414
 20
1160.019267
 42
0.226693
  0
VERTEX
  8
0
 10
550.138102
 20
1158.793508
 42
0.062960
  0
VERTEX
  8
0
 10
551.000000
 20
1157.000000
 42
0.027611
  0
VERTEX
  8
0
 10
551.510911
 20
1156.297713
 42
0.427783
  0
VERTEX
  8
0
 10
551.778460
 20
1156.276749
 42
0.199894
  0
VERTEX
  8
0
 10
551.948582
 20
1156.632600
 42
0.011234
  0
VERTEX
  8
0
 10
551.984687
 20
1157.881669
 42
-0.052802
  0
VERTEX
  8
0
 10
552.135416
 20
1159.222613
 42
-0.237190
  0
VERTEX
  8
0
 10
552.619046
 20
1159.816759
 42
-0.127260
  0
VERTEX
  8
0
 10
553.613060
 20
1159.986007
 42
-0.012206
  0
VERTEX
  8
0
 10
556.074298
 20
1159.716860
 42
0.011650
  0
VERTEX
  8
0
 10
558.203858
 20
1159.481586
 42
0.083848
  0
VERTEX
  8
0
 10
559.229974
 20
1159.564438
 42
0.265997
  0
VERTEX
  8
0
 10
559.624466
 20
1159.945306
 42
0.163797
  0
VERTEX
  8
0
 10
559.596803
 20
1160.608330
 42
-0.041356
  0
VERTEX
  8
0
 10
559.397919
 20
1161.290353
 42
-0.368395
  0
VERTEX
  8
0
 10
559.537864
 20
1161.543588
 42
-0.198091
  0
VERTEX
  8
0
 10
559.932286
 20
1161.531312
 42
-0.017293
  0
VERTEX
  8
0
 10
560.850258
 20
1161.080140
 42
0.107600
  0
VERTEX
  8
0
 10
562.072593
 20
1160.732592
 42
0.031481
  0
VERTEX
  8
0
 10
564.037491
 20
1160.733176
 42
0.024616
  0
VERTEX
  8
0
 10
566.663878
 20
1161.029799
 42
0.011062
  0
VERTEX
  8
0
 10
570.077752
 20
1161.664464
 42
-0.033022
  0
VERTEX
  8
0
 10
576.580799
 20
1162.580309
 42
-0.031492
  0
VERTEX
  8
0
 10
583.252641
 20
1162.653233
 42
-0.031268
  0
VERTEX
  8
0
 10
588.977823
 20
1161.994528
 42
-0.140539
  0
VERTEX
  8
0
 10
591.973345
 20
1160.524122
 42
0.083563
  0
VERTEX
  8
0
 10
594.022476
 20
1159.214089
 42
0.492903
  0
VERTEX
  8
0
 10
594.971311
 20
1159.749600
 42
0.123640
  0
VERTEX
  8
0
 10
594.719394
 20
1162.140753
 42
0.017826
  0
VERTEX
  8
0
 10
592.853675
 20
1166.723249
 42
-0.000025
  0
VERTEX
  8
0
 10
591.951002
 20
1168.732458
 42
-0.000022
  0
VERTEX
  8
0
 10
591.013628
 20
1170.819435
 42
-0.000022
  0
VERTEX
  8
0
 10
590.171330
 20
1172.695183
 42
-0.000069
  0
VERTEX
  8
0
 10
589.603675
 20
1173.959935
 42
0.084915
  0
VERTEX
  8
0
 10
586.581028
 20
1178.463002
 42
0.020712
  0
VERTEX
  8
0
 10
580.130426
 20
1184.702824
 42
0.022123
  0
VERTEX
  8
0
 10
572.865675
 20
1190.615289
 42
0.046357
  0
VERTEX
  8
0
 10
566.646653
 20
1194.396169
 42
0.008886
  0
VERTEX
  8
0
 10
563.683266
 20
1195.776203
 42
0.011224
  0
VERTEX
  8
0
 10
560.893284
 20
1196.941375
 42
0.009416
  0
VERTEX
  8
0
 10
558.529843
 20
1197.815711
 42
0.084072
  0
VERTEX
  8
0
 10
557.441566
 20
1198.000000
 42
-0.083965
  0
VERTEX
  8
0
 10
556.592175
 20
1198.143651
 42
-0.034873
  0
VERTEX
  8
0
 10
555.519045
 20
1198.603435
 42
-0.033261
  0
VERTEX
  8
0
 10
554.412729
 20
1199.268106
 42
-0.036688
  0
VERTEX
  8
0
 10
553.442257
 20
1200.054247
 42
0.014008
  0
VERTEX
  8
0
 10
552.180965
 20
1201.174338
 42
0.132827
  0
VERTEX
  8
0
 10
551.531610
 20
1201.475335
 42
0.282421
  0
VERTEX
  8
0
 10
551.067359
 20
1201.289605
 42
0.068437
  0
SEQEND
  0
POLYLINE
  8
0
 66
1
 70
1
  0
VERTEX
  8
0
 10
556.666829
 20
1186.476028
 42
-0.129893
  0
VERTEX
  8
0
 10
557.943388
 20
1184.282526
 42
-0.260612
  0
VERTEX
  8
0
 10
557.479461
 20
1182.396259
 42
-0.204207
  0
VERTEX
  8
0
 10
555.423633
 20
1181.485872
 42
-0.094612
  0
VERTEX
  8
0
 10
552.491316
 20
1182.003302
 42
-0.123001
  0
VERTEX
  8
0
 10
550.547327
 20
1183.356482
 42
-0.189496
  0
VERTEX
  8
0
 10
549.865999
 20
1185.262060
 42
-0.221369
  0
VERTEX
  8
0
 10
550.694058
 20
1186.904869
 42
-0.153765
  0
VERTEX
  8
0
 10
552.667535
 20
1187.654600
 42
-0.046538
  0
VERTEX
  8
0
 10
553.786164
 20
1187.615334
 42
-0.039642
  0
VERTEX
  8
0
 10
554.942103
 20
1187.372167
 42
-0.041465
  0
VERTEX
  8
0
 10
555.964460
 20
1186.976261
 42
-0.083456
  0
SEQEND
  0
POLYLINE
  8
0
 66
1
 70
1
  0
VERTEX
  8
0
 10
535.442393
 20
1169.000000
 42
0.016157
  0
VERTEX
  8
0
 10
536.283655
 20
1167.479691
 42
0.010962
  0
VERTEX
  8
0
 10
537.334254
 20
1165.802639
 42
0.011054
  0
VERTEX
  8
0
 10
538.421292
 20
1164.226185
 42
0.021651
  0
VERTEX
  8
0
 10
539.366973
 20
1163.030261
 42
-0.010196
  0
VERTEX
  8
0
 10
540.110560
 20
1162.132941
 42
-0.059273
  0
VERTEX
  8
0
 10
540.432798
 20
1161.611093
 42
-0.633211
  0
VERTEX
  8
0
 10
540.343493
 20
1161.503807
 42
-0.096114
  0
VERTEX
  8
0
 10
540.000000
 20
1161.667196
 42
0.092036
  0
VERTEX
  8
0
 10
538.174862
 20
1162.553528
 42
0.015003
  0
VERTEX
  8
0
 10
534.334774
 20
1163.487249
 42
0.015563
  0
VERTEX
  8
0
 10
530.439763
 20
1164.185542
 42
0.081983
  0
VERTEX
  8
0
 10
528.275479
 20
1164.148031
 42
-0.287687
  0
VERTEX
  8
0
 10
526.571165
 20
1164.827401
 42
-0.028413
  0
VERTEX
  8
0
 10
524.064347
 20
1168.700545
 42
-0.031192
  0
VERTEX
  8
0
 10
522.003788
 20
1172.909657
 42
-0.171392
  0
VERTEX
  8
0
 10
521.870890
 20
1175.396009
 42
-0.056558
  0
VERTEX
  8
0
 10
522.885538
 20
1177.802039
 42
-0.058483
  0
VERTEX
  8
0
 10
524.404396
 20
1179.889975
 42
-0.055440
  0
VERTEX
  8
0
 10
526.443253
 20
1181.657695
 42
-0.042873
  0
VERTEX
  8
0
 10
529.000000
 20
1183.114234
 42
0.000000
  0
VERTEX
  8
0
 10
532.500000
 20
1184.728467
 42
0.000000
  0
VERTEX
  8
0
 10
533.075420
 20
1178.614234
 42
0.020356
  0
VERTEX
  8
0
 10
533.427010
 20
1176.016765
 42
0.016538
  0
VERTEX
  8
0
 10
534.008079
 20
1173.267931
 42
0.016851
  0
VERTEX
  8
0
 10
534.713649
 20
1170.768107
 42
0.041101
  0
SEQEND
  0
POLYLINE
  8
0
 66
1
 70
1
  0
VERTEX
  8
0
 10
581.310610
 20
1172.710742
 42
0.010509
  0
VERTEX
  8
0
 10
582.113992
 20
1171.442836
 42
0.012688
  0
VERTEX
  8
0
 10
582.922774
 20
1170.288528
 42
0.011360
  0
VERTEX
  8
0
 10
583.645847
 20
1169.355443
 42
0.079890
  0
VERTEX
  8
0
 10
584.073057
 20
1168.973607
 42
-0.360541
  0
VERTEX
  8
0
 10
584.408092
 20
1167.923343
 42
-0.181821
  0
VERTEX
  8
0
 10
583.402820
 20
1166.828963
 42
-0.062829
  0
VERTEX
  8
0
 10
580.579777
 20
1165.822060
 42
-0.023549
  0
VERTEX
  8
0
 10
576.430486
 20
1165.109694
 42
-0.002647
  0
VERTEX
  8
0
 10
573.758127
 20
1164.793846
 42
-0.004233
  0
VERTEX
  8
0
 10
571.472462
 20
1164.555541
 42
-0.001003
  0
VERTEX
  8
0
 10
569.475316
 20
1164.368437
 42
-0.193767
  0
VERTEX
  8
0
 10
569.284278
 20
1164.425733
 42
-0.338863
  0
VERTEX
  8
0
 10
569.243941
 20
1164.588321
 42
-0.002354
  0
VERTEX
  8
0
 10
569.856231
 20
1165.978161
 42
-0.007605
  0
VERTEX
  8
0
 10
570.604436
 20
1167.588785
 42
-0.004639
  0
VERTEX
  8
0
 10
571.534278
 20
1169.468533
 42
0.021127
  0
VERTEX
  8
0
 10
572.478121
 20
1171.546251
 42
0.019251
  0
VERTEX
  8
0
 10
573.275694
 20
1173.761056
 42
0.019668
  0
VERTEX
  8
0
 10
573.834036
 20
1175.795701
 42
0.057185
  0
VERTEX
  8
0
 10
574.000000
 20
1177.242058
 42
0.000000
  0
VERTEX
  8
0
 10
574.000000
 20
1180.145160
 42
0.000000
  0
VERTEX
  8
0
 10
576.684767
 20
1178.033323
 42
-0.030299
  0
VERTEX
  8
0
 10
577.853468
 20
1176.993526
 42
-0.016912
  0
VERTEX
  8
0
 10
579.151074
 20
1175.598682
 42
-0.016822
  0
VERTEX
  8
0
 10
580.372348
 20
1174.094100
 42
-0.026114
  0
SEQEND
  0
POLYLINE
  8
0
 66
1
 70
1
  0
VERTEX
  8
0
 10
587.000000
 20
1166.000000
 42
-0.099038
  0
VERTEX
  8
0
 10
586.923658
 20
1165.618362
 42
-0.097945
  0
VERTEX
  8
0
 10
586.706250
 20
1165.293750
 42
-0.097945
  0
VERTEX
  8
0
 10
586.381638
 20
1165.076342
 42
-0.099038
  0
VERTEX
  8
0
 10
586.000000
 20
1165.000000
 42
-0.099038
  0
VERTEX
  8
0
 10
585.618362
 20
1165.076342
 42
-0.097945
  0
VERTEX
  8
0
 10
585.293750
 20
1165.293750
 42
-0.097945
  0
VERTEX
  8
0
 10
585.076342
 20
1165.618362
 42
-0.099038
  0
VERTEX
  8
0
 10
585.000000
 20
1166.000000
 42
-0.099038
  0
VERTEX
  8
0
 10
585.076342
 20
1166.381638
 42
-0.097945
  0
VERTEX
  8
0
 10
585.293750
 20
1166.706250
 42
-0.097945
  0
VERTEX
  8
0
 10
585.618362
 20
1166.923658
 42
-0.099038
  0
VERTEX
  8
0
 10
586.000000
 20
1167.000000
 42
-0.099038
  0
VERTEX
  8
0
 10
586.381638
 20
1166.923658
 42
-0.097945
  0
VERTEX
  8
0
 10
586.706250
 20
1166.706250
 42
-0.097945
  0
VERTEX
  8
0
 10
586.923658
 20
1166.381638
 42
-0.099038
  0
SEQEND
  0
POLYLINE
  8
0
 66
1
 70
1
  0
VERTEX
  8
0
 10
728.000000
 20
1159.000000
 42
0.105053
  0
VERTEX
  8
0
 10
728.081062
 20
1158.618444
 42
0.099167
  0
VERTEX
  8
0
 10
728.311086
 20
1158.293750
 42
0.096420
  0
VERTEX
  8
0
 10
728.654762
 20
1158.076123
 42
0.093332
  0
VERTEX
  8
0
 10
729.059017
 20
1158.000000
 42
0.108972
  0
VERTEX
  8
0
 10
729.413961
 20
1158.078288
 42
0.182303
  0
VERTEX
  8
0
 10
729.625400
 20
1158.293750
 42
0.161196
  0
VERTEX
  8
0
 10
729.656512
 20
1158.617900
 42
0.082592
  0
VERTEX
  8
0
 10
729.500000
 20
1159.000000
 42
0.029505
  0
VERTEX
  8
0
 10
729.231006
 20
1159.382774
 42
0.035638
  0
VERTEX
  8
0
 10
728.933975
 20
1159.706250
 42
0.038439
  0
VERTEX
  8
0
 10
728.651710
 20
1159.934461
 42
0.151918
  0
VERTEX
  8
0
 10
728.440983
 20
1160.000000
 42
0.210953
  0
VERTEX
  8
0
 10
728.272352
 20
1159.925540
 42
0.081139
  0
VERTEX
  8
0
 10
728.129539
 20
1159.706250
 42
0.061769
  0
VERTEX
  8
0
 10
728.032345
 20
1159.382849
 42
0.042167
  0
SEQEND
  0
POLYLINE
  8
0
 66
1
 70
1
  0
VERTEX
  8
0
 10
576.000000
 20
1147.686640
 42
-0.071362
  0
VERTEX
  8
0
 10
567.943312
 20
1144.860570
 42
-0.025154
  0
VERTEX
  8
0
 10
555.798596
 20
1143.092299
 42
-0.025295
  0
VERTEX
  8
0
 10
543.475007
 20
1142.553317
 42
-0.066823
  0
VERTEX
  8
0
 10
534.750000
 20
1143.785711
 42
0.019660
  0
VERTEX
  8
0
 10
533.311829
 20
1144.129212
 42
0.034731
  0
VERTEX
  8
0
 10
532.101562
 20
1144.282154
 42
0.042251
  0
VERTEX
  8
0
 10
531.232894
 20
1144.257667
 42
0.381596
  0
VERTEX
  8
0
 10
531.000000
 20
1143.996945
 42
0.378716
  0
VERTEX
  8
0
 10
533.024877
 20
1141.707025
 42
0.018162
  0
VERTEX
  8
0
 10
544.044483
 20
1140.752785
 42
0.026478
  0
VERTEX
  8
0
 10
555.874080
 20
1140.786897
 42
0.052668
  0
VERTEX
  8
0
 10
565.112232
 20
1142.287854
 42
0.022816
  0
VERTEX
  8
0
 10
569.409290
 20
1143.673469
 42
0.016071
  0
VERTEX
  8
0
 10
574.106359
 20
1145.602543
 42
0.007812
  0
VERTEX
  8
0
 10
578.443938
 20
1147.631135
 42
0.286936
  0
VERTEX
  8
0
 10
579.000000
 20
1148.520324
 42
0.214193
  0
VERTEX
  8
0
 10
578.859963
 20
1148.832221
 42
0.254765
  0
VERTEX
  8
0
 10
578.549531
 20
1148.904207
 42
0.048803
  0
VERTEX
  8
0
 10
577.855585
 20
1148.636180
 42
0.003433
  0
SEQEND
  0
POLYLINE
  8
0
 66
1
 70
1
  0
VERTEX
  8
0
 10
718.000000
 20
1145.035380
 42
0.354814
  0
VERTEX
  8
0
 10
718.635427
 20
1144.252672
 42
0.005742
  0
VERTEX
  8
0
 10
724.590190
 20
1143.073537
 42
0.006644
  0
VERTEX
  8
0
 10
730.520058
 20
1142.051271
 42
0.240170
  0
VERTEX
  8
0
 10
731.800351
 20
1142.467018
 42
0.382679
  0
VERTEX
  8
0
 10
731.849029
 20
1143.360515
 42
0.133651
  0
VERTEX
  8
0
 10
730.715535
 20
1144.184403
 42
0.052198
  0
VERTEX
  8
0
 10
728.137828
 20
1144.865978
 42
0.017309
  0
VERTEX
  8
0
 10
724.250000
 20
1145.333120
 42
0.012389
  0
VERTEX
  8
0
 10
721.853566
 20
1145.477540
 42
0.020757
  0
VERTEX
  8
0
 10
719.835938
 20
1145.465245
 42
0.016166
  0
VERTEX
  8
0
 10
718.272196
 20
1145.339987
 42
0.381703
  0
SEQEND
  0
POLYLINE
  8
0
 66
1
 70
1
  0
VERTEX
  8
0
 10
583.003738
 20
1049.353592
 42
0.098863
  0
VERTEX
  8
0
 10
583.105530
 20
1048.855186
 42
0.012145
  0
VERTEX
  8
0
 10
583.564076
 20
1047.836155
 42
0.013983
  0
VERTEX
  8
0
 10
584.178754
 20
1046.641188
 42
0.011131
  0
VERTEX
  8
0
 10
584.906023
 20
1045.386509
 42
0.092935
  0
VERTEX
  8
0
 10
587.483852
 20
1042.522852
 42
0.054076
  0
VERTEX
  8
0
 10
591.451901
 20
1040.119992
 42
0.049099
  0
VERTEX
  8
0
 10
596.318872
 20
1038.407529
 42
0.044426
  0
VERTEX
  8
0
 10
601.593551
 20
1037.602714
 42
-0.010221
  0
VERTEX
  8
0
 10
608.990143
 20
1036.986926
 42
-0.027406
  0
VERTEX
  8
0
 10
614.206574
 20
1036.154187
 42
-0.033731
  0
VERTEX
  8
0
 10
618.644054
 20
1034.875586
 42
-0.024269
  0
VERTEX
  8
0
 10
623.401388
 20
1032.883796
 42
0.093709
  0
VERTEX
  8
0
 10
628.233507
 20
1031.607859
 42
0.026930
  0
VERTEX
  8
0
 10
636.001754
 20
1031.472347
 42
0.027731
  0
VERTEX
  8
0
 10
643.900975
 20
1032.199950
 42
0.070212
  0
VERTEX
  8
0
 10
649.418348
 20
1033.831349
 42
-0.011609
  0
VERTEX
  8
0
 10
651.961794
 20
1034.920123
 42
-0.054100
  0
VERTEX
  8
0
 10
653.495756
 20
1035.349878
 42
-0.113326
  0
VERTEX
  8
0
 10
654.485416
 20
1035.289805
 42
-0.181735
  0
VERTEX
  8
0
 10
655.153035
 20
1034.786625
 42
0.015250
  0
VERTEX
  8
0
 10
655.571696
 20
1034.169235
 42
0.222980
  0
VERTEX
  8
0
 10
655.795943
 20
1034.045084
 42
0.395291
  0
VERTEX
  8
0
 10
655.943863
 20
1034.166185
 42
0.029870
  0
VERTEX
  8
0
 10
655.984687
 20
1034.730948
 42
-0.289677
  0
VERTEX
  8
0
 10
656.726782
 20
1035.872676
 42
-0.058664
  0
VERTEX
  8
0
 10
659.134851
 20
1036.652891
 42
-0.033491
  0
VERTEX
  8
0
 10
663.224460
 20
1037.184131
 42
-0.008877
  0
VERTEX
  8
0
 10
669.805421
 20
1037.476959
 42
0.007185
  0
VERTEX
  8
0
 10
676.998138
 20
1037.772628
 42
0.034897
  0
VERTEX
  8
0
 10
681.046669
 20
1038.282247
 42
0.057581
  0
VERTEX
  8
0
 10
683.951058
 20
1039.212669
 42
0.048468
  0
VERTEX
  8
0
 10
686.752781
 20
1040.823965
 42
0.040810
  0
VERTEX
  8
0
 10
688.780181
 20
1042.532837
 42
0.025392
  0
VERTEX
  8
0
 10
690.873959
 20
1044.834691
 42
0.021450
  0
VERTEX
  8
0
 10
692.592893
 20
1047.122180
 42
0.151528
  0
VERTEX
  8
0
 10
693.000000
 20
1048.434680
 42
0.551161
  0
VERTEX
  8
0
 10
692.847522
 20
1048.530984
 42
0.012720
  0
VERTEX
  8
0
 10
691.930883
 20
1048.065847
 42
0.016373
  0
VERTEX
  8
0
 10
690.756889
 20
1047.381509
 42
0.008932
  0
VERTEX
  8
0
 10
689.360453
 20
1046.469863
 42
-0.064210
  0
VERTEX
  8
0
 10
686.092212
 20
1044.817979
 42
-0.070391
  0
VERTEX
  8
0
 10
682.612590
 20
1044.115552
 42
-0.053425
  0
VERTEX
  8
0
 10
678.339214
 20
1044.321292
 42
-0.020520
  0
VERTEX
  8
0
 10
672.500000
 20
1045.479999
 42
0.011398
  0
VERTEX
  8
0
 10
669.937254
 20
1046.037303
 42
0.009572
  0
VERTEX
  8
0
 10
667.198278
 20
1046.513648
 42
0.009690
  0
VERTEX
  8
0
 10
664.679185
 20
1046.852396
 42
0.026121
  0
VERTEX
  8
0
 10
662.877118
 20
1046.964378
 42
0.067424
  0
VERTEX
  8
0
 10
659.414336
 20
1046.529920
 42
0.029840
  0
VERTEX
  8
0
 10
655.029521
 20
1045.081120
 42
0.025010
  0
VERTEX
  8
0
 10
651.045661
 20
1043.259862
 42
0.195034
  0
VERTEX
  8
0
 10
649.746420
 20
1041.738350
 42
-0.249806
  0
VERTEX
  8
0
 10
649.136287
 20
1041.158825
 42
-0.026437
  0
VERTEX
  8
0
 10
647.154826
 20
1040.721508
 42
-0.022966
  0
VERTEX
  8
0
 10
644.259025
 20
1040.376928
 42
-0.008601
  0
VERTEX
  8
0
 10
640.174490
 20
1040.150783
 42
-0.007326
  0
VERTEX
  8
0
 10
634.416070
 20
1040.015691
 42
-0.051537
  0
VERTEX
  8
0
 10
631.627553
 20
1040.279090
 42
-0.073781
  0
VERTEX
  8
0
 10
629.377576
 20
1041.086290
 42
-0.023322
  0
VERTEX
  8
0
 10
626.305134
 20
1042.921278
 42
0.027783
  0
VERTEX
  8
0
 10
621.164606
 20
1045.929561
 42
0.068957
  0
VERTEX
  8
0
 10
617.056755
 20
1047.365239
 42
0.078469
  0
VERTEX
  8
0
 10
613.043626
 20
1047.533537
 42
0.044826
  0
VERTEX
  8
0
 10
608.282429
 20
1046.547078
 42
-0.000313
  0
VERTEX
  8
0
 10
605.807702
 20
1045.799785
 42
-0.000253
  0
VERTEX
  8
0
 10
603.152715
 20
1045.001336
 42
-0.000256
  0
VERTEX
  8
0
 10
600.704173
 20
1044.267693
 42
-0.000665
  0
VERTEX
  8
0
 10
598.939581
 20
1043.742517
 42
-0.058459
  0
VERTEX
  8
0
 10
595.624802
 20
1043.169567
 42
-0.080100
  0
VERTEX
  8
0
 10
592.619174
 20
1043.487805
 42
-0.073239
  0
VERTEX
  8
0
 10
589.671722
 20
1044.774341
 42
-0.040711
  0
VERTEX
  8
0
 10
586.518340
 20
1047.118041
 42
0.012849
  0
VERTEX
  8
0
 10
585.167837
 20
1048.243687
 42
0.025660
  0
VERTEX
  8
0
 10
584.034610
 20
1049.049006
 42
0.033726
  0
VERTEX
  8
0
 10
583.220278
 20
1049.492923
 42
0.548527
  0
SEQEND
  0
POLYLINE
  8
0
 66
1
 70
1
  0
VERTEX
  8
0
 10
631.000000
 20
1043.000000
 42
0.105053
  0
VERTEX
  8
0
 10
631.081062
 20
1042.618444
 42
0.099167
  0
VERTEX
  8
0
 10
631.311086
 20
1042.293750
 42
0.096420
  0
VERTEX
  8
0
 10
631.654762
 20
1042.076123
 42
0.093332
  0
VERTEX
  8
0
 10
632.059017
 20
1042.000000
 42
0.108972
  0
VERTEX
  8
0
 10
632.413961
 20
1042.078288
 42
0.182303
  0
VERTEX
  8
0
 10
632.625400
 20
1042.293750
 42
0.161196
  0
VERTEX
  8
0
 10
632.656512
 20
1042.617900
 42
0.082592
  0
VERTEX
  8
0
 10
632.500000
 20
1043.000000
 42
0.029505
  0
VERTEX
  8
0
 10
632.231006
 20
1043.382774
 42
0.035638
  0
VERTEX
  8
0
 10
631.933975
 20
1043.706250
 42
0.038439
  0
VERTEX
  8
0
 10
631.651710
 20
1043.934461
 42
0.151918
  0
VERTEX
  8
0
 10
631.440983
 20
1044.000000
 42
0.210953
  0
VERTEX
  8
0
 10
631.272352
 20
1043.925540
 42
0.081139
  0
VERTEX
  8
0
 10
631.129539
 20
1043.706250
 42
0.061769
  0
VERTEX
  8
0
 10
631.032345
 20
1043.382849
 42
0.042167
  0
SEQEND
  0
POLYLINE
  8
0
 66
1
 70
1
  0
VERTEX
  8
0
 10
731.539327
 20
1011.063632
 42
-0.107408
  0
VERTEX
  8
0
 10
731.192895
 20
1010.704623
 42
-0.051028
  0
VERTEX
  8
0
 10
730.622336
 20
1010.402298
 42
-0.047274
  0
VERTEX
  8
0
 10
729.935111
 20
1010.196610
 42
-0.049112
  0
VERTEX
  8
0
 10
729.230310
 20
1010.127180
 42
0.040810
  0
VERTEX
  8
0
 10
728.201568
 20
1010.043023
 42
0.005715
  0
VERTEX
  8
0
 10
726.098904
 20
1009.672060
 42
0.006498
  0
VERTEX
  8
0
 10
723.615501
 20
1009.171095
 42
0.005479
  0
VERTEX
  8
0
 10
721.000000
 20
1008.577952
 42
-0.003652
  0
VERTEX
  8
0
 10
711.934760
 20
1006.487292
 42
-0.007889
  0
VERTEX
  8
0
 10
704.924426
 20
1005.040087
 42
-0.010130
  0
VERTEX
  8
0
 10
699.339508
 20
1004.095523
 42
-0.019187
  0
VERTEX
  8
0
 10
694.803439
 20
1003.599526
 42
0.015678
  0
VERTEX
  8
0
 10
692.525178
 20
1003.366573
 42
0.015692
  0
VERTEX
  8
0
 10
690.266692
 20
1002.991361
 42
0.015718
  0
VERTEX
  8
0
 10
688.319845
 20
1002.540762
 42
0.058195
  0
VERTEX
  8
0
 10
687.148702
 20
1002.079583
 42
-0.059880
  0
VERTEX
  8
0
 10
686.158124
 20
1001.693344
 42
-0.036400
  0
VERTEX
  8
0
 10
684.919762
 20
1001.468771
 42
-0.036048
  0
VERTEX
  8
0
 10
683.639908
 20
1001.424516
 42
-0.052148
  0
VERTEX
  8
0
 10
682.520519
 20
1001.584206
 42
0.031961
  0
VERTEX
  8
0
 10
681.462853
 20
1001.778861
 42
0.077455
  0
VERTEX
  8
0
 10
680.671323
 20
1001.749960
 42
0.134324
  0
VERTEX
  8
0
 10
680.186372
 20
1001.510810
 42
0.214607
  0
VERTEX
  8
0
 10
680.000000
 20
1001.096590
 42
-0.270224
  0
VERTEX
  8
0
 10
679.742178
 20
1000.654374
 42
-0.096951
  0
VERTEX
  8
0
 10
679.023614
 20
1000.414802
 42
-0.053168
  0
VERTEX
  8
0
 10
677.830076
 20
1000.388205
 42
-0.018655
  0
VERTEX
  8
0
 10
676.125595
 20
1000.595907
 42
0.023479
  0
VERTEX
  8
0
 10
674.466134
 20
1000.781900
 42
0.042861
  0
VERTEX
  8
0
 10
673.104656
 20
1000.753299
 42
0.055262
  0
VERTEX
  8
0
 10
672.098832
 20
1000.531454
 42
0.174161
  0
VERTEX
  8
0
 10
671.566578
 20
1000.107725
 42
-0.138839
  0
VERTEX
  8
0
 10
671.100706
 20
999.681224
 42
-0.042916
  0
VERTEX
  8
0
 10
670.208822
 20
999.325394
 42
-0.039202
  0
VERTEX
  8
0
 10
669.095240
 20
999.081667
 42
-0.034290
  0
VERTEX
  8
0
 10
667.905800
 20
999.000000
 42
0.039484
  0
VERTEX
  8
0
 10
666.604403
 20
998.897070
 42
0.026956
  0
VERTEX
  8
0
 10
665.153280
 20
998.585113
 42
0.027237
  0
VERTEX
  8
0
 10
663.777997
 20
998.129184
 42
0.048313
  0
VERTEX
  8
0
 10
662.714817
 20
997.587617
 42
-0.040192
  0
VERTEX
  8
0
 10
661.617978
 20
997.006322
 42
-0.018969
  0
VERTEX
  8
0
 10
660.122477
 20
996.427882
 42
-0.018659
  0
VERTEX
  8
0
 10
658.502189
 20
995.937625
 42
-0.025003
  0
VERTEX
  8
0
 10
657.000000
 20
995.622927
 42
0.005616
  0
VERTEX
  8
0
 10
655.203604
 20
995.318735
 42
0.001806
  0
VERTEX
  8
0
 10
652.545313
 20
994.827901
 42
0.001801
  0
VERTEX
  8
0
 10
649.590956
 20
994.260336
 42
0.002016
  0
VERTEX
  8
0
 10
646.750000
 20
993.692037
 42
-0.004467
  0
VERTEX
  8
0
 10
642.494803
 20
992.862510
 42
-0.064608
  0
VERTEX
  8
0
 10
640.963439
 20
992.778877
 42
-0.245014
  0
VERTEX
  8
0
 10
640.270681
 20
993.208426
 42
-0.134604
  0
VERTEX
  8
0
 10
640.000000
 20
994.195683
 42
0.022897
  0
VERTEX
  8
0
 10
639.948652
 20
995.316404
 42
0.404041
  0
VERTEX
  8
0
 10
639.698019
 20
995.532378
 42
0.168882
  0
VERTEX
  8
0
 10
639.249076
 20
995.347145
 42
0.006025
  0
VERTEX
  8
0
 10
637.848556
 20
994.073536
 42
-0.041972
  0
VERTEX
  8
0
 10
636.202715
 20
992.779946
 42
-0.209496
  0
VERTEX
  8
0
 10
635.071800
 20
992.586727
 42
-0.331331
  0
VERTEX
  8
0
 10
634.508102
 20
993.273767
 42
-0.075892
  0
VERTEX
  8
0
 10
634.674448
 20
994.863090
 42
0.178676
  0
VERTEX
  8
0
 10
634.532078
 20
996.313551
 42
0.173137
  0
VERTEX
  8
0
 10
633.480133
 20
997.346856
 42
0.149759
  0
VERTEX
  8
0
 10
631.876366
 20
997.566774
 42
0.133711
  0
VERTEX
  8
0
 10
630.341996
 20
996.868868
 42
-0.060689
  0
VERTEX
  8
0
 10
629.583193
 20
996.380898
 42
-0.168415
  0
VERTEX
  8
0
 10
628.961911
 20
996.308147
 42
-0.142338
  0
VERTEX
  8
0
 10
628.360634
 20
996.636555
 42
-0.039205
  0
VERTEX
  8
0
 10
627.651070
 20
997.462512
 42
0.026590
  0
VERTEX
  8
0
 10
626.848412
 20
998.445923
 42
0.198008
  0
VERTEX
  8
0
 10
626.314295
 20
998.698766
 42
0.187733
  0
VERTEX
  8
0
 10
625.740307
 20
998.508567
 42
0.023573
  0
VERTEX
  8
0
 10
624.753754
 20
997.610897
 42
-0.051487
  0
VERTEX
  8
0
 10
623.435879
 20
996.539687
 42
-0.104959
  0
VERTEX
  8
0
 10
622.198481
 20
996.059061
 42
-0.205720
  0
VERTEX
  8
0
 10
621.363221
 20
996.267408
 42
-0.234293
  0
VERTEX
  8
0
 10
621.000000
 20
997.000000
 42
0.170265
  0
VERTEX
  8
0
 10
620.866026
 20
997.382023
 42
0.093877
  0
VERTEX
  8
0
 10
620.485937
 20
997.708060
 42
0.074587
  0
VERTEX
  8
0
 10
619.919433
 20
997.929676
 42
0.055175
  0
VERTEX
  8
0
 10
619.250000
 20
998.006161
 42
-0.056093
  0
VERTEX
  8
0
 10
618.389195
 20
998.106107
 42
-0.020549
  0
VERTEX
  8
0
 10
617.206250
 20
998.431907
 42
-0.020068
  0
VERTEX
  8
0
 10
615.931277
 20
998.897271
 42
-0.022682
  0
VERTEX
  8
0
 10
614.750000
 20
999.446858
 42
0.011762
  0
VERTEX
  8
0
 10
613.233326
 20
1000.193188
 42
0.103657
  0
VERTEX
  8
0
 10
612.509264
 20
1000.360581
 42
0.296716
  0
VERTEX
  8
0
 10
612.139455
 20
1000.130650
 42
0.109852
  0
VERTEX
  8
0
 10
612.000000
 20
999.503567
 42
-0.367629
  0
VERTEX
  8
0
 10
611.312832
 20
998.695284
 42
-0.052912
  0
VERTEX
  8
0
 10
608.973813
 20
998.564399
 42
-0.040146
  0
VERTEX
  8
0
 10
605.675163
 20
998.995915
 42
-0.023319
  0
VERTEX
  8
0
 10
601.809123
 20
1000.011773
 42
0.027867
  0
VERTEX
  8
0
 10
600.577819
 20
1000.323379
 42
0.075151
  0
VERTEX
  8
0
 10
599.678638
 20
1000.361281
 42
0.122367
  0
VERTEX
  8
0
 10
599.073151
 20
1000.139289
 42
0.164207
  0
VERTEX
  8
0
 10
598.721745
 20
999.677370
 42
-0.084245
  0
VERTEX
  8
0
 10
598.454451
 20
999.179765
 42
-0.226900
  0
VERTEX
  8
0
 10
598.104468
 20
999.004826
 42
-0.144857
  0
VERTEX
  8
0
 10
597.624808
 20
999.137798
 42
-0.030877
  0
VERTEX
  8
0
 10
596.912621
 20
999.646101
 42
0.094089
  0
VERTEX
  8
0
 10
595.356516
 20
1000.484092
 42
0.027467
  0
VERTEX
  8
0
 10
592.711080
 20
1001.163639
 42
0.012431
  0
VERTEX
  8
0
 10
588.079068
 20
1001.966666
 42
0.001461
  0
VERTEX
  8
0
 10
577.713959
 20
1003.468332
 42
-0.001851
  0
VERTEX
  8
0
 10
573.768289
 20
1004.043110
 42
-0.002126
  0
VERTEX
  8
0
 10
570.005342
 20
1004.621868
 42
-0.001911
  0
VERTEX
  8
0
 10
566.818954
 20
1005.138315
 42
-0.012251
  0
VERTEX
  8
0
 10
565.213959
 20
1005.445329
 42
0.001845
  0
VERTEX
  8
0
 10
564.003664
 20
1005.703059
 42
0.001207
  0
VERTEX
  8
0
 10
562.606317
 20
1005.991717
 42
0.001214
  0
VERTEX
  8
0
 10
561.243202
 20
1006.266431
 42
0.002326
  0
VERTEX
  8
0
 10
560.147972
 20
1006.479099
 42
-0.024323
  0
VERTEX
  8
0
 10
559.163285
 20
1006.715663
 42
-0.020637
  0
VERTEX
  8
0
 10
558.149635
 20
1007.057977
 42
-0.021142
  0
VERTEX
  8
0
 10
557.251453
 20
1007.447528
 42
-0.053385
  0
VERTEX
  8
0
 10
556.647972
 20
1007.824344
 42
0.053275
  0
VERTEX
  8
0
 10
556.022974
 20
1008.214784
 42
0.017806
  0
VERTEX
  8
0
 10
555.035990
 20
1008.651208
 42
0.017491
  0
VERTEX
  8
0
 10
553.900879
 20
1009.060089
 42
0.019094
  0
VERTEX
  8
0
 10
552.772421
 20
1009.375537
 42
0.032954
  0
VERTEX
  8
0
 10
551.265884
 20
1009.631841
 42
0.155244
  0
VERTEX
  8
0
 10
550.417632
 20
1009.455119
 42
0.165565
  0
VERTEX
  8
0
 10
549.858166
 20
1008.828974
 42
0.038809
  0
VERTEX
  8
0
 10
549.404780
 20
1007.476634
 42
0.082395
  0
VERTEX
  8
0
 10
549.124883
 20
1004.049354
 42
0.076585
  0
VERTEX
  8
0
 10
549.948500
 20
1000.621518
 42
0.056176
  0
VERTEX
  8
0
 10
552.052250
 20
996.778931
 42
0.022114
  0
VERTEX
  8
0
 10
555.744262
 20
991.995836
 42
-0.004777
  0
VERTEX
  8
0
 10
558.154968
 20
989.087004
 42
-0.004091
  0
VERTEX
  8
0
 10
560.638884
 20
985.979267
 42
-0.004123
  0
VERTEX
  8
0
 10
562.849520
 20
983.118314
 42
-0.011755
  0
VERTEX
  8
0
 10
564.324278
 20
981.079038
 42
0.015561
  0
VERTEX
  8
0
 10
565.457616
 20
979.536728
 42
0.025149
  0
VERTEX
  8
0
 10
566.525366
 20
978.307287
 42
0.022478
  0
VERTEX
  8
0
 10
567.435087
 20
977.441892
 42
0.328356
  0
VERTEX
  8
0
 10
567.851336
 20
977.408121
 42
-0.335540
  0
VERTEX
  8
0
 10
568.282119
 20
977.367553
 42
-0.016508
  0
VERTEX
  8
0
 10
569.367851
 20
976.305486
 42
-0.021159
  0
VERTEX
  8
0
 10
570.645035
 20
974.852489
 42
-0.013058
  0
VERTEX
  8
0
 10
572.027058
 20
973.044544
 42
0.009058
  0
VERTEX
  8
0
 10
573.394673
 20
971.225475
 42
0.014762
  0
VERTEX
  8
0
 10
574.627296
 20
969.738984
 42
0.008450
  0
VERTEX
  8
0
 10
575.685217
 20
968.577396
 42
0.344663
  0
VERTEX
  8
0
 10
576.002033
 20
968.529078
 42
-0.347761
  0
VERTEX
  8
0
 10
576.311270
 20
968.480163
 42
-0.010381
  0
VERTEX
  8
0
 10
577.237247
 20
967.432450
 42
-0.016468
  0
VERTEX
  8
0
 10
578.316514
 20
966.070464
 42
-0.010091
  0
VERTEX
  8
0
 10
579.502033
 20
964.399241
 42
0.019351
  0
VERTEX
  8
0
 10
580.778221
 20
962.669003
 42
0.022012
  0
VERTEX
  8
0
 10
582.133410
 20
961.118308
 42
0.021867
  0
VERTEX
  8
0
 10
583.387092
 20
959.915160
 42
0.103102
  0
VERTEX
  8
0
 10
584.250000
 20
959.426088
 42
-0.069055
  0
VERTEX
  8
0
 10
584.918970
 20
959.104553
 42
-0.066200
  0
VERTEX
  8
0
 10
585.485937
 20
958.609148
 42
-0.071097
  0
VERTEX
  8
0
 10
585.869227
 20
958.022199
 42
-0.109571
  0
VERTEX
  8
0
 10
586.000000
 20
957.432612
 42
0.065596
  0
VERTEX
  8
0
 10
586.072160
 20
956.884943
 42
0.082946
  0
VERTEX
  8
0
 10
586.283622
 20
956.420830
 42
0.099118
  0
VERTEX
  8
0
 10
586.597321
 20
956.110393
 42
0.146684
  0
VERTEX
  8
0
 10
586.965522
 20
956.000000
 42
-0.137986
  0
VERTEX
  8
0
 10
587.499856
 20
955.849677
 42
-0.018103
  0
VERTEX
  8
0
 10
588.493222
 20
955.192188
 42
-0.019917
  0
VERTEX
  8
0
 10
589.637160
 20
954.303064
 42
-0.015473
  0
VERTEX
  8
0
 10
590.810365
 20
953.250000
 42
0.007684
  0
VERTEX
  8
0
 10
594.043940
 20
950.255318
 42
0.014081
  0
VERTEX
  8
0
 10
596.782876
 20
947.931760
 42
0.017212
  0
VERTEX
  8
0
 10
599.135975
 20
946.176300
 42
0.032486
  0
VERTEX
  8
0
 10
601.164538
 20
944.955958
 42
-0.019312
  0
VERTEX
  8
0
 10
602.203730
 20
944.367493
 42
-0.011346
  0
VERTEX
  8
0
 10
603.401458
 20
943.588654
 42
-0.011339
  0
VERTEX
  8
0
 10
604.565186
 20
942.754466
 42
-0.018940
  0
VERTEX
  8
0
 10
605.500000
 20
941.994674
 42
0.043709
  0
VERTEX
  8
0
 10
606.545029
 20
941.227926
 42
0.017726
  0
VERTEX
  8
0
 10
608.087500
 20
940.364762
 42
0.017380
  0
VERTEX
  8
0
 10
609.821924
 20
939.548277
 42
0.021159
  0
VERTEX
  8
0
 10
611.500000
 20
938.911064
 42
-0.009036
  0
VERTEX
  8
0
 10
613.114990
 20
938.342200
 42
-0.009893
  0
VERTEX
  8
0
 10
614.659913
 20
937.731352
 42
-0.009402
  0
VERTEX
  8
0
 10
615.958832
 20
937.158883
 42
-0.047821
  0
VERTEX
  8
0
 10
616.640128
 20
936.760168
 42
0.123870
  0
VERTEX
  8
0
 10
618.843646
 20
935.883698
 42
0.006255
  0
VERTEX
  8
0
 10
626.582413
 20
934.953866
 42
0.010909
  0
VERTEX
  8
0
 10
634.874327
 20
934.245230
 42
0.015616
  0
VERTEX
  8
0
 10
642.250000
 20
934.007589
 42
0.009534
  0
VERTEX
  8
0
 10
646.440216
 20
934.083392
 42
0.041128
  0
VERTEX
  8
0
 10
648.912051
 20
934.379853
 42
0.069255
  0
VERTEX
  8
0
 10
650.603320
 20
934.977857
 42
0.076963
  0
VERTEX
  8
0
 10
652.000000
 20
936.000000
 42
-0.038286
  0
VERTEX
  8
0
 10
653.456026
 20
937.248620
 42
-0.084293
  0
VERTEX
  8
0
 10
654.762785
 20
937.902804
 42
-0.190138
  0
VERTEX
  8
0
 10
655.616573
 20
937.834494
 42
-0.286247
  0
VERTEX
  8
0
 10
656.000000
 20
937.219623
 42
0.414771
  0
VERTEX
  8
0
 10
656.694651
 20
936.526292
 42
0.011019
  0
VERTEX
  8
0
 10
661.473149
 20
936.640711
 42
0.020089
  0
VERTEX
  8
0
 10
666.509379
 20
937.075656
 42
0.034666
  0
VERTEX
  8
0
 10
670.633512
 20
937.892898
 42
0.023381
  0
VERTEX
  8
0
 10
672.306786
 20
938.432003
 42
0.023614
  0
VERTEX
  8
0
 10
673.916741
 20
939.123443
 42
0.024228
  0
VERTEX
  8
0
 10
675.255843
 20
939.857301
 42
0.082260
  0
VERTEX
  8
0
 10
676.005956
 20
940.507177
 42
-0.057038
  0
VERTEX
  8
0
 10
676.602094
 20
941.078469
 42
-0.043497
  0
VERTEX
  8
0
 10
677.367019
 20
941.561483
 42
-0.044544
  0
VERTEX
  8
0
 10
678.175486
 20
941.891219
 42
-0.074696
  0
VERTEX
  8
0
 10
678.899583
 20
942.000000
 42
0.115473
  0
VERTEX
  8
0
 10
679.756843
 20
942.200655
 42
0.025246
  0
VERTEX
  8
0
 10
681.088364
 20
942.946040
 42
0.025015
  0
VERTEX
  8
0
 10
682.576158
 20
943.987742
 42
0.021720
  0
VERTEX
  8
0
 10
684.027139
 20
945.220563
 42
-0.011516
  0
VERTEX
  8
0
 10
685.405381
 20
946.440864
 42
-0.017066
  0
VERTEX
  8
0
 10
686.672365
 20
947.439560
 42
-0.012293
  0
VERTEX
  8
0
 10
687.748666
 20
948.189918
 42
-0.219694
  0
VERTEX
  8
0
 10
688.155382
 20
948.252103
 42
0.264102
  0
VERTEX
  8
0
 10
688.555645
 20
948.348196
 42
0.009183
  0
VERTEX
  8
0
 10
689.747334
 20
949.504652
 42
0.014968
  0
VERTEX
  8
0
 10
691.133910
 20
950.986778
 42
0.009646
  0
VERTEX
  8
0
 10
692.654468
 20
952.781539
 42
-0.005601
  0
VERTEX
  8
0
 10
694.318566
 20
954.778259
 42
-0.004584
  0
VERTEX
  8
0
 10
696.140825
 20
956.876341
 42
-0.004632
  0
VERTEX
  8
0
 10
697.852384
 20
958.775111
 42
-0.012160
  0
VERTEX
  8
0
 10
699.125376
 20
960.095366
 42
0.025401
  0
VERTEX
  8
0
 10
700.347971
 20
961.432443
 42
0.077831
  0
VERTEX
  8
0
 10
700.971740
 20
962.485994
 42
0.117027
  0
VERTEX
  8
0
 10
701.109302
 20
963.420067
 42
0.106255
  0
VERTEX
  8
0
 10
700.822167
 20
964.353286
 42
-0.088602
  0
VERTEX
  8
0
 10
700.343587
 20
965.734874
 42
-0.155271
  0
VERTEX
  8
0
 10
700.524365
 20
966.920082
 42
-0.169967
  0
VERTEX
  8
0
 10
701.333903
 20
967.712382
 42
-0.109920
  0
VERTEX
  8
0
 10
702.626405
 20
968.000000
 42
-0.104321
  0
VERTEX
  8
0
 10
703.277820
 20
967.862592
 42
-0.198534
  0
VERTEX
  8
0
 10
703.641788
 20
967.481978
 42
-0.127289
  0
VERTEX
  8
0
 10
703.721601
 20
966.807926
 42
-0.034725
  0
VERTEX
  8
0
 10
703.501881
 20
965.750000
 42
0.005506
  0
VERTEX
  8
0
 10
703.180214
 20
964.556159
 42
0.192299
  0
VERTEX
  8
0
 10
703.216446
 20
964.274156
 42
0.538239
  0
VERTEX
  8
0
 10
703.375733
 20
964.262105
 42
0.011991
  0
VERTEX
  8
0
 10
703.919181
 20
965.000000
 42
0.064961
  0
VERTEX
  8
0
 10
704.746224
 20
966.584449
 42
0.128193
  0
VERTEX
  8
0
 10
704.881839
 20
967.987793
 42
0.121508
  0
VERTEX
  8
0
 10
704.313938
 20
969.329187
 42
0.055151
  0
VERTEX
  8
0
 10
703.002377
 20
970.729993
 42
-0.024275
  0
VERTEX
  8
0
 10
701.800413
 20
971.864735
 42
-0.236373
  0
VERTEX
  8
0
 10
701.598846
 20
972.513144
 42
-0.165086
  0
VERTEX
  8
0
 10
701.965517
 20
973.200494
 42
-0.010918
  0
VERTEX
  8
0
 10
703.657916
 20
974.720206
 42
-0.039404
  0
VERTEX
  8
0
 10
704.851962
 20
975.592789
 42
-0.032617
  0
VERTEX
  8
0
 10
706.244355
 20
976.330310
 42
-0.033798
  0
VERTEX
  8
0
 10
707.617826
 20
976.838412
 42
-0.071812
  0
VERTEX
  8
0
 10
708.737099
 20
977.000000
 42
0.000000
  0
VERTEX
  8
0
 10
711.163119
 20
977.000000
 42
0.000000
  0
VERTEX
  8
0
 10
709.094814
 20
980.346588
 42
-0.016686
  0
VERTEX
  8
0
 10
708.339076
 20
981.665884
 42
-0.025607
  0
VERTEX
  8
0
 10
707.783486
 20
982.859528
 42
-0.023133
  0
VERTEX
  8
0
 10
707.441785
 20
983.831146
 42
-0.276035
  0
VERTEX
  8
0
 10
707.535147
 20
984.201814
 42
-0.213080
  0
VERTEX
  8
0
 10
707.925047
 20
984.351035
 42
-0.016867
  0
VERTEX
  8
0
 10
709.055082
 20
984.251228
 42
-0.020553
  0
VERTEX
  8
0
 10
710.444350
 20
984.022859
 42
-0.014203
  0
VERTEX
  8
0
 10
711.995136
 20
983.655776
 42
0.020519
  0
VERTEX
  8
0
 10
714.292864
 20
983.142437
 42
0.089923
  0
VERTEX
  8
0
 10
715.678227
 20
983.143259
 42
0.107844
  0
VERTEX
  8
0
 10
716.845411
 20
983.629618
 42
0.036145
  0
VERTEX
  8
0
 10
718.287695
 20
984.800550
 42
-0.015439
  0
VERTEX
  8
0
 10
719.241585
 20
985.642783
 42
-0.019810
  0
VERTEX
  8
0
 10
720.171572
 20
986.353912
 42
-0.018029
  0
VERTEX
  8
0
 10
720.978819
 20
986.879513
 42
-0.136105
  0
VERTEX
  8
0
 10
721.413241
 20
987.000000
 42
0.211819
  0
VERTEX
  8
0
 10
722.939622
 20
987.677008
 42
0.004523
  0
VERTEX
  8
0
 10
728.521294
 20
993.954200
 42
0.011035
  0
VERTEX
  8
0
 10
733.794210
 20
1000.269337
 42
0.028436
  0
VERTEX
  8
0
 10
737.230195
 20
1005.115243
 42
0.026062
  0
VERTEX
  8
0
 10
737.963502
 20
1006.433005
 42
0.080661
  0
VERTEX
  8
0
 10
738.258353
 20
1007.404318
 42
0.122236
  0
VERTEX
  8
0
 10
738.173052
 20
1008.180072
 42
0.108577
  0
VERTEX
  8
0
 10
737.734757
 20
1008.865243
 42
-0.031191
  0
VERTEX
  8
0
 10
737.238877
 20
1009.427176
 42
-0.233232
  0
VERTEX
  8
0
 10
737.169452
 20
1009.765485
 42
-0.281723
  0
VERTEX
  8
0
 10
737.395823
 20
1009.983116
 42
-0.042042
  0
VERTEX
  8
0
 10
738.050000
 20
1010.070285
 42
0.071975
  0
VERTEX
  8
0
 10
738.509741
 20
1010.159721
 42
0.473582
  0
VERTEX
  8
0
 10
738.579675
 20
1010.351083
 42
0.140537
  0
VERTEX
  8
0
 10
738.287406
 20
1010.627399
 42
0.018063
  0
VERTEX
  8
0
 10
737.500000
 20
1011.000000
 42
0.039542
  0
VERTEX
  8
0
 10
735.546177
 20
1011.662287
 42
0.059344
  0
VERTEX
  8
0
 10
733.762705
 20
1011.894045
 42
0.076247
  0
VERTEX
  8
0
 10
732.359307
 20
1011.694094
 42
0.182874
  0
SEQEND
  0
POLYLINE
  8
0
 66
1
 70
1
  0
VERTEX
  8
0
 10
705.393011
 20
998.418213
 42
-0.101120
  0
VERTEX
  8
0
 10
705.995991
 20
994.793704
 42
-0.064344
  0
VERTEX
  8
0
 10
705.290213
 20
990.560757
 42
-0.068289
  0
VERTEX
  8
0
 10
703.648715
 20
986.982418
 42
-0.191914
  0
VERTEX
  8
0
 10
701.455148
 20
985.399387
 42
0.032118
  0
VERTEX
  8
0
 10
700.515101
 20
985.098141
 42
0.044133
  0
VERTEX
  8
0
 10
699.721200
 20
984.702288
 42
0.051657
  0
VERTEX
  8
0
 10
699.165899
 20
984.276657
 42
0.206253
  0
VERTEX
  8
0
 10
699.000000
 20
983.891592
 42
-0.279919
  0
VERTEX
  8
0
 10
698.578629
 20
983.197902
 42
-0.205378
  0
VERTEX
  8
0
 10
697.659119
 20
983.129791
 42
-0.082218
  0
VERTEX
  8
0
 10
696.195394
 20
983.920426
 42
-0.031531
  0
VERTEX
  8
0
 10
694.454545
 20
985.454545
 42
-0.020928
  0
VERTEX
  8
0
 10
693.514880
 20
986.476348
 42
-0.024965
  0
VERTEX
  8
0
 10
692.721023
 20
987.516773
 42
-0.024923
  0
VERTEX
  8
0
 10
692.149727
 20
988.444367
 42
-0.126210
  0
VERTEX
  8
0
 10
692.000000
 20
989.028086
 42
-0.193573
  0
VERTEX
  8
0
 10
692.688819
 20
990.740636
 42
-0.009613
  0
VERTEX
  8
0
 10
697.057104
 20
995.120637
 42
-0.009871
  0
VERTEX
  8
0
 10
701.583780
 20
999.318858
 42
-0.184044
  0
VERTEX
  8
0
 10
703.371588
 20
1000.000000
 42
-0.099575
  0
VERTEX
  8
0
 10
703.957665
 20
999.882114
 42
-0.066848
  0
VERTEX
  8
0
 10
704.548835
 20
999.535350
 42
-0.063723
  0
VERTEX
  8
0
 10
705.055287
 20
999.022926
 42
-0.071586
  0
SEQEND
  0
POLYLINE
  8
0
 66
1
 70
1
  0
VERTEX
  8
0
 10
582.031102
 20
998.000000
 42
-0.197710
  0
VERTEX
  8
0
 10
583.344044
 20
997.459717
 42
-0.015438
  0
VERTEX
  8
0
 10
586.006820
 20
994.653368
 42
-0.016572
  0
VERTEX
  8
0
 10
588.476564
 20
991.692086
 42
-0.166119
  0
VERTEX
  8
0
 10
588.995373
 20
990.190983
 42
0.082427
  0
VERTEX
  8
0
 10
589.072330
 20
989.737271
 42
0.160303
  0
VERTEX
  8
0
 10
589.292391
 20
989.448037
 42
0.181818
  0
VERTEX
  8
0
 10
589.618810
 20
989.367193
 42
0.109598
  0
VERTEX
  8
0
 10
590.000000
 20
989.500000
 42
0.111412
  0
VERTEX
  8
0
 10
590.383556
 20
989.876024
 42
0.050262
  0
VERTEX
  8
0
 10
590.706250
 20
990.506650
 42
0.046318
  0
VERTEX
  8
0
 10
590.925923
 20
991.270704
 42
0.046881
  0
VERTEX
  8
0
 10
591.000000
 20
992.059017
 42
-0.236870
  0
VERTEX
  8
0
 10
591.697896
 20
993.449527
 42
-0.166158
  0
VERTEX
  8
0
 10
593.395625
 20
993.995525
 42
-0.100660
  0
VERTEX
  8
0
 10
595.836815
 20
993.452723
 42
-0.061849
  0
VERTEX
  8
0
 10
598.367855
 20
991.925285
 42
0.012495
  0
VERTEX
  8
0
 10
599.904386
 20
990.777619
 42
0.118300
  0
VERTEX
  8
0
 10
600.661717
 20
990.474225
 42
0.266687
  0
VERTEX
  8
0
 10
601.176960
 20
990.677466
 42
0.077008
  0
VERTEX
  8
0
 10
601.618739
 20
991.448832
 42
-0.115756
  0
VERTEX
  8
0
 10
602.116972
 20
992.181976
 42
-0.129881
  0
VERTEX
  8
0
 10
602.870068
 20
992.578942
 42
-0.077892
  0
VERTEX
  8
0
 10
604.031458
 20
992.661910
 42
-0.021089
  0
VERTEX
  8
0
 10
605.866025
 20
992.428919
 42
-0.010848
  0
VERTEX
  8
0
 10
611.286514
 20
991.385368
 42
-0.041404
  0
VERTEX
  8
0
 10
614.577671
 20
990.386560
 42
-0.072604
  0
VERTEX
  8
0
 10
616.559501
 20
989.245613
 42
-0.150150
  0
VERTEX
  8
0
 10
617.566412
 20
987.790754
 42
0.012889
  0
VERTEX
  8
0
 10
618.030325
 20
986.449967
 42
0.269400
  0
VERTEX
  8
0
 10
618.346267
 20
986.191534
 42
0.268055
  0
VERTEX
  8
0
 10
618.728432
 20
986.337347
 42
0.012784
  0
VERTEX
  8
0
 10
619.597636
 20
987.464412
 42
-0.092270
  0
VERTEX
  8
0
 10
620.618775
 20
988.426064
 42
-0.122726
  0
VERTEX
  8
0
 10
621.821719
 20
988.834282
 42
-0.054943
  0
VERTEX
  8
0
 10
623.741886
 20
988.782710
 42
-0.006760
  0
VERTEX
  8
0
 10
627.896474
 20
988.154173
 42
0.010582
  0
VERTEX
  8
0
 10
630.669067
 20
987.756363
 42
0.013372
  0
VERTEX
  8
0
 10
633.247729
 20
987.511687
 42
0.011459
  0
VERTEX
  8
0
 10
635.399265
 20
987.414926
 42
0.097415
  0
VERTEX
  8
0
 10
636.347418
 20
987.579822
 42
-0.145762
  0
VERTEX
  8
0
 10
638.173034
 20
987.720529
 42
-0.105798
  0
VERTEX
  8
0
 10
640.042186
 20
986.878238
 42
-0.097561
  0
VERTEX
  8
0
 10
641.520339
 20
985.266213
 42
-0.104169
  0
VERTEX
  8
0
 10
642.233432
 20
983.250384
 42
0.004332
  0
VERTEX
  8
0
 10
642.497039
 20
981.394365
 42
0.513305
  0
VERTEX
  8
0
 10
642.681742
 20
981.299942
 42
0.203957
  0
VERTEX
  8
0
 10
642.896733
 20
981.559104
 42
0.001961
  0
VERTEX
  8
0
 10
643.601990
 20
983.955740
 42
0.000000
  0
VERTEX
  8
0
 10
644.604197
 20
987.411480
 42
0.000000
  0
VERTEX
  8
0
 10
654.052099
 20
988.777016
 42
-0.007865
  0
VERTEX
  8
0
 10
658.445079
 20
989.341561
 42
-0.020326
  0
VERTEX
  8
0
 10
661.632235
 20
989.569625
 42
-0.025923
  0
VERTEX
  8
0
 10
663.915050
 20
989.521576
 42
-0.120490
  0
VERTEX
  8
0
 10
665.159803
 20
989.119131
 42
0.066194
  0
VERTEX
  8
0
 10
666.036814
 20
988.727130
 42
0.152272
  0
VERTEX
  8
0
 10
666.751912
 20
988.737201
 42
0.127096
  0
VERTEX
  8
0
 10
667.418959
 20
989.163949
 42
0.039938
  0
VERTEX
  8
0
 10
668.159803
 20
990.101009
 42
-0.127772
  0
VERTEX
  8
0
 10
669.733398
 20
991.502116
 42
-0.038284
  0
VERTEX
  8
0
 10
672.718268
 20
992.752786
 42
-0.036973
  0
VERTEX
  8
0
 10
676.289407
 20
993.650730
 42
-0.040584
  0
VERTEX
  8
0
 10
679.843620
 20
993.976143
 42
-0.063237
  0
VERTEX
  8
0
 10
680.889500
 20
993.854139
 42
-0.093254
  0
VERTEX
  8
0
 10
681.728171
 20
993.471125
 42
-0.098248
  0
VERTEX
  8
0
 10
682.340535
 20
992.827552
 42
-0.077381
  0
VERTEX
  8
0
 10
682.725041
 20
991.943442
 42
0.052969
  0
VERTEX
  8
0
 10
683.062133
 20
991.052257
 42
0.133765
  0
VERTEX
  8
0
 10
683.522336
 20
990.541530
 42
0.158441
  0
VERTEX
  8
0
 10
684.123165
 20
990.383518
 42
0.084040
  0
VERTEX
  8
0
 10
684.881422
 20
990.556896
 42
-0.013764
  0
VERTEX
  8
0
 10
687.950526
 20
991.729487
 42
-0.166823
  0
VERTEX
  8
0
 10
689.194008
 20
991.737967
 42
-0.279942
  0
VERTEX
  8
0
 10
689.833508
 20
990.980424
 42
-0.038818
  0
VERTEX
  8
0
 10
690.000000
 20
988.839138
 42
-0.066747
  0
VERTEX
  8
0
 10
689.602843
 20
985.877301
 42
-0.072834
  0
VERTEX
  8
0
 10
688.441047
 20
983.218821
 42
-0.115057
  0
VERTEX
  8
0
 10
686.984367
 20
981.765406
 42
-0.348281
  0
VERTEX
  8
0
 10
685.684271
 20
981.915729
 42
0.055091
  0
VERTEX
  8
0
 10
684.644211
 20
982.748776
 42
0.171463
  0
VERTEX
  8
0
 10
683.781884
 20
982.946714
 42
0.257653
  0
VERTEX
  8
0
 10
683.212715
 20
982.541812
 42
0.112503
  0
VERTEX
  8
0
 10
683.000000
 20
981.608408
 42
0.154660
  0
VERTEX
  8
0
 10
683.183419
 20
981.029615
 42
0.069524
  0
VERTEX
  8
0
 10
683.734375
 20
980.441280
 42
0.059134
  0
VERTEX
  8
0
 10
684.543644
 20
979.932511
 42
0.049341
  0
VERTEX
  8
0
 10
685.500000
 20
979.589356
 42
-0.048714
  0
VERTEX
  8
0
 10
686.456385
 20
979.247540
 42
-0.058687
  0
VERTEX
  8
0
 10
687.265625
 20
978.742612
 42
-0.069112
  0
VERTEX
  8
0
 10
687.816856
 20
978.159972
 42
-0.156176
  0
VERTEX
  8
0
 10
688.000000
 20
977.587937
 42
-0.188381
  0
VERTEX
  8
0
 10
687.535344
 20
976.398418
 42
-0.127280
  0
VERTEX
  8
0
 10
686.297286
 20
975.599960
 42
-0.131771
  0
VERTEX
  8
0
 10
684.860133
 20
975.517132
 42
-0.204350
  0
VERTEX
  8
0
 10
683.854914
 20
976.216130
 42
0.171289
  0
VERTEX
  8
0
 10
683.321409
 20
976.640085
 42
0.187787
  0
VERTEX
  8
0
 10
682.663426
 20
976.614372
 42
0.084082
  0
VERTEX
  8
0
 10
681.776366
 20
976.035630
 42
0.018567
  0
VERTEX
  8
0
 10
680.484496
 20
974.750000
 42
-0.086874
  0
VERTEX
  8
0
 10
678.141750
 20
972.980855
 42
-0.081902
  0
VERTEX
  8
0
 10
675.289202
 20
972.066974
 42
-0.073879
  0
VERTEX
  8
0
 10
672.038956
 20
972.069859
 42
-0.053788
  0
VERTEX
  8
0
 10
668.537214
 20
972.985851
 42
0.032973
  0
VERTEX
  8
0
 10
667.063653
 20
973.437482
 42
0.155931
  0
VERTEX
  8
0
 10
666.193883
 20
973.369597
 42
0.156821
  0
VERTEX
  8
0
 10
665.527524
 20
972.810184
 42
0.033460
  0
VERTEX
  8
0
 10
664.800675
 20
971.461875
 42
-0.063448
  0
VERTEX
  8
0
 10
664.173471
 20
970.448574
 42
-0.043994
  0
VERTEX
  8
0
 10
663.235588
 20
969.479237
 42
-0.044195
  0
VERTEX
  8
0
 10
662.149633
 20
968.694704
 42
-0.066787
  0
VERTEX
  8
0
 10
661.078561
 20
968.236910
 42
-0.055480
  0
VERTEX
  8
0
 10
659.318202
 20
967.953375
 42
-0.003377
  0
VERTEX
  8
0
 10
653.982743
 20
967.728646
 42
-0.005004
  0
VERTEX
  8
0
 10
647.609533
 20
967.567166
 42
-0.003679
  0
VERTEX
  8
0
 10
640.543543
 20
967.510886
 42
0.000000
  0
VERTEX
  8
0
 10
622.587086
 20
967.500000
 42
0.000000
  0
VERTEX
  8
0
 10
620.542219
 20
970.528873
 42
0.019040
  0
VERTEX
  8
0
 10
619.266676
 20
972.271313
 42
0.133367
  0
VERTEX
  8
0
 10
618.426863
 20
972.890921
 42
0.173651
  0
VERTEX
  8
0
 10
617.499729
 20
972.915588
 42
0.037793
  0
VERTEX
  8
0
 10
615.998676
 20
972.293615
 42
-0.059609
  0
VERTEX
  8
0
 10
613.550873
 20
971.402052
 42
-0.053177
  0
VERTEX
  8
0
 10
610.864324
 20
971.067302
 42
-0.053014
  0
VERTEX
  8
0
 10
608.159296
 20
971.306563
 42
-0.058410
  0
VERTEX
  8
0
 10
605.656918
 20
972.110457
 42
-0.069872
  0
VERTEX
  8
0
 10
604.070465
 20
973.120719
 42
-0.063062
  0
VERTEX
  8
0
 10
602.759949
 20
974.560948
 42
-0.050533
  0
VERTEX
  8
0
 10
601.633955
 20
976.567641
 42
-0.024753
  0
VERTEX
  8
0
 10
600.597740
 20
979.313382
 42
0.063515
  0
VERTEX
  8
0
 10
600.295560
 20
979.958213
 42
0.098800
  0
VERTEX
  8
0
 10
599.873042
 20
980.400935
 42
0.130131
  0
VERTEX
  8
0
 10
599.401324
 20
980.574719
 42
0.163367
  0
VERTEX
  8
0
 10
598.950227
 20
980.469239
 42
-0.162103
  0
VERTEX
  8
0
 10
597.153891
 20
980.044535
 42
-0.107164
  0
VERTEX
  8
0
 10
595.112103
 20
980.682310
 42
-0.086585
  0
VERTEX
  8
0
 10
593.159455
 20
982.290661
 42
-0.066115
  0
VERTEX
  8
0
 10
591.646571
 20
984.614958
 42
0.006787
  0
VERTEX
  8
0
 10
590.454575
 20
987.029682
 42
0.166308
  0
VERTEX
  8
0
 10
589.925252
 20
987.542005
 42
0.337124
  0
VERTEX
  8
0
 10
589.383901
 20
987.426147
 42
0.024663
  0
VERTEX
  8
0
 10
588.389794
 20
986.146122
 42
-0.143900
  0
VERTEX
  8
0
 10
586.656878
 20
984.762049
 42
-0.063838
  0
VERTEX
  8
0
 10
583.802780
 20
984.000953
 42
-0.066103
  0
VERTEX
  8
0
 10
581.011603
 20
983.997921
 42
-0.225272
  0
VERTEX
  8
0
 10
579.525199
 20
984.959227
 42
-0.092458
  0
VERTEX
  8
0
 10
579.263473
 20
985.635654
 42
-0.006776
  0
VERTEX
  8
0
 10
578.922468
 20
987.607535
 42
-0.009263
  0
VERTEX
  8
0
 10
578.589042
 20
989.987992
 42
-0.006882
  0
VERTEX
  8
0
 10
578.305841
 20
992.627745
 42
-0.005093
  0
VERTEX
  8
0
 10
577.971805
 20
996.646682
 42
-0.063927
  0
VERTEX
  8
0
 10
578.055350
 20
998.165779
 42
-0.281031
  0
VERTEX
  8
0
 10
578.535188
 20
998.701365
 42
-0.166186
  0
VERTEX
  8
0
 10
579.421446
 20
998.668517
 42
0.014755
  0
VERTEX
  8
0
 10
580.152072
 20
998.412614
 42
0.014154
  0
VERTEX
  8
0
 10
580.906661
 20
998.196377
 42
0.014237
  0
VERTEX
  8
0
 10
581.582464
 20
998.043617
 42
0.048496
  0
SEQEND
  0
POLYLINE
  8
0
 66
1
 70
1
  0
VERTEX
  8
0
 10
720.000000
 20
990.428571
 42
-0.136573
  0
VERTEX
  8
0
 10
719.914185
 20
990.120258
 42
-0.020956
  0
VERTEX
  8
0
 10
719.559375
 20
989.584375
 42
-0.022100
  0
VERTEX
  8
0
 10
719.074343
 20
988.973333
 42
-0.017569
  0
VERTEX
  8
0
 10
718.500000
 20
988.357143
 42
-0.013004
  0
VERTEX
  8
0
 10
717.670373
 20
987.569583
 42
-0.169079
  0
VERTEX
  8
0
 10
717.283898
 20
987.406914
 42
-0.380616
  0
VERTEX
  8
0
 10
717.061251
 20
987.581130
 42
-0.044896
  0
VERTEX
  8
0
 10
717.000000
 20
988.261905
 42
-0.041824
  0
VERTEX
  8
0
 10
717.049166
 20
988.848654
 42
-0.036059
  0
VERTEX
  8
0
 10
717.195833
 20
989.449851
 42
-0.037689
  0
VERTEX
  8
0
 10
717.410799
 20
989.977740
 42
-0.081012
  0
VERTEX
  8
0
 10
717.666667
 20
990.333333
 42
-0.092993
  0
VERTEX
  8
0
 10
718.343055
 20
990.796021
 42
-0.093698
  0
VERTEX
  8
0
 10
719.139347
 20
990.980489
 42
-0.134464
  0
VERTEX
  8
0
 10
719.755088
 20
990.838568
 42
-0.275934
  0
SEQEND
  0
POLYLINE
  8
0
 66
1
 70
1
  0
VERTEX
  8
0
 10
568.000000
 20
981.940983
 42
-0.045552
  0
VERTEX
  8
0
 10
567.931736
 20
981.193244
 42
-0.099152
  0
VERTEX
  8
0
 10
567.719079
 20
980.660421
 42
-0.177225
  0
VERTEX
  8
0
 10
567.405148
 20
980.425420
 42
-0.214542
  0
VERTEX
  8
0
 10
567.043674
 20
980.473008
 42
-0.126981
  0
VERTEX
  8
0
 10
566.720854
 20
980.809536
 42
-0.081026
  0
VERTEX
  8
0
 10
566.533742
 20
981.321649
 42
-0.072258
  0
VERTEX
  8
0
 10
566.506898
 20
981.926665
 42
-0.066719
  0
VERTEX
  8
0
 10
566.650663
 20
982.532025
 42
-0.027681
  0
VERTEX
  8
0
 10
567.205874
 20
983.769457
 42
-0.395517
  0
VERTEX
  8
0
 10
567.622791
 20
983.917133
 42
-0.275668
  0
VERTEX
  8
0
 10
567.936989
 20
983.476999
 42
-0.020503
  0
SEQEND
  0
POLYLINE
  8
0
 66
1
 70
1
  0
VERTEX
  8
0
 10
595.964440
 20
978.000000
 42
-0.142588
  0
VERTEX
  8
0
 10
597.219530
 20
977.634651
 42
-0.103469
  0
VERTEX
  8
0
 10
598.267307
 20
976.613080
 42
-0.137170
  0
VERTEX
  8
0
 10
598.647441
 20
975.462989
 42
-0.283020
  0
VERTEX
  8
0
 10
598.206326
 20
974.665102
 42
-0.249022
  0
VERTEX
  8
0
 10
596.841337
 20
974.629555
 42
-0.034789
  0
VERTEX
  8
0
 10
594.323289
 20
976.110437
 42
-0.036996
  0
VERTEX
  8
0
 10
591.993205
 20
977.976019
 42
-0.158934
  0
VERTEX
  8
0
 10
591.142150
 20
979.510192
 42
-0.010796
  0
VERTEX
  8
0
 10
590.947261
 20
980.647943
 42
-0.420316
  0
VERTEX
  8
0
 10
591.087574
 20
980.833385
 42
-0.226617
  0
VERTEX
  8
0
 10
591.384754
 20
980.735417
 42
-0.005313
  0
VERTEX
  8
0
 10
592.463578
 20
979.679279
 42
0.047143
  0
VERTEX
  8
0
 10
593.240432
 20
979.036568
 42
0.037445
  0
VERTEX
  8
0
 10
594.184659
 20
978.493288
 42
0.038662
  0
VERTEX
  8
0
 10
595.145239
 20
978.120747
 42
0.073302
  0
SEQEND
  0
POLYLINE
  8
0
 66
1
 70
1
  0
VERTEX
  8
0
 10
706.269032
 20
978.344063
 42
-0.062780
  0
VERTEX
  8
0
 10
705.671085
 20
978.185595
 42
-0.030339
  0
VERTEX
  8
0
 10
704.880008
 20
978.127736
 42
-0.029507
  0
VERTEX
  8
0
 10
704.036634
 20
978.167106
 42
-0.037336
  0
VERTEX
  8
0
 10
703.269032
 20
978.307009
 42
-0.087174
  0
VERTEX
  8
0
 10
702.883358
 20
978.483340
 42
-0.597527
  0
VERTEX
  8
0
 10
702.900903
 20
978.643467
 42
-0.080377
  0
VERTEX
  8
0
 10
703.431793
 20
978.764444
 42
-0.012823
  0
VERTEX
  8
0
 10
704.500000
 20
978.805051
 42
-0.014395
  0
VERTEX
  8
0
 10
705.580113
 20
978.787295
 42
-0.052471
  0
VERTEX
  8
0
 10
706.257153
 20
978.684921
 42
-0.333666
  0
VERTEX
  8
0
 10
706.386009
 20
978.522870
 42
-0.313180
  0
SEQEND
  0
POLYLINE
  8
0
 66
1
 70
1
  0
VERTEX
  8
0
 10
694.000000
 20
972.000000
 42
-0.042167
  0
VERTEX
  8
0
 10
693.967655
 20
971.617151
 42
-0.061769
  0
VERTEX
  8
0
 10
693.870461
 20
971.293750
 42
-0.081139
  0
VERTEX
  8
0
 10
693.727648
 20
971.074460
 42
-0.210953
  0
VERTEX
  8
0
 10
693.559017
 20
971.000000
 42
-0.151918
  0
VERTEX
  8
0
 10
693.348290
 20
971.065539
 42
-0.038439
  0
VERTEX
  8
0
 10
693.066025
 20
971.293750
 42
-0.035638
  0
VERTEX
  8
0
 10
692.768994
 20
971.617226
 42
-0.029505
  0
VERTEX
  8
0
 10
692.500000
 20
972.000000
 42
-0.082592
  0
VERTEX
  8
0
 10
692.343488
 20
972.382100
 42
-0.161196
  0
VERTEX
  8
0
 10
692.374600
 20
972.706250
 42
-0.182303
  0
VERTEX
  8
0
 10
692.586039
 20
972.921712
 42
-0.108972
  0
VERTEX
  8
0
 10
692.940983
 20
973.000000
 42
-0.093332
  0
VERTEX
  8
0
 10
693.345238
 20
972.923877
 42
-0.096420
  0
VERTEX
  8
0
 10
693.688914
 20
972.706250
 42
-0.099167
  0
VERTEX
  8
0
 10
693.918938
 20
972.381556
 42
-0.105053
  0
SEQEND
  0
POLYLINE
  8
0
 66
1
 70
1
  0
VERTEX
  8
0
 10
696.740044
 20
969.547995
 42
-0.030048
  0
VERTEX
  8
0
 10
696.234515
 20
969.061346
 42
-0.047161
  0
VERTEX
  8
0
 10
695.741226
 20
968.715076
 42
-0.060376
  0
VERTEX
  8
0
 10
695.327880
 20
968.541687
 42
-0.266185
  0
VERTEX
  8
0
 10
695.081152
 20
968.603041
 42
0.287972
  0
VERTEX
  8
0
 10
694.808497
 20
968.659237
 42
0.037911
  0
VERTEX
  8
0
 10
694.247439
 20
968.399682
 42
0.034570
  0
VERTEX
  8
0
 10
693.563215
 20
967.953162
 42
0.022067
  0
VERTEX
  8
0
 10
692.831152
 20
967.347194
 42
-0.009992
  0
VERTEX
  8
0
 10
691.673098
 20
966.340522
 42
-0.244993
  0
VERTEX
  8
0
 10
691.270184
 20
966.252503
 42
-0.321778
  0
VERTEX
  8
0
 10
691.039331
 20
966.536394
 42
-0.015024
  0
VERTEX
  8
0
 10
691.000000
 20
967.845012
 42
-0.063967
  0
VERTEX
  8
0
 10
691.133201
 20
968.881916
 42
-0.152122
  0
VERTEX
  8
0
 10
691.540025
 20
969.534501
 42
-0.133789
  0
VERTEX
  8
0
 10
692.286403
 20
969.890835
 42
-0.044885
  0
VERTEX
  8
0
 10
693.500000
 20
970.000000
 42
0.040452
  0
VERTEX
  8
0
 10
694.457223
 20
970.077571
 42
0.059813
  0
VERTEX
  8
0
 10
695.265625
 20
970.311086
 42
0.078662
  0
VERTEX
  8
0
 10
695.815127
 20
970.653831
 42
0.217355
  0
VERTEX
  8
0
 10
696.000000
 20
971.059017
 42
-0.107500
  0
VERTEX
  8
0
 10
696.077347
 20
971.414612
 42
-0.181512
  0
VERTEX
  8
0
 10
696.290825
 20
971.627208
 42
-0.162381
  0
VERTEX
  8
0
 10
696.611800
 20
971.660145
 42
-0.083665
  0
VERTEX
  8
0
 10
696.990044
 20
971.506153
 42
-0.137642
  0
VERTEX
  8
0
 10
697.312685
 20
971.155387
 42
-0.150387
  0
VERTEX
  8
0
 10
697.391507
 20
970.700445
 42
-0.106413
  0
VERTEX
  8
0
 10
697.199066
 20
970.154708
 42
-0.048364
  0
SEQEND
  0
POLYLINE
  8
0
 66
1
 70
1
  0
VERTEX
  8
0
 10
678.000000
 20
968.000000
 42
-0.063828
  0
VERTEX
  8
0
 10
679.667387
 20
965.842321
 42
-0.196344
  0
VERTEX
  8
0
 10
679.924726
 20
964.050923
 42
-0.274098
  0
VERTEX
  8
0
 10
678.875864
 20
962.990956
 42
-0.104965
  0
VERTEX
  8
0
 10
676.722174
 20
962.890854
 42
0.192010
  0
VERTEX
  8
0
 10
676.376701
 20
962.814802
 42
0.063103
  0
VERTEX
  8
0
 10
675.978726
 20
962.464253
 42
0.052064
  0
VERTEX
  8
0
 10
675.593678
 20
961.923299
 42
0.038835
  0
VERTEX
  8
0
 10
675.283553
 20
961.259275
 42
-0.056501
  0
VERTEX
  8
0
 10
674.851808
 20
960.413905
 42
-0.018790
  0
VERTEX
  8
0
 10
674.039501
 20
959.282412
 42
-0.018434
  0
VERTEX
  8
0
 10
673.037963
 20
958.086280
 42
-0.019973
  0
VERTEX
  8
0
 10
671.976409
 20
957.000000
 42
0.011053
  0
VERTEX
  8
0
 10
670.932821
 20
955.969530
 42
0.012743
  0
VERTEX
  8
0
 10
669.985511
 20
954.940625
 42
0.011864
  0
VERTEX
  8
0
 10
669.229195
 20
954.033383
 42
0.069561
  0
VERTEX
  8
0
 10
668.915031
 20
953.500000
 42
-0.129821
  0
VERTEX
  8
0
 10
667.875200
 20
952.136687
 42
-0.020430
  0
VERTEX
  8
0
 10
665.105104
 20
950.158462
 42
-0.023646
  0
VERTEX
  8
0
 10
662.065161
 20
948.369075
 42
-0.059777
  0
VERTEX
  8
0
 10
659.672674
 20
947.453982
 42
0.075873
  0
VERTEX
  8
0
 10
657.941115
 20
946.727273
 42
0.110025
  0
VERTEX
  8
0
 10
656.752758
 20
945.579602
 42
0.173830
  0
VERTEX
  8
0
 10
656.463797
 20
944.395855
 42
0.232147
  0
VERTEX
  8
0
 10
657.043674
 20
943.473008
 42
-0.110775
  0
VERTEX
  8
0
 10
657.874530
 20
942.660514
 42
-0.274428
  0
VERTEX
  8
0
 10
657.907510
 20
941.841600
 42
-0.205776
  0
VERTEX
  8
0
 10
657.146352
 20
941.239200
 42
-0.074809
  0
VERTEX
  8
0
 10
655.750000
 20
941.078947
 42
-0.020908
  0
VERTEX
  8
0
 10
654.953487
 20
941.140307
 42
-0.102704
  0
VERTEX
  8
0
 10
654.528125
 20
941.282867
 42
-0.451325
  0
VERTEX
  8
0
 10
654.492009
 20
941.465905
 42
-0.134342
  0
VERTEX
  8
0
 10
654.750000
 20
941.662281
 42
0.058809
  0
VERTEX
  8
0
 10
655.228001
 20
941.924041
 42
0.058519
  0
VERTEX
  8
0
 10
655.632812
 20
942.290268
 42
0.064066
  0
VERTEX
  8
0
 10
655.907862
 20
942.700586
 42
0.116163
  0
VERTEX
  8
0
 10
656.000000
 20
943.091825
 42
0.428953
  0
VERTEX
  8
0
 10
655.243741
 20
943.811143
 42
0.011888
  0
VERTEX
  8
0
 10
650.238759
 20
943.440931
 42
0.015493
  0
VERTEX
  8
0
 10
645.290978
 20
942.801148
 42
0.161814
  0
VERTEX
  8
0
 10
643.500091
 20
941.867825
 42
0.392643
  0
VERTEX
  8
0
 10
643.492135
 20
941.493060
 42
0.194643
  0
VERTEX
  8
0
 10
643.955566
 20
941.263887
 42
0.045352
  0
VERTEX
  8
0
 10
645.258063
 20
941.284565
 42
0.009776
  0
VERTEX
  8
0
 10
647.497478
 20
941.568389
 42
-0.004865
  0
VERTEX
  8
0
 10
650.546556
 20
941.985298
 42
-0.093761
  0
VERTEX
  8
0
 10
651.496287
 20
941.927468
 42
-0.470336
  0
VERTEX
  8
0
 10
651.683588
 20
941.533439
 42
-0.064385
  0
VERTEX
  8
0
 10
651.125033
 20
940.650655
 42
0.015329
  0
VERTEX
  8
0
 10
650.435906
 20
939.766508
 42
0.150442
  0
VERTEX
  8
0
 10
650.283269
 20
939.324878
 42
0.349962
  0
VERTEX
  8
0
 10
650.466601
 20
939.078211
 42
0.064679
  0
VERTEX
  8
0
 10
651.068685
 20
939.000000
 42
-0.168348
  0
VERTEX
  8
0
 10
651.428044
 20
938.875476
 42
-0.339062
  0
VERTEX
  8
0
 10
651.498055
 20
938.601136
 42
-0.106225
  0
VERTEX
  8
0
 10
651.175024
 20
938.144402
 42
-0.024004
  0
VERTEX
  8
0
 10
650.441130
 20
937.531803
 42
-0.108549
  0
VERTEX
  8
0
 10
648.423423
 20
936.603240
 42
-0.034335
  0
VERTEX
  8
0
 10
645.124182
 20
936.116697
 42
-0.034465
  0
VERTEX
  8
0
 10
641.519278
 20
936.084721
 42
-0.050597
  0
VERTEX
  8
0
 10
638.392965
 20
936.592900
 42
-0.080579
  0
VERTEX
  8
0
 10
637.350209
 20
937.062396
 42
-0.137314
  0
VERTEX
  8
0
 10
636.728772
 20
937.779562
 42
-0.093382
  0
VERTEX
  8
0
 10
636.430583
 20
938.924126
 42
-0.024452
  0
VERTEX
  8
0
 10
636.392965
 20
940.829245
 42
0.018091
  0
VERTEX
  8
0
 10
636.378091
 20
942.945828
 42
0.135799
  0
VERTEX
  8
0
 10
636.072175
 20
943.890578
 42
0.204640
  0
VERTEX
  8
0
 10
635.386427
 20
944.343781
 42
0.049399
  0
VERTEX
  8
0
 10
634.000000
 20
944.457120
 42
-0.038352
  0
VERTEX
  8
0
 10
632.982381
 20
944.517756
 42
-0.038987
  0
VERTEX
  8
0
 10
631.991699
 20
944.733181
 42
-0.041964
  0
VERTEX
  8
0
 10
631.165508
 20
945.059281
 42
-0.110710
  0
VERTEX
  8
0
 10
630.673869
 20
945.457120
 42
0.063000
  0
VERTEX
  8
0
 10
630.276854
 20
945.845978
 42
0.203568
  0
VERTEX
  8
0
 10
629.926390
 20
945.934548
 42
0.199810
  0
VERTEX
  8
0
 10
629.614750
 20
945.744107
 42
0.060667
  0
VERTEX
  8
0
 10
629.340536
 20
945.250000
 42
-0.104685
  0
VERTEX
  8
0
 10
628.710755
 20
944.317645
 42
-0.222182
  0
VERTEX
  8
0
 10
627.905368
 20
944.041014
 42
-0.250343
  0
VERTEX
  8
0
 10
627.249674
 20
944.486728
 42
-0.121387
  0
VERTEX
  8
0
 10
627.000000
 20
945.500000
 42
0.096899
  0
VERTEX
  8
0
 10
626.887999
 20
946.072505
 42
0.097416
  0
VERTEX
  8
0
 10
626.568594
 20
946.559375
 42
0.098432
  0
VERTEX
  8
0
 10
626.091819
 20
946.885371
 42
0.101220
  0
VERTEX
  8
0
 10
625.531385
 20
947.000000
 42
0.093940
  0
VERTEX
  8
0
 10
624.933230
 20
946.886618
 42
0.193499
  0
VERTEX
  8
0
 10
624.592661
 20
946.564904
 42
0.148907
  0
VERTEX
  8
0
 10
624.518727
 20
946.024412
 42
0.050614
  0
VERTEX
  8
0
 10
624.725431
 20
945.250000
 42
-0.011007
  0
VERTEX
  8
0
 10
625.086523
 20
944.229096
 42
-0.541498
  0
VERTEX
  8
0
 10
624.974000
 20
944.088410
 42
-0.169065
  0
VERTEX
  8
0
 10
624.671905
 20
944.227462
 42
-0.003732
  0
VERTEX
  8
0
 10
623.504534
 20
945.368084
 42
0.037934
  0
VERTEX
  8
0
 10
622.580819
 20
946.154751
 42
0.021075
  0
VERTEX
  8
0
 10
621.348690
 20
946.975217
 42
0.020916
  0
VERTEX
  8
0
 10
620.024084
 20
947.704881
 42
0.031572
  0
VERTEX
  8
0
 10
618.810488
 20
948.215909
 42
-0.046041
  0
VERTEX
  8
0
 10
617.616543
 20
948.759790
 42
-0.072565
  0
VERTEX
  8
0
 10
616.731503
 20
949.452849
 42
-0.086800
  0
VERTEX
  8
0
 10
616.189156
 20
950.265644
 42
-0.104186
  0
VERTEX
  8
0
 10
616.000000
 20
951.163567
 42
0.073345
  0
VERTEX
  8
0
 10
615.686378
 20
953.290063
 42
0.067772
  0
VERTEX
  8
0
 10
614.769617
 20
955.298593
 42
0.069682
  0
VERTEX
  8
0
 10
613.379939
 20
956.939569
 42
0.086710
  0
VERTEX
  8
0
 10
611.684628
 20
957.993020
 42
-0.014861
  0
VERTEX
  8
0
 10
610.500935
 20
958.511338
 42
-0.553557
  0
VERTEX
  8
0
 10
610.472496
 20
958.752871
 42
-0.153490
  0
VERTEX
  8
0
 10
610.917995
 20
958.926823
 42
-0.004306
  0
VERTEX
  8
0
 10
613.000000
 20
959.049902
 42
-0.004932
  0
VERTEX
  8
0
 10
614.592067
 20
959.114532
 42
-0.002910
  0
VERTEX
  8
0
 10
616.494595
 20
959.161895
 42
-0.002911
  0
VERTEX
  8
0
 10
618.395400
 20
959.187079
 42
-0.004982
  0
VERTEX
  8
0
 10
619.981601
 20
959.183056
 42
0.021408
  0
VERTEX
  8
0
 10
621.389158
 20
959.225731
 42
0.023742
  0
VERTEX
  8
0
 10
622.739637
 20
959.389382
 42
0.024004
  0
VERTEX
  8
0
 10
623.867770
 20
959.636997
 42
0.101864
  0
VERTEX
  8
0
 10
624.481601
 20
959.946559
 42
-0.106110
  0
VERTEX
  8
0
 10
625.084864
 20
960.244460
 42
-0.027426
  0
VERTEX
  8
0
 10
626.155533
 20
960.453061
 42
-0.026643
  0
VERTEX
  8
0
 10
627.431113
 20
960.560861
 42
-0.024357
  0
VERTEX
  8
0
 10
628.750000
 20
960.537556
 42
0.027926
  0
VERTEX
  8
0
 10
629.995450
 20
960.524436
 42
0.045087
  0
VERTEX
  8
0
 10
631.045313
 20
960.667481
 42
0.057826
  0
VERTEX
  8
0
 10
631.778557
 20
960.927725
 42
0.285991
  0
VERTEX
  8
0
 10
632.000000
 20
961.283209
 42
-0.238102
  0
VERTEX
  8
0
 10
632.128818
 20
961.538384
 42
-0.202623
  0
VERTEX
  8
0
 10
632.425072
 20
961.609617
 42
-0.094552
  0
VERTEX
  8
0
 10
632.890997
 20
961.438268
 42
-0.037961
  0
VERTEX
  8
0
 10
633.447054
 20
961.043941
 42
0.069120
  0
VERTEX
  8
0
 10
634.167985
 20
960.597255
 42
0.038308
  0
VERTEX
  8
0
 10
635.145527
 20
960.251347
 42
0.037364
  0
VERTEX
  8
0
 10
636.209140
 20
960.048080
 42
0.049067
  0
VERTEX
  8
0
 10
637.197054
 20
960.032187
 42
-0.010536
  0
VERTEX
  8
0
 10
638.115479
 20
960.088188
 42
-0.013126
  0
VERTEX
  8
0
 10
638.970385
 20
960.099797
 42
-0.011411
  0
VERTEX
  8
0
 10
639.682366
 20
960.074517
 42
-0.091267
  0
VERTEX
  8
0
 10
640.000000
 20
959.996671
 42
0.074491
  0
VERTEX
  8
0
 10
641.393811
 20
959.605414
 42
0.023984
  0
VERTEX
  8
0
 10
643.540003
 20
959.439827
 42
0.015994
  0
VERTEX
  8
0
 10
645.636552
 20
959.445998
 42
0.404020
  0
VERTEX
  8
0
 10
646.000000
 20
959.822368
 42
-0.360808
  0
VERTEX
  8
0
 10
646.226281
 20
960.095122
 42
-0.016958
  0
VERTEX
  8
0
 10
647.495629
 20
960.289304
 42
-0.021406
  0
VERTEX
  8
0
 10
649.139458
 20
960.412959
 42
-0.012956
  0
VERTEX
  8
0
 10
651.091503
 20
960.425387
 42
0.038264
  0
VERTEX
  8
0
 10
654.584462
 20
960.624510
 42
0.092527
  0
VERTEX
  8
0
 10
657.031089
 20
961.429768
 42
0.134975
  0
VERTEX
  8
0
 10
658.470926
 20
962.828221
 42
0.133701
  0
VERTEX
  8
0
 10
659.000000
 20
964.771429
 42
-0.030252
  0
VERTEX
  8
0
 10
659.047606
 20
965.557529
 42
-0.283985
  0
VERTEX
  8
0
 10
659.250000
 20
965.810714
 42
-0.261097
  0
VERTEX
  8
0
 10
659.583065
 20
965.754307
 42
-0.026717
  0
VERTEX
  8
0
 10
660.200000
 20
965.200000
 42
0.055500
  0
VERTEX
  8
0
 10
660.773127
 20
964.741714
 42
0.039234
  0
VERTEX
  8
0
 10
661.502813
 20
964.356998
 42
0.039698
  0
VERTEX
  8
0
 10
662.268878
 20
964.096813
 42
0.064574
  0
VERTEX
  8
0
 10
662.950000
 20
964.015313
 42
0.012579
  0
VERTEX
  8
0
 10
663.838245
 20
964.046447
 42
0.382084
  0
VERTEX
  8
0
 10
663.982826
 20
964.192401
 42
0.259407
  0
VERTEX
  8
0
 10
663.873254
 20
964.415298
 42
0.008137
  0
VERTEX
  8
0
 10
663.000000
 20
965.000000
 42
-0.010223
  0
VERTEX
  8
0
 10
662.157251
 20
965.569384
 42
-0.295079
  0
VERTEX
  8
0
 10
662.064256
 20
965.800669
 42
-0.343021
  0
VERTEX
  8
0
 10
662.238528
 20
965.953006
 42
-0.012098
  0
VERTEX
  8
0
 10
663.190983
 20
965.984687
 42
-0.051836
  0
VERTEX
  8
0
 10
663.881924
 20
965.919181
 42
-0.048706
  0
VERTEX
  8
0
 10
664.559941
 20
965.712829
 42
-0.052310
  0
VERTEX
  8
0
 10
665.126348
 20
965.405382
 42
-0.104224
  0
VERTEX
  8
0
 10
665.476694
 20
965.037710
 42
0.298659
  0
VERTEX
  8
0
 10
666.613825
 20
964.506850
 42
0.092684
  0
VERTEX
  8
0
 10
668.488237
 20
965.145789
 42
0.089252
  0
VERTEX
  8
0
 10
670.049492
 20
966.438016
 42
0.273471
  0
VERTEX
  8
0
 10
670.269586
 20
967.739855
 42
-0.060087
  0
VERTEX
  8
0
 10
670.095478
 20
968.432168
 42
-0.306008
  0
VERTEX
  8
0
 10
670.265426
 20
968.768756
 42
-0.181524
  0
VERTEX
  8
0
 10
670.751296
 20
968.842271
 42
-0.024595
  0
VERTEX
  8
0
 10
671.764571
 20
968.574722
 42
0.051552
  0
VERTEX
  8
0
 10
672.602974
 20
968.400996
 42
0.060642
  0
VERTEX
  8
0
 10
673.413403
 20
968.417067
 42
0.070836
  0
VERTEX
  8
0
 10
674.076338
 20
968.609419
 42
0.149445
  0
VERTEX
  8
0
 10
674.474860
 20
968.959323
 42
-0.069191
  0
VERTEX
  8
0
 10
675.115117
 20
969.732337
 42
-0.257100
  0
VERTEX
  8
0
 10
675.708402
 20
969.876014
 42
-0.118693
  0
VERTEX
  8
0
 10
676.473819
 20
969.455891
 42
-0.011784
  0
SEQEND
  0
POLYLINE
  8
0
 66
1
 70
1
  0
VERTEX
  8
0
 10
651.000000
 20
963.606989
 42
-0.225200
  0
VERTEX
  8
0
 10
650.911231
 20
963.419896
 42
-0.029412
  0
VERTEX
  8
0
 10
650.544118
 20
963.154486
 42
-0.029555
  0
VERTEX
  8
0
 10
650.042538
 20
962.875192
 42
-0.020646
  0
VERTEX
  8
0
 10
649.448062
 20
962.618443
 42
-0.036408
  0
VERTEX
  8
0
 10
648.868281
 20
962.443138
 42
-0.155351
  0
VERTEX
  8
0
 10
648.512472
 20
962.474315
 42
-0.329480
  0
VERTEX
  8
0
 10
648.393111
 20
962.674071
 42
-0.114400
  0
VERTEX
  8
0
 10
648.507079
 20
963.011454
 42
-0.115814
  0
VERTEX
  8
0
 10
649.098109
 20
963.603931
 42
-0.080554
  0
VERTEX
  8
0
 10
649.973761
 20
963.969265
 42
-0.115534
  0
VERTEX
  8
0
 10
650.708846
 20
963.972535
 42
-0.349578
  0
SEQEND
  0
POLYLINE
  8
0
 66
1
 70
1
  0
VERTEX
  8
0
 10
634.729167
 20
938.395833
 42
-0.126455
  0
VERTEX
  8
0
 10
634.402231
 20
938.202593
 42
-0.060344
  0
VERTEX
  8
0
 10
633.916927
 20
938.123424
 42
-0.054150
  0
VERTEX
  8
0
 10
633.359369
 20
938.160852
 42
-0.051402
  0
VERTEX
  8
0
 10
632.812500
 20
938.316886
 42
-0.054073
  0
VERTEX
  8
0
 10
632.395823
 20
938.538436
 42
-0.470617
  0
VERTEX
  8
0
 10
632.378580
 20
938.720685
 42
-0.168741
  0
VERTEX
  8
0
 10
632.670344
 20
938.862007
 42
-0.018894
  0
VERTEX
  8
0
 10
633.416667
 20
938.921053
 42
-0.028489
  0
VERTEX
  8
0
 10
634.112848
 20
938.910055
 42
-0.077125
  0
VERTEX
  8
0
 10
634.592839
 20
938.799335
 42
-0.208169
  0
VERTEX
  8
0
 10
634.775380
 20
938.614691
 42
-0.296942
  0
SEQEND
  0
POLYLINE
  8
0
 66
1
 70
1
  0
VERTEX
  8
0
 10
710.000000
 20
981.000000
 42
0.099038
  0
VERTEX
  8
0
 10
710.076342
 20
980.618362
 42
0.097945
  0
VERTEX
  8
0
 10
710.293750
 20
980.293750
 42
0.097945
  0
VERTEX
  8
0
 10
710.618362
 20
980.076342
 42
0.099038
  0
VERTEX
  8
0
 10
711.000000
 20
980.000000
 42
0.099038
  0
VERTEX
  8
0
 10
711.381638
 20
980.076342
 42
0.097945
  0
VERTEX
  8
0
 10
711.706250
 20
980.293750
 42
0.097945
  0
VERTEX
  8
0
 10
711.923658
 20
980.618362
 42
0.099038
  0
VERTEX
  8
0
 10
712.000000
 20
981.000000
 42
0.099038
  0
VERTEX
  8
0
 10
711.923658
 20
981.381638
 42
0.097945
  0
VERTEX
  8
0
 10
711.706250
 20
981.706250
 42
0.097945
  0
VERTEX
  8
0
 10
711.381638
 20
981.923658
 42
0.099038
  0
VERTEX
  8
0
 10
711.000000
 20
982.000000
 42
0.099038
  0
VERTEX
  8
0
 10
710.618362
 20
981.923658
 42
0.097945
  0
VERTEX
  8
0
 10
710.293750
 20
981.706250
 42
0.097945
  0
VERTEX
  8
0
 10
710.076342
 20
981.381638
 42
0.099038
  0
SEQEND
  0
POLYLINE
  8
0
 66
1
 70
1
  0
VERTEX
  8
0
 10
705.500000
 20
975.000000
 42
0.093176
  0
VERTEX
  8
0
 10
705.298118
 20
974.476023
 42
0.077007
  0
VERTEX
  8
0
 10
705.281199
 20
973.876926
 42
0.076381
  0
VERTEX
  8
0
 10
705.446886
 20
973.296240
 42
0.088981
  0
VERTEX
  8
0
 10
705.774265
 20
972.825735
 42
0.069780
  0
VERTEX
  8
0
 10
706.257119
 20
972.461657
 42
0.153020
  0
VERTEX
  8
0
 10
706.705698
 20
972.369302
 42
0.156529
  0
VERTEX
  8
0
 10
707.119849
 20
972.549884
 42
0.074012
  0
VERTEX
  8
0
 10
707.500000
 20
973.000000
 42
0.093176
  0
VERTEX
  8
0
 10
707.701882
 20
973.523977
 42
0.077007
  0
VERTEX
  8
0
 10
707.718801
 20
974.123074
 42
0.076381
  0
VERTEX
  8
0
 10
707.553114
 20
974.703760
 42
0.088981
  0
VERTEX
  8
0
 10
707.225735
 20
975.174265
 42
0.069780
  0
VERTEX
  8
0
 10
706.742881
 20
975.538343
 42
0.153020
  0
VERTEX
  8
0
 10
706.294302
 20
975.630698
 42
0.156529
  0
VERTEX
  8
0
 10
705.880151
 20
975.450116
 42
0.074012
  0
SEQEND
  0
POLYLINE
  8
0
 66
1
 70
1
  0
VERTEX
  8
0
 10
730.458881
 20
891.933469
 42
0.055289
  0
VERTEX
  8
0
 10
730.246476
 20
891.485906
 42
0.063671
  0
VERTEX
  8
0
 10
730.150101
 20
891.023485
 42
0.073797
  0
VERTEX
  8
0
 10
730.178227
 20
890.616664
 42
0.143229
  0
VERTEX
  8
0
 10
730.333333
 20
890.333333
 42
0.245171
  0
VERTEX
  8
0
 10
731.010153
 20
890.120596
 42
0.099840
  0
VERTEX
  8
0
 10
731.935284
 20
890.485110
 42
0.089687
  0
VERTEX
  8
0
 10
732.724195
 20
891.224864
 42
0.161033
  0
VERTEX
  8
0
 10
733.000000
 20
892.059017
 42
0.206886
  0
VERTEX
  8
0
 10
732.714394
 20
892.719722
 42
0.203785
  0
VERTEX
  8
0
 10
732.034956
 20
892.969816
 42
0.139607
  0
VERTEX
  8
0
 10
731.163143
 20
892.674324
 42
0.103622
  0
SEQEND
  0
POLYLINE
  8
0
 66
1
 70
1
  0
VERTEX
  8
0
 10
727.500000
 20
889.000000
 42
0.029505
  0
VERTEX
  8
0
 10
727.768994
 20
888.617226
 42
0.035638
  0
VERTEX
  8
0
 10
728.066025
 20
888.293750
 42
0.038439
  0
VERTEX
  8
0
 10
728.348290
 20
888.065539
 42
0.151918
  0
VERTEX
  8
0
 10
728.559017
 20
888.000000
 42
0.210953
  0
VERTEX
  8
0
 10
728.727648
 20
888.074460
 42
0.081139
  0
VERTEX
  8
0
 10
728.870461
 20
888.293750
 42
0.061769
  0
VERTEX
  8
0
 10
728.967655
 20
888.617151
 42
0.042167
  0
VERTEX
  8
0
 10
729.000000
 20
889.000000
 42
0.105053
  0
VERTEX
  8
0
 10
728.918938
 20
889.381556
 42
0.099167
  0
VERTEX
  8
0
 10
728.688914
 20
889.706250
 42
0.096420
  0
VERTEX
  8
0
 10
728.345238
 20
889.923877
 42
0.093332
  0
VERTEX
  8
0
 10
727.940983
 20
890.000000
 42
0.108972
  0
VERTEX
  8
0
 10
727.586039
 20
889.921712
 42
0.182303
  0
VERTEX
  8
0
 10
727.374600
 20
889.706250
 42
0.161196
  0
VERTEX
  8
0
 10
727.343488
 20
889.382100
 42
0.082592
  0
SEQEND
  0
POLYLINE
  8
0
 66
1
 70
1
  0
VERTEX
  8
0
 10
709.525260
 20
875.913883
 42
-0.018731
  0
VERTEX
  8
0
 10
703.484514
 20
872.393008
 42
-0.007288
  0
VERTEX
  8
0
 10
694.886143
 20
867.963659
 42
-0.006535
  0
VERTEX
  8
0
 10
686.400812
 20
863.885277
 42
-0.032994
  0
VERTEX
  8
0
 10
681.500000
 20
861.990041
 42
0.010943
  0
VERTEX
  8
0
 10
679.886849
 20
861.446625
 42
0.011978
  0
VERTEX
  8
0
 10
678.347418
 20
860.848177
 42
0.011475
  0
VERTEX
  8
0
 10
677.058053
 20
860.275980
 42
0.056955
  0
VERTEX
  8
0
 10
676.384827
 20
859.859129
 42
-0.085210
  0
VERTEX
  8
0
 10
675.690319
 20
859.481354
 42
-0.016228
  0
VERTEX
  8
0
 10
674.309193
 20
859.060588
 42
-0.016887
  0
VERTEX
  8
0
 10
672.645310
 20
858.671886
 42
-0.014814
  0
VERTEX
  8
0
 10
670.884827
 20
858.376753
 42
0.015172
  0
VERTEX
  8
0
 10
669.061379
 20
858.069725
 42
0.013969
  0
VERTEX
  8
0
 10
667.208532
 20
857.645478
 42
0.014123
  0
VERTEX
  8
0
 10
665.578760
 20
857.174588
 42
0.044108
  0
VERTEX
  8
0
 10
664.527196
 20
856.732877
 42
-0.100245
  0
VERTEX
  8
0
 10
663.089828
 20
856.310191
 42
-0.006003
  0
VERTEX
  8
0
 10
658.564978
 20
855.973928
 42
-0.008669
  0
VERTEX
  8
0
 10
653.057902
 20
855.726856
 42
-0.005872
  0
VERTEX
  8
0
 10
646.777196
 20
855.627907
 42
0.002063
  0
VERTEX
  8
0
 10
636.739993
 20
855.546251
 42
0.029956
  0
VERTEX
  8
0
 10
633.198555
 20
855.290271
 42
0.118003
  0
VERTEX
  8
0
 10
631.602254
 20
854.676683
 42
0.247078
  0
VERTEX
  8
0
 10
631.000000
 20
853.532332
 42
0.103865
  0
VERTEX
  8
0
 10
631.223162
 20
852.469630
 42
0.187189
  0
VERTEX
  8
0
 10
631.842881
 20
851.848262
 42
0.087828
  0
VERTEX
  8
0
 10
633.105835
 20
851.537288
 42
0.012886
  0
VERTEX
  8
0
 10
635.750000
 20
851.430278
 42
-0.003316
  0
VERTEX
  8
0
 10
638.091207
 20
851.380379
 42
-0.001313
  0
VERTEX
  8
0
 10
641.307812
 20
851.282017
 42
-0.001300
  0
VERTEX
  8
0
 10
644.780614
 20
851.157651
 42
-0.001630
  0
VERTEX
  8
0
 10
648.000000
 20
851.023469
 42
0.018002
  0
VERTEX
  8
0
 10
654.103693
 20
850.969061
 42
0.029116
  0
VERTEX
  8
0
 10
659.276366
 20
851.411382
 42
0.029010
  0
VERTEX
  8
0
 10
663.126529
 20
852.197954
 42
0.336417
  0
VERTEX
  8
0
 10
664.015313
 20
853.337898
 42
-0.073652
  0
VERTEX
  8
0
 10
664.079445
 20
853.734752
 42
-0.390235
  0
VERTEX
  8
0
 10
664.254131
 20
853.834637
 42
-0.171729
  0
VERTEX
  8
0
 10
664.520302
 20
853.665961
 42
-0.025277
  0
VERTEX
  8
0
 10
664.894147
 20
853.137033
 42
0.299058
  0
VERTEX
  8
0
 10
666.966882
 20
852.199246
 42
0.025362
  0
VERTEX
  8
0
 10
672.979885
 20
853.462122
 42
0.025994
  0
VERTEX
  8
0
 10
678.703381
 20
855.293644
 42
0.414709
  0
VERTEX
  8
0
 10
679.460771
 20
856.976645
 42
-0.012363
  0
VERTEX
  8
0
 10
679.196791
 20
857.726135
 42
-0.330066
  0
VERTEX
  8
0
 10
679.260275
 20
857.915360
 42
-0.347855
  0
VERTEX
  8
0
 10
679.453982
 20
857.903716
 42
-0.012942
  0
VERTEX
  8
0
 10
680.022167
 20
857.368587
 42
0.211052
  0
VERTEX
  8
0
 10
681.861453
 20
856.665059
 42
0.074807
  0
VERTEX
  8
0
 10
684.685721
 20
857.237581
 42
0.076094
  0
VERTEX
  8
0
 10
687.172814
 20
858.600285
 42
0.233527
  0
VERTEX
  8
0
 10
688.000000
 20
860.274770
 42
-0.053815
  0
VERTEX
  8
0
 10
688.087237
 20
861.082954
 42
-0.146751
  0
VERTEX
  8
0
 10
688.363363
 20
861.580714
 42
-0.188871
  0
VERTEX
  8
0
 10
688.815165
 20
861.771497
 42
-0.098472
  0
VERTEX
  8
0
 10
689.426887
 20
861.666430
 42
0.104173
  0
VERTEX
  8
0
 10
690.061714
 20
861.564756
 42
0.069970
  0
VERTEX
  8
0
 10
690.785821
 20
861.702888
 42
0.066075
  0
VERTEX
  8
0
 10
691.485582
 20
862.049730
 42
0.071608
  0
VERTEX
  8
0
 10
692.049332
 20
862.559441
 42
-0.061938
  0
VERTEX
  8
0
 10
692.636063
 20
863.110829
 42
-0.044144
  0
VERTEX
  8
0
 10
693.409258
 20
863.576836
 42
-0.044579
  0
VERTEX
  8
0
 10
694.240427
 20
863.894517
 42
-0.069104
  0
VERTEX
  8
0
 10
695.000000
 20
864.000000
 42
0.071461
  0
VERTEX
  8
0
 10
695.763110
 20
864.109626
 42
0.044601
  0
VERTEX
  8
0
 10
696.605233
 20
864.440625
 42
0.043899
  0
VERTEX
  8
0
 10
697.394287
 20
864.925909
 42
0.059806
  0
VERTEX
  8
0
 10
698.000000
 20
865.500000
 42
-0.062724
  0
VERTEX
  8
0
 10
698.612883
 20
866.074159
 42
-0.044220
  0
VERTEX
  8
0
 10
699.423963
 20
866.559375
 42
-0.044557
  0
VERTEX
  8
0
 10
700.298126
 20
866.890094
 42
-0.068263
  0
VERTEX
  8
0
 10
701.099392
 20
867.000000
 42
0.101451
  0
VERTEX
  8
0
 10
701.920623
 20
867.168362
 42
0.049906
  0
VERTEX
  8
0
 10
702.858472
 20
867.685776
 42
0.046644
  0
VERTEX
  8
0
 10
703.760976
 20
868.441481
 42
0.050151
  0
VERTEX
  8
0
 10
704.483554
 20
869.334556
 42
-0.042456
  0
VERTEX
  8
0
 10
705.265124
 20
870.331471
 42
-0.024304
  0
VERTEX
  8
0
 10
706.360823
 20
871.399123
 42
-0.024137
  0
VERTEX
  8
0
 10
707.575655
 20
872.372643
 42
-0.036624
  0
VERTEX
  8
0
 10
708.726224
 20
873.084556
 42
0.034553
  0
VERTEX
  8
0
 10
710.966659
 20
874.458034
 42
0.029729
  0
VERTEX
  8
0
 10
713.118211
 20
876.192475
 42
0.024201
  0
VERTEX
  8
0
 10
714.778946
 20
877.856220
 42
0.399847
  0
VERTEX
  8
0
 10
714.761298
 20
878.572035
 42
0.315167
  0
VERTEX
  8
0
 10
714.435482
 20
878.629566
 42
0.008477
  0
VERTEX
  8
0
 10
713.055998
 20
877.958417
 42
0.014692
  0
VERTEX
  8
0
 10
711.406291
 20
877.059014
 42
0.009163
  0
SEQEND
  0
POLYLINE
  8
0
 66
1
 70
1
  0
VERTEX
  8
0
 10
648.000000
 20
853.000000
 42
-0.092995
  0
VERTEX
  8
0
 10
647.928382
 20
852.618268
 42
-0.096318
  0
VERTEX
  8
0
 10
647.723586
 20
852.293750
 42
-0.099231
  0
VERTEX
  8
0
 10
647.418051
 20
852.076556
 42
-0.105429
  0
VERTEX
  8
0
 10
647.059017
 20
852.000000
 42
-0.089642
  0
VERTEX
  8
0
 10
646.653442
 20
852.073302
 42
-0.053229
  0
VERTEX
  8
0
 10
646.212900
 20
852.293750
 42
-0.051032
  0
VERTEX
  8
0
 10
645.806203
 20
852.617485
 42
-0.060810
  0
VERTEX
  8
0
 10
645.500000
 20
853.000000
 42
-0.139169
  0
VERTEX
  8
0
 10
645.392057
 20
853.379648
 42
-0.191142
  0
VERTEX
  8
0
 10
645.521475
 20
853.706250
 42
-0.138808
  0
VERTEX
  8
0
 10
645.889346
 20
853.926733
 42
-0.066118
  0
VERTEX
  8
0
 10
646.440983
 20
854.000000
 42
-0.062283
  0
VERTEX
  8
0
 10
647.037096
 20
853.925455
 42
-0.080552
  0
VERTEX
  8
0
 10
647.542039
 20
853.706250
 42
-0.097988
  0
VERTEX
  8
0
 10
647.879982
 20
853.381379
 42
-0.153634
  0
SEQEND
  0
POLYLINE
  8
0
 66
1
 70
1
  0
VERTEX
  8
0
 10
624.000000
 20
855.769957
 42
0.167541
  0
VERTEX
  8
0
 10
624.185698
 20
855.231328
 42
0.106076
  0
VERTEX
  8
0
 10
624.700734
 20
854.801523
 42
0.078580
  0
VERTEX
  8
0
 10
625.501294
 20
854.529782
 42
0.047274
  0
VERTEX
  8
0
 10
626.503663
 20
854.453534
 42
0.063713
  0
VERTEX
  8
0
 10
628.375669
 20
854.728443
 42
0.333090
  0
VERTEX
  8
0
 10
628.971373
 20
855.504505
 42
0.312994
  0
VERTEX
  8
0
 10
628.402321
 20
856.345159
 42
0.061250
  0
VERTEX
  8
0
 10
626.531089
 20
856.816422
 42
0.038795
  0
VERTEX
  8
0
 10
625.447303
 20
856.867200
 42
0.090574
  0
VERTEX
  8
0
 10
624.656245
 20
856.697443
 42
0.138631
  0
VERTEX
  8
0
 10
624.178931
 20
856.321191
 42
0.158237
  0
SEQEND
  0
POLYLINE
  8
0
 66
1
 70
1
  0
VERTEX
  8
0
 10
624.078947
 20
851.416667
 42
0.018894
  0
VERTEX
  8
0
 10
624.137993
 20
850.670344
 42
0.168741
  0
VERTEX
  8
0
 10
624.279315
 20
850.378580
 42
0.470617
  0
VERTEX
  8
0
 10
624.461564
 20
850.395823
 42
0.054073
  0
VERTEX
  8
0
 10
624.683114
 20
850.812500
 42
0.051402
  0
VERTEX
  8
0
 10
624.839148
 20
851.359369
 42
0.054150
  0
VERTEX
  8
0
 10
624.876576
 20
851.916927
 42
0.060344
  0
VERTEX
  8
0
 10
624.797407
 20
852.402231
 42
0.126455
  0
VERTEX
  8
0
 10
624.604167
 20
852.729167
 42
0.296942
  0
VERTEX
  8
0
 10
624.385309
 20
852.775380
 42
0.208169
  0
VERTEX
  8
0
 10
624.200665
 20
852.592839
 42
0.077125
  0
VERTEX
  8
0
 10
624.089945
 20
852.112848
 42
0.028489
  0
SEQEND
  0
POLYLINE
  8
0
 66
1
 70
1
  0
VERTEX
  8
0
 10
627.000000
 20
851.500000
 42
0.064853
  0
VERTEX
  8
0
 10
627.074694
 20
850.926543
 42
0.082425
  0
VERTEX
  8
0
 10
627.293750
 20
850.440625
 42
0.098894
  0
VERTEX
  8
0
 10
627.618646
 20
850.115568
 42
0.148195
  0
VERTEX
  8
0
 10
628.000000
 20
850.000000
 42
0.148195
  0
VERTEX
  8
0
 10
628.381354
 20
850.115568
 42
0.098894
  0
VERTEX
  8
0
 10
628.706250
 20
850.440625
 42
0.082425
  0
VERTEX
  8
0
 10
628.925306
 20
850.926543
 42
0.064853
  0
VERTEX
  8
0
 10
629.000000
 20
851.500000
 42
0.064853
  0
VERTEX
  8
0
 10
628.925306
 20
852.073457
 42
0.082425
  0
VERTEX
  8
0
 10
628.706250
 20
852.559375
 42
0.098894
  0
VERTEX
  8
0
 10
628.381354
 20
852.884432
 42
0.148195
  0
VERTEX
  8
0
 10
628.000000
 20
853.000000
 42
0.148195
  0
VERTEX
  8
0
 10
627.618646
 20
852.884432
 42
0.098894
  0
VERTEX
  8
0
 10
627.293750
 20
852.559375
 42
0.082425
  0
VERTEX
  8
0
 10
627.074694
 20
852.073457
 42
0.064853
  0
SEQEND
  0
POLYLINE
  8
0
 66
1
 70
1
  0
VERTEX
  8
0
 10
494.000000
 20
732.059017
 42
0.040387
  0
VERTEX
  8
0
 10
494.063247
 20
731.277279
 42
0.043030
  0
VERTEX
  8
0
 10
494.251316
 20
730.532876
 42
0.047181
  0
VERTEX
  8
0
 10
494.526876
 20
729.928471
 42
0.124427
  0
VERTEX
  8
0
 10
494.855543
 20
729.589279
 42
0.332306
  0
VERTEX
  8
0
 10
495.134463
 20
729.613909
 42
0.162929
  0
VERTEX
  8
0
 10
495.321085
 20
729.941332
 42
0.068119
  0
VERTEX
  8
0
 10
495.361032
 20
730.617574
 42
0.027972
  0
VERTEX
  8
0
 10
495.238966
 20
731.530262
 42
0.014177
  0
VERTEX
  8
0
 10
494.818215
 20
733.436550
 42
0.234629
  0
VERTEX
  8
0
 10
494.407977
 20
733.917219
 42
0.511066
  0
VERTEX
  8
0
 10
494.069808
 20
733.713796
 42
0.021083
  0
SEQEND
  0
POLYLINE
  8
0
 66
1
 70
1
  0
VERTEX
  8
0
 10
658.000000
 20
719.500000
 42
0.035768
  0
VERTEX
  8
0
 10
658.550187
 20
718.926013
 42
0.036518
  0
VERTEX
  8
0
 10
659.172953
 20
718.440625
 42
0.039072
  0
VERTEX
  8
0
 10
659.774419
 20
718.103440
 42
0.108636
  0
VERTEX
  8
0
 10
660.244889
 20
718.000000
 42
0.231849
  0
VERTEX
  8
0
 10
660.514808
 20
718.132271
 42
0.208269
  0
VERTEX
  8
0
 10
660.592042
 20
718.436222
 42
0.095981
  0
VERTEX
  8
0
 10
660.414547
 20
718.917672
 42
0.037052
  0
VERTEX
  8
0
 10
660.000000
 20
719.500000
 42
0.035768
  0
VERTEX
  8
0
 10
659.449813
 20
720.073987
 42
0.036518
  0
VERTEX
  8
0
 10
658.827047
 20
720.559375
 42
0.039072
  0
VERTEX
  8
0
 10
658.225581
 20
720.896560
 42
0.108636
  0
VERTEX
  8
0
 10
657.755111
 20
721.000000
 42
0.231849
  0
VERTEX
  8
0
 10
657.485192
 20
720.867729
 42
0.208269
  0
VERTEX
  8
0
 10
657.407958
 20
720.563778
 42
0.095981
  0
VERTEX
  8
0
 10
657.585453
 20
720.082328
 42
0.037052
  0
SEQEND
  0
POLYLINE
  8
0
 66
1
 70
1
  0
VERTEX
  8
0
 10
498.015313
 20
719.309017
 42
0.074451
  0
VERTEX
  8
0
 10
498.084762
 20
718.898416
 42
0.021733
  0
VERTEX
  8
0
 10
498.310881
 20
718.297024
 42
0.021318
  0
VERTEX
  8
0
 10
498.627837
 20
717.633658
 42
0.021347
  0
VERTEX
  8
0
 10
499.000000
 20
717.000000
 42
0.010223
  0
VERTEX
  8
0
 10
499.569384
 20
716.157251
 42
0.295079
  0
VERTEX
  8
0
 10
499.800669
 20
716.064256
 42
0.343021
  0
VERTEX
  8
0
 10
499.953006
 20
716.238528
 42
0.012098
  0
VERTEX
  8
0
 10
499.984687
 20
717.190983
 42
0.053738
  0
VERTEX
  8
0
 10
499.916365
 20
717.883651
 42
0.049393
  0
VERTEX
  8
0
 10
499.701752
 20
718.566787
 42
0.052761
  0
VERTEX
  8
0
 10
499.382022
 20
719.140373
 42
0.101161
  0
VERTEX
  8
0
 10
499.000000
 20
719.500000
 42
0.058538
  0
VERTEX
  8
0
 10
498.617853
 20
719.678337
 42
0.128516
  0
VERTEX
  8
0
 10
498.298248
 20
719.698838
 42
0.195945
  0
VERTEX
  8
0
 10
498.092401
 20
719.564397
 42
0.157323
  0
SEQEND
  0
POLYLINE
  8
0
 66
1
 70
1
  0
VERTEX
  8
0
 10
727.210573
 20
1346.600859
 42
0.023968
  0
VERTEX
  8
0
 10
727.730077
 20
1346.088723
 42
0.038420
  0
VERTEX
  8
0
 10
728.224083
 20
1345.710420
 42
0.045304
  0
VERTEX
  8
0
 10
728.632938
 20
1345.494344
 42
0.297152
  0
VERTEX
  8
0
 10
728.850136
 20
1345.534328
 42
0.301864
  0
VERTEX
  8
0
 10
728.981063
 20
1346.107085
 42
0.076948
  0
VERTEX
  8
0
 10
728.487692
 20
1346.978461
 42
0.069007
  0
VERTEX
  8
0
 10
727.687482
 20
1347.745464
 42
0.157897
  0
VERTEX
  8
0
 10
726.901556
 20
1348.000000
 42
0.236389
  0
VERTEX
  8
0
 10
726.649322
 20
1347.873691
 42
0.218285
  0
VERTEX
  8
0
 10
726.587911
 20
1347.589002
 42
0.095760
  0
VERTEX
  8
0
 10
726.782662
 20
1347.138842
 42
0.036357
  0
SEQEND
  0
POLYLINE
  8
0
 66
1
 70
1
  0
VERTEX
  8
0
 10
423.564293
 20
1130.293128
 42
0.008399
  0
VERTEX
  8
0
 10
423.218210
 20
1129.336218
 42
0.286372
  0
VERTEX
  8
0
 10
423.270328
 20
1129.111181
 42
0.400052
  0
VERTEX
  8
0
 10
423.463552
 20
1129.106486
 42
0.011214
  0
VERTEX
  8
0
 10
424.124088
 20
1129.733333
 42
0.043285
  0
VERTEX
  8
0
 10
424.558688
 20
1130.246577
 42
0.063152
  0
VERTEX
  8
0
 10
424.837219
 20
1130.768815
 42
0.082976
  0
VERTEX
  8
0
 10
424.927901
 20
1131.220211
 42
0.207420
  0
VERTEX
  8
0
 10
424.806872
 20
1131.526461
 42
0.278911
  0
VERTEX
  8
0
 10
424.538684
 20
1131.592490
 42
0.120343
  0
VERTEX
  8
0
 10
424.210949
 20
1131.395085
 42
0.070189
  0
VERTEX
  8
0
 10
423.866277
 20
1130.940734
 42
0.036269
  0
SEQEND
  0
POLYLINE
  8
0
 66
1
 70
1
  0
VERTEX
  8
0
 10
670.000000
 20
674.000000
 42
0.099038
  0
VERTEX
  8
0
 10
670.076342
 20
673.618362
 42
0.097945
  0
VERTEX
  8
0
 10
670.293750
 20
673.293750
 42
0.097945
  0
VERTEX
  8
0
 10
670.618362
 20
673.076342
 42
0.099038
  0
VERTEX
  8
0
 10
671.000000
 20
673.000000
 42
0.099038
  0
VERTEX
  8
0
 10
671.381638
 20
673.076342
 42
0.097945
  0
VERTEX
  8
0
 10
671.706250
 20
673.293750
 42
0.097945
  0
VERTEX
  8
0
 10
671.923658
 20
673.618362
 42
0.099038
  0
VERTEX
  8
0
 10
672.000000
 20
674.000000
 42
0.099038
  0
VERTEX
  8
0
 10
671.923658
 20
674.381638
 42
0.097945
  0
VERTEX
  8
0
 10
671.706250
 20
674.706250
 42
0.097945
  0
VERTEX
  8
0
 10
671.381638
 20
674.923658
 42
0.099038
  0
VERTEX
  8
0
 10
671.000000
 20
675.000000
 42
0.099038
  0
VERTEX
  8
0
 10
670.618362
 20
674.923658
 42
0.097945
  0
VERTEX
  8
0
 10
670.293750
 20
674.706250
 42
0.097945
  0
VERTEX
  8
0
 10
670.076342
 20
674.381638
 42
0.099038
  0
SEQEND
  0
POLYLINE
  8
0
 66
1
 70
1
  0
VERTEX
  8
0
 10
625.010081
 20
481.107615
 42
0.028325
  0
VERTEX
  8
0
 10
624.028434
 20
480.773462
 42
0.106333
  0
VERTEX
  8
0
 10
623.493134
 20
480.409908
 42
0.269398
  0
VERTEX
  8
0
 10
623.406149
 20
480.048230
 42
0.183763
  0
VERTEX
  8
0
 10
623.669839
 20
479.704051
 42
0.140417
  0
VERTEX
  8
0
 10
624.851048
 20
479.371329
 42
0.077373
  0
VERTEX
  8
0
 10
626.344450
 20
479.610621
 42
0.084355
  0
VERTEX
  8
0
 10
627.577487
 20
480.255113
 42
0.234368
  0
VERTEX
  8
0
 10
628.000000
 20
481.106989
 42
0.026638
  0
VERTEX
  8
0
 10
627.982118
 20
481.442404
 42
0.049729
  0
VERTEX
  8
0
 10
627.926563
 20
481.708397
 42
0.077367
  0
VERTEX
  8
0
 10
627.845599
 20
481.871934
 42
0.347020
  0
VERTEX
  8
0
 10
627.750000
 20
481.900320
 42
-0.023658
  0
VERTEX
  8
0
 10
627.569344
 20
481.838017
 42
-0.000790
  0
VERTEX
  8
0
 10
626.842024
 20
481.626345
 42
-0.001498
  0
VERTEX
  8
0
 10
625.982216
 20
481.380378
 42
-0.001043
  0
SEQEND
  0
POLYLINE
  8
0
 66
1
 70
1
  0
VERTEX
  8
0
 10
613.500000
 20
271.000000
 42
0.128561
  0
VERTEX
  8
0
 10
613.903211
 20
270.615613
 42
0.046040
  0
VERTEX
  8
0
 10
614.636189
 20
270.293750
 42
0.041947
  0
VERTEX
  8
0
 10
615.542916
 20
270.073871
 42
0.038534
  0
VERTEX
  8
0
 10
616.500000
 20
270.000000
 42
0.038534
  0
VERTEX
  8
0
 10
617.457084
 20
270.073871
 42
0.041947
  0
VERTEX
  8
0
 10
618.363811
 20
270.293750
 42
0.046040
  0
VERTEX
  8
0
 10
619.096789
 20
270.615613
 42
0.128561
  0
VERTEX
  8
0
 10
619.500000
 20
271.000000
 42
0.340586
  0
VERTEX
  8
0
 10
619.458863
 20
271.398153
 42
0.123006
  0
VERTEX
  8
0
 10
618.947214
 20
271.723607
 42
0.057972
  0
VERTEX
  8
0
 10
617.933544
 20
271.935360
 42
0.022534
  0
VERTEX
  8
0
 10
616.500000
 20
272.000000
 42
0.022534
  0
VERTEX
  8
0
 10
615.066456
 20
271.935360
 42
0.057972
  0
VERTEX
  8
0
 10
614.052786
 20
271.723607
 42
0.123006
  0
VERTEX
  8
0
 10
613.541137
 20
271.398153
 42
0.340586
  0
SEQEND
  0
POLYLINE
  8
0
 66
1
 70
1
  0
VERTEX
  8
0
 10
653.000000
 20
946.000000
 42
0.153634
  0
VERTEX
  8
0
 10
653.120018
 20
945.618621
 42
0.097988
  0
VERTEX
  8
0
 10
653.457961
 20
945.293750
 42
0.080552
  0
VERTEX
  8
0
 10
653.962904
 20
945.074545
 42
0.062283
  0
VERTEX
  8
0
 10
654.559017
 20
945.000000
 42
0.066118
  0
VERTEX
  8
0
 10
655.110654
 20
945.073267
 42
0.138808
  0
VERTEX
  8
0
 10
655.478525
 20
945.293750
 42
0.191142
  0
VERTEX
  8
0
 10
655.607943
 20
945.620352
 42
0.139169
  0
VERTEX
  8
0
 10
655.500000
 20
946.000000
 42
0.060810
  0
VERTEX
  8
0
 10
655.193797
 20
946.382515
 42
0.051032
  0
VERTEX
  8
0
 10
654.787100
 20
946.706250
 42
0.053229
  0
VERTEX
  8
0
 10
654.346558
 20
946.926698
 42
0.089642
  0
VERTEX
  8
0
 10
653.940983
 20
947.000000
 42
0.105429
  0
VERTEX
  8
0
 10
653.581949
 20
946.923444
 42
0.099231
  0
VERTEX
  8
0
 10
653.276414
 20
946.706250
 42
0.096318
  0
VERTEX
  8
0
 10
653.071618
 20
946.381732
 42
0.092995
  0
SEQEND
  0
POLYLINE
  8
0
 66
1
 70
1
  0
VERTEX
  8
0
 10
639.000000
 20
942.440983
 42
0.067432
  0
VERTEX
  8
0
 10
639.074611
 20
941.890269
 42
0.140899
  0
VERTEX
  8
0
 10
639.298542
 20
941.524436
 42
0.190788
  0
VERTEX
  8
0
 10
639.630360
 20
941.397824
 42
0.136093
  0
VERTEX
  8
0
 10
640.016312
 20
941.510081
 42
0.090427
  0
VERTEX
  8
0
 10
640.360589
 20
941.820631
 42
0.095498
  0
VERTEX
  8
0
 10
640.565079
 20
942.227140
 42
0.099685
  0
VERTEX
  8
0
 10
640.598899
 20
942.665803
 42
0.108373
  0
VERTEX
  8
0
 10
640.457295
 20
943.069098
 42
0.050477
  0
VERTEX
  8
0
 10
639.866860
 20
943.838655
 42
0.315493
  0
VERTEX
  8
0
 10
639.407182
 20
943.933879
 42
0.257010
  0
VERTEX
  8
0
 10
639.085158
 20
943.519563
 42
0.039415
  0
SEQEND
  0
ENDSEC
  0
EOF
